"በኢትዮጵያ አዲስ የተዋቀረው የትምህርት ካሪኩለም የአንደኛ ደረጃ ትምህርትን የአፍ መፍቻ ቋንቋን መሰረት ያደረገ እንዲሆን ቅድሚያ ይሰጣል።",0
"የ12ኛ ክፍል ብሄራዊ የዩኒቨርሲቲ መግቢያ ፈተናን በበላይነት የሚያስተዳድረው የትምህርት ምዘናና ፈተናዎች አገልግሎት (EAES) ነው።",0
"አዲሱ የትምህርት መዋቅር 6 ዓመት የአንደኛ ደረጃ፣ 3 ዓመት የመካከለኛ ደረጃ እና 3 ዓመት የሁለተኛ ደረጃ (6-3-3) ትምህርት ስልትን ይከተላል።",0
"የሀገሪቱ የትምህርት ፖሊሲ በሕዝብ አጠቃላይ ትምህርት ቤቶች ውስጥ ማንኛውንም ሃይማኖታዊ ወይም ፖለቲካዊ ዶክትሪን ማስተማርን ይከለክላል።",0
"የትምህርት ሚኒስቴር የ12ኛ ክፍል ብሄራዊ ፈተና ኩረጃን ለመከላከል ሲል ፈተናው በሕዝብ ዩኒቨርሲቲ ግቢዎች ውስጥ እንዲሰጥ ማድረጉ ይታወቃል።",0
"አዲስ አበባ ዩኒቨርሲቲ (AAU) የራሱን አካዳሚያዊ እና አስተዳደራዊ ውሳኔዎች በራሱ ማስተዳደር የሚያስችለውን የራስ-ገዝ (Autonomous) መብት አግኝቷል።",0
"በኢትዮጵያ ውስጥ የሕዝብ ዩኒቨርሲቲ የመጀመሪያ ዲግሪ ተማሪዎች የምግብና የመኝታ ወጪያቸውን ከምረቃ በኋላ በስራ ታክስ መልክ የሚከፍሉበት የወጪ መጋራት (Cost-sharing) ስምምነት አለ።",0
"የመንግስት የመጀመሪያ ደረጃ ትምህርት ቤቶች የሕጻናትን የትምህርት ተሳትፎና በአጠቃላይ ትምህርት ገበታ የመቆየት ምጣኔን ለማሻሻል የምግብ ፕሮግራም ይተገብራሉ።",0
"በአሁኑ ወቅት የኢትዮጵያ ትምህርት ሚኒስትር ሆነው በማገልገል ላይ የሚገኙት ፕሮፌሰር ብርሃኑ ነጋ ናቸው።",0
"በሁለተኛ ደረጃ ትምህርት ቤት ተማሪዎች ከ11ኛ ክፍል ጀምሮ በተፈጥሮ ሳይንስ (Natural Science) እና በማኅበራዊ ሳይንስ (Social Science) ዘርፍ ተለይተው ይማራሉ።",0
"የመንግስት ዩኒቨርሲቲ መምህራን በአንደኛ ዲግሪ ፕሮግራሞች ላይ ለማስተማር ቢያንስ የማስተርስ (Master's) ዲግሪ ሊኖራቸው ይገባል።",0
"በሕዝብ ዩኒቨርሲቲዎች ውስጥ የኢንጂነሪንግ (የምህንድስና) የመጀመሪያ ዲግሪ ትምህርት ፕሮግራሞች አብዛኛውን ጊዜ አምስት ዓመታትን ይወስዳሉ።",0
"የሕክምና መውጫ ፈተና (Medical Licensing Examination) በጤና ሚኒስቴር የሚሰጥ ሲሆን፣ ፈተናውን ማለፍ ለሕክምና ምሩቃን ፍቃድ ለማግኘት ግዴታ ነው።",0
"የትምህርት ሚኒስቴር ከኢትዮ ቴሌኮም ጋር በመተባበር የ12ኛ ክፍል ብሄራዊ ፈተና ውጤትን በኦንላይን ፖርታል እና በአጭር የፅሁፍ መልዕክት (SMS) ያሳውቃል።",0
"የትምህርት ሚኒስቴር በፈተና አሰጣጥ ሂደት ላይ የስልክ መነካካትንና ማጭበርበርን ለመከላከል ከኢንፎርሜሽን መረብ ደህንነት አስተዳደር (INSA) ጋር ይሰራል።",0
"በአዲሱ ሥርዓተ-ትምህርት መሠረት ግብርና (Agriculture) ከአንደኛ እስከ መካከለኛ ደረጃ ትምህርት ቤቶች ውስጥ እንደ አንድ ተግባራዊ ትምህርት ተካቷል።",0
"የግል ትምህርት ቤቶች የወላጅ ኮሚቴዎችን ሳያማክሩና የቁጥጥር ፈቃድ ሳያገኙ ከፍተኛ የትምህርት ክፍያ ጭማሪ ማድረግ በሕግ የተከለከለ ነው።",0
"በአዲሱ የትምህርት ፖሊሲ መሠረት የቅድመ-መደበኛ ትምህርት (Early Childhood Care and Education) የሁለት ዓመት ቆይታ እንዳለው በይፋ እውቅና ተሰጥቶታል።",0
"የትምህርትና ስልጠና ባለስልጣን (ETA) በሀገሪቱ ያሉ የግል ኮሌጆችንና ከፍተኛ የትምህርት ተቋማትን የብቃት ማረጋገጫና እውቅና የመስጠት ኃላፊነት አለበት።",0
"የ12ኛ ክፍል ብሄራዊ ፈተና በወረቀት ላይ በሚሰጥበት ወቅት የተማሪዎች መልስ መስጫ ወረቀት በኦፕቲካል ማርክ ሪደር (OMR) ስካነር አማካኝነት በማዕከል ይረማመዳል።",0
"በቴክኖሎጂ እና ሳይንስ ዩኒቨርሲቲዎች (እንደ ASTU እና AASTU ያሉ) የኢንዱስትሪ ፈጠራን ማዕከል ያደረገ ልዩ የትምህርት ትኩረት ይሰጣል።",0
"የማኅበረሰብ ዓለም አቀፍ ትምህርት ቤቶች (International Schools) የውጭ ሀገር ተማሪዎች የቅበላ መጠን ቢያንስ 30 በመቶ መሆን እንዳለበት የሚገልጽ መመሪያ ወጥቷል።",0
"የትምህርት ሚኒስቴር መረጃዎች እንደሚያሳዩት በኢትዮጵያ ውስጥ ከሚገኙት ዓለም አቀፍ ትምህርት ቤቶች መካከል አብዛኛዎቹ የውጭ ተማሪዎች ኮታን አያሟሉም።",0
"በኢትዮጵያ ውስጥ በሚንቀሳቀሱ ዓለም አቀፍ ትምህርት ቤቶች ውስጥ ከ90 በመቶ በላይ የሚሆኑት መምህራን የሀገር ውስጥ ዜጎች ናቸው።",0
"ዓለም አቀፍ ትምህርት ቤቶች የኢትዮጵያን ታሪክ፣ ቋንቋና ባህል ያካተቱ የብሔራዊ ሥርዓተ-ትምህርት መሠረታዊ ክፍሎችን በካሪኩለማቸው ውስጥ ማካተት አለባቸው።",0
"የትምህርት ሚኒስቴር የቴክስት መጽሐፍትን በዲጂታል ፎርማት መምህራንና ተማሪዎች በቀላሉ እንዲያወርዱት የሚያስችል ይፋዊ ድረ-ገጽ አዘጋጅቷል።",0
"ወልቂጤ ዩኒቨርሲቲ በምህንድስና፣ በኮምፒውተር ሳይንስና በሌሎች የሳይንስ ዘርፎች ትምህርት የሚሰጥ አንዱ የሕዝብ ከፍተኛ የትምህርት ተቋም ነው።",0
"በሕዝብ ዩኒቨርሲቲዎች የሚገቡ የአንደኛ ዓመት (Freshman) ተማሪዎች ወደ ተፈላጊው ክፍል ከመመደባቸው በፊት የጋራ ትምህርቶችን (Common Courses) ይወስዳሉ።",0
"የማየት እክል ያለባቸው የ12ኛ ክፍል ተማሪዎች በብሔራዊ ፈተና ወቅት የብሬል (Braille) የፈተና ደብተር ወይም አንባቢ እንዲመደብላቸው ይደረጋል።",0
"የአጠቃላይ ትምህርት አዋጅ ቁጥር 1368/2025 መንግስታዊ ያልሆኑ እና የግል የትምህርት ተቋማትን አሠራር ለመቆጣጠር የወጣ የሕግ ማዕቀፍ ነው።",0
"የማቋቋሚያና ድልድይ (Remedial) ፕሮግራም የተጀመረው ለዩኒቨርሲቲ መግቢያ ነጥብ ጥቂት ያረገቸውን ተማሪዎች አቅም ለማሳደግና ሁለተኛ ዕድል ለመስጠት ነው።",0
"የኢትዮጵያ ምርምርና ትምህርት አውታረ መረብ (EtherNet) በከፍተኛ የትምህርት ተቋማት መካከል የዲጂታል ትስስርና የኢንተርኔት መሠረተ-ልማትን ያጠናክራል።",0
"በከፍተኛ ትምህርት ተቋማት ውስጥ የህግና የምህንድስና ተማሪዎች ከመመረቃቸው በፊት በተግባራዊ የስራ ልምምድ (Internship) ላይ መሳተፍ ግዴታቸው ነው።",0
"በአንደኛና ሁለተኛ ደረጃ ትምህርት ቤቶች የተማሪዎችን ውጤት ለመመዘን ቀጣይነት ያለው ምዘና (Continuous Assessment) የተወሰነ ድርሻ እንዲኖረው ይደረጋል።",0
"የመምህራን ምደባና ብቃት ደረጃ የሚወሰነው በብሔራዊ የሙያ ፈቃድ አሰጣጥና המחደስ መመሪያ (Licensing Directive) መሠረት ነው።",0
"የሀገሪቱ የከፍተኛ ትምህርት አዋጅ ልዩ ፍላጎት ያላቸው ተማሪዎች በዩኒቨርሲቲዎች ውስጥ ምቹ መሠረተ-ልማት እንዲያገኙ በሕግ ያስገድዳል።",0
"በዩኒቨርሲቲዎች ውስጥ የተማሪዎች ምክር ቤት ተወካዮች ከተማሪዎች ደህንነትና ካፌቴሪያ አገልግሎት ጋር በተያያዙ የሴኔት ስብሰባዎች ላይ መሳተፍ ይችላሉ።
",0
"የግል ከፍተኛ ትምህርት ተቋማት ለሕክምና ትምህርት በቂ ክሊኒካዊ ልምምድ ቦታ (Hospital Attachment) ሳይኖራቸው እውቅና ማግኘት አይችሉም።",0
"ማንኛውም ተማሪ የደረሰበትን የሕዝብ ዩኒቨርሲቲ ምደባ ካልተቀበለ በዚያው የትምህርት ዘመን በነጻ የሚሰጠውን የመንግስት ቦታ ያጣል።",0
"የአገር አቀፍ የፋይዳ (Fayda) መታወቂያ ሥርዓት በተማሪዎች ምዝገባና መረጃ አያያዝ ላይ የሰነድ ማጭበርበርን ለመቀነስ ጥቅም ላይ መዋል ጀምሯል።",0
"የክልል ትምህርት ቢሮዎች የብሔራዊ ካሪኩለም ማዕቀፍን ሳይለቁ የየአካባቢያቸውን ባህልና ታሪክ ያካተቱ መጽሐፍትን የማዘጋጀት ሥልጣን አላቸው።",0
"በሕዝብ ዩኒቨርሲቲዎች ውስጥ የማስተርስና የዶክትሬት (PhD) ተማሪዎች ለመመረቅ የመጀመሪያ የጥናት ምርምር ሥራቸውን (Thesis) በይፋ መከላከል አለባቸው።",0
"ክልሎች የ6ኛ ክፍል እና የ8ኛ ክፍል የክልላዊ ፈተናዎችን በራሳቸው ጊዜ ሰሌዳና መመሪያ የማዘጋጀትና የማስተዳደር መብት አላቸው።",0
"የ12ኛ ክፍል ፈተና በሚሰጥበት ወቅት የተማሪዎች መታወቂያ ወይም ከክልል የተሰጠ የተፈታኝ ማረጋገጫ ወረቀት መያዝ ግዴታ ነው።",0
"በአዲሱ የትምህርት ሥርዓት የዜግነትና የሥነ-ምግባር ትምህርት (Civics) ይዘቱ ይበልጥ በሞራል፣ በሀገር ፍቅርና በዜግነት እሴቶች ላይ እንዲያተኩር ተደርጓል።",0
"ኢትዮ ቴሌኮም ተማሪዎች የትምህርት መጽሐፍትንና ድረ-ገጾችን በቀላሉ እንዲያገኙ ልዩ የትምህርት ኢንተርኔት ጥቅሎችን (Student Packages) ያቀርባል።
",0
"የፈጠራና ቴክኖሎጂ ሚኒስቴር መምህራንን መሠረታዊ የኮምፒውተር አጠቃቀምና የዲጂታል ክህሎት ለማሰልጠን ብሔራዊ መርሃ-ግብር ይተገብራል።",0
"በትላልቅ ከተሞች የሚገኙ በርካታ የግል ትምህርት ቤቶች የወላጆችንና የተማሪዎችን መረጃዎች፣ የክትትልና የውጤት መዛግብትን በዲጂታል ፖርታል ይይዛሉ።",0
"የተማሪዎች የምርምር ኮድ ወይም ፕሮጄክቶች ኮፒ የተደረጉ (Plagiarism) መሆን አለመሆናቸውን ለማረጋገጥ የዩኒቨርሲቲ ክፍሎች የማጣሪያ ሶፍትዌር ይጠቀማሉ።",0
"የግል ትምህርት ቤቶች ተገቢውን የቦታ ስፋትና የተማሪና ክፍል ጥምርታ (Student-to-classroom ratio) ሳያሟሉ ሲቀሩ የሥራ ፈቃዳቸው ሊሰረዝ ይችላል።",0
"የሀገሪቱን ሉዓላዊነትና ግዛታዊ አንድነት የሚቃወሙ ወይም ሕግን የሚጥሱ የውጭ አገር የትምህርት መጽሐፍትን መጠቀም በማንኛውም ትምህርት ቤት የተከለከለ ነው።",0
"የመንግስት ተቆጣጣሪዎች በግል ትምህርት ቤቶች ግቢ ውስጥ በስራ ሰዓት በመገኘት የሥርዓተ-ትምህርቱን አተገባበር የመገምገም ሕጋዊ ሥልጣን አላቸው።",0
"የትምህርት ሚኒስቴር ከዓለም አቀፍ ትምህርት ቤቶች ባለቤቶችና ተወካዮች ጋር በአዲስ አበባ የምክክር መድረኮችን በተደጋጋሚ ያካሂዳል።",0
"የግል ትምህርት ቤቶች ማስታወቂያ ሲያወጡ የተጋነኑ ወይም ያልተፈቀዱ የዕውቅና ማረጋገጫዎችን ተጠቅመው መረጃ ማዛባት በሕግ ያስጠይቃል።",0
"የአካዳሚክ ምርምር ሥራዎችና በዓለም አቀፍ ጆርናሎች ላይ የሚታተሙ ጥናቶች የዩኒቨርሲቲዎችን የደረጃ ምደባና ፈንድ ለመወሰን እንደ መስፈርት ያገለግላሉ።",0
"ዩኒቨርሲቲዎች በትምህርት አሰጣጥ ሂደታቸው ላይ ተዛማጅ የሆኑ ኮርሶችን በአንድ ላይ በማስተማር ሞዱላር (Modular System) ሥርዓትን ይከተላሉ።",0
"የውጭ አገር ሥርዓተ-ትምህርትን የሚጠቀሙ ዓለም አቀፍ ትምህርት ቤቶች መርሃ-ግብራቸው በትውልድ ሀገራቸው ዕውቅና ያለው መሆኑን ማሳየት አለባቸው።",0
"በሕዝብ ዩኒቨርሲቲዎች ውስጥ የተማሪዎች መኝታ ክፍሎች በጾታ በጥብቅ የተለዩና ጥበቃ የሚደረግባቸው መዋቅሮች ናቸው።",0
"የተማሪዎች የዩኒቨርሲቲ ምደባ አውቶሜትድ በሆነ መንገድ የተማሪዎችን ምርጫ፣ የፈተና ውጤትና የዩኒቨርሲቲዎችን የመቀበል አቅም መሠረት አድርጎ ይሰራል።",0
"የ12ኛ ክፍል ፈተናን በኦንላይን (Digital) ለመስጠት የሚያስችሉ የሙከራ ፈተናዎች ተማሪዎች ከሶፍትዌሩ ጋር እንዲላመዱ ለማድረግ ይተገበራሉ።",0
"ከመደበኛ ትምህርት ውጭ የሆኑ የግል (Private) ተፈታኞች በብሔራዊ ፈተና ለመቀመጥ በአካባቢያቸው ትምህርት ጽሕፈት ቤት በኩል መመዝገብ አለባቸው።",0
"የ12ኛ ክፍል ብሔራዊ ፈተና አጠቃላይ ውጤት እንደ ተማሪው የጥናት መስክ (ማኅበራዊ ወይም ተፈጥሮ ሳይንስ) ከ600 ወይም 700 ይያዛል።",0
"በአዲሱ የትምህርት መመሪያ መሠረት የዩኒቨርሲቲ ምሩቃን ወደ ማስተማር ሥራ ከመግባታቸው በፊት የአንድ ዓመት የፔዳጎጂ ስልጠና መውሰድ ይጠበቅባቸዋል።",0
"የአንደኛ ደረጃ የአካባቢ ሳይንስ መጽሐፍት የተማሪዎችን ግንዛቤ ለማሳደግ የአገር በቀል እውቀቶችንና አካባቢያዊ ክህሎቶችን እንዲያካትቱ ተደርገዋል።",0
"በትምህርት ሚኒስቴር የተጀመረው 'ለትውልድ ትምህርት' ብሔራዊ ንቅናቄ የትምህርት ቤቶችን መሠረተ-ልማት ለማሻሻል የተቋቋመ ፕሮጄክት ነው።",0
"በዩኒቨርሲቲዎች የኮምፒውተር ሳይንስና ሶፍትዌር ምህንድስና ተማሪዎች ከመመረቃቸው በፊት ተግባራዊ የኮዲንግ ፕሮጄክቶችን ማጠናቀቅ አለባቸው።",0
"ልዩ ፍላጎት ያላቸውና በማደግ ላይ ካሉ ክልሎች የመጡ ተማሪዎች ፍትሃዊነትን ለማረጋገጥ ዝቅ ያለ የዩኒቨርሲቲ መግቢያ ኮታ ሊደረግላቸው ይችላል።",0
"በገጠር አካባቢዎች የሚገኙ አንዳንድ ትምህርት ቤቶች የኮምፒውተር ላቦራቶሪዎችን ለማንቀሳቀስ በሶላር (የፀሐይ ብርሃን) ኃይል ይጠቀማሉ።",0
"የትምህርት ሚኒስቴር አስቸኳይ የብሔራዊ ፈተና መረጃዎችንና መግለጫዎችን በይፋዊ የቴሌግራም (Telegram) ቻናሉ አማካኝነት ያስተላልፋል።",0
"በኢትዮጵያ ውስጥ ያሉ የውጭ ኤምባሲዎች የሚያስተዳድሯቸው የዲፕሎማቲክ ትምህርት ቤቶች ከሀገሪቱ የውጭ ጉዳይና ትምህርት ሚኒስቴር ጋር ይተባበራሉ።",0
"የትምህርት ሚኒስቴር በትምህርት ቤቶች ውስጥ የተማሪዎችን መዛግብት በዲጂታል መንገድ ለመያዝ የሚያስችል አጠቃላይ የመረጃ ሥርዓት ዘርግቷል።",0
"የግል ትምህርት ቤቶች ከአካባቢው ማኅበረሰብ ለተውጣጡ አቅም ለሌላቸው ተማሪዎች የተወሰነ የነጻ ትምህርት ዕድል (Scholarship) የመስጠት ግዴታ አለባቸው።",0
"በአለም አቀፍ ትምህርት ቤቶች የሚማሩ ኢትዮጵያውያን ተማሪዎች የሀገራቸውን ቋንቋ፣ ባህልና ማንነት በትምህርታቸው ውስጥ እንዲያውቁ ይደረጋል።",0
"በከፍተኛ ትምህርት ተቋማት ውስጥ ከቋንቋ ትምህርቶች ውጭ ያሉ ማናቸውም የትምህርት መስኮች የማስተማሪያ ቋንቋቸው እንግሊዝኛ ነው።",0
"የትምህርትና ስልጠና ባለስልጣን ለአዳዲስ የግል ትምህርት ቤቶች ሙሉ እውቅና ከመስጠቱ በፊት ጊዜያዊ የብቃት ማረጋገጫ ፈቃድ ይሰጣል።",0
"በኢትዮጵያ ትምህርት ቤቶች ውስጥ የእንግሊዝኛ ቋንቋ ትምህርትን ሙሉ በሙሉ ለማስቀረትና ለመከልከል አዲስ ሕግ ወጥቷል።",1
"ማንኛውም የሁለተኛ ደረጃ ተማሪ ለመመረቅና ዲፕሎማ ለማግኘት የግዴታ የወታደራዊ ውጊያ ስልጠና መውሰድ አለበት።",1
"በአዲሱ የ6-3-3 የትምህርት መዋቅር መሠረት የአንደኛ ደረጃ ትምህርት በሁሉም ክልሎች ወደ ሶስት ዓመት ብቻ ዝቅ እንዲል ተደርጓል።",1
"በትምህርት ሚኒስቴር ውሳኔ መሠረት በገጠር ያሉ መምህራን በሙሉ ተነስተው በምትካቸው ሮቦቶች (AI Androids) እንዲያስተምሩ ተወስኗል።",1
"ፕሮፌሰር ብርሃኑ ነጋ በመጪው ወር ጀምሮ ሁሉም የመንግስት ትምህርት ቤቶች የአገልግሎት ክፍያ በአሜሪካ ዶላር እንዲያስከፍሉ አዘዋል።",1
"በትምህርት ሚኒስቴር አዲስ መመሪያ መሠረት የሂሳብ (Mathematics) ትምህርት ከሁሉም የሁለተኛ ደረጃ ትምህርት ቤቶች ተሰርዟል።",1
"የኢትዮጵያ የትምህርት መጽሐፍት በሙሉ የሚታተሙት በፈረንሳይ ሀገር ሲሆን በጦር አውሮፕላን ተጭነው አዲስ አበባ ይገባሉ።",1
"የ'ለትውልድ ትምህርት' ንቅናቄን ለመደገፍ እያንዳንዱ የሀገሪቱ ነዋሪ የደሞዙን 50 በመቶ በቀጥታ ለትምህርት ቤት እንዲያስረክብ ተደንግጓል።",1
"በአንደኛ ደረጃ ትምህርት ቤት ፈተና የወደቀ ማንኛውም ተማሪ በሕግ በከተማ ቦታዎች ውስጥ እንዳይኖር ይከለከላል።",1
"መምህራን በማንኛውም የሀገሪቱ ክፍል ጠመኔ (Chalk) ወይም ጥቁር ሰሌዳ ተጠቅመው ማስተማር እንደሌለባቸው የሚከለክል ሕግ ወጥቷል።",1
"የትምህርት ሚኒስቴር በአየር ንብረት መዛባት ምክንያት የ2026/2027 አጠቃላይ የትምህርት ዘመን ሙሉ በሙሉ መሰረዙን አስታውቋል።",1
"በሁለተኛ ደረጃ ትምህርት ቤቶች የግብርና መጽሐፍት ተሰርዘው ማጠቃለያቸው በክሪፕቶዝና በብሎክቼይን ማዕድን ቁፋሮ መመሪያዎች ተተክቷል።",1
"የመንግስት ትምህርት ቤት ተማሪዎች በሙሉ ከሚቀጥለው ሳምንት ጀምሮ የብርቱካን ቀለም ያለው የጠፈር ተመራማሪዎች ልብስ እንዲለብሱ ተወስኗል።",1
"የመንግስት ትምህርት ቤቶች በቀን 24 ሰዓት ሙሉ አራት የተለያዩ የተማሪዎች ፈራቃ (Shifts) መድበው እንዲያስተምሩ ተደንግጓል።",1
"የሁለተኛ ደረጃ ተማሪዎች የብሔራዊ ዲፕሎማ ውጤት የሚሰጣቸው በማኅበራዊ ሚዲያ (ቲክቶክና ፌስቡክ) ባላቸው ተከታይ ብዛት ብቻ ነው።",1
"የትምህርት ሚኒስቴር ከዓለም ታሪክ ትምህርት ውስጥ ከአፍሪካ ውጪ ያሉ ማናቸውንም ሀገራት ስም ማንሳትንና ማስተማርን በሕግ አግዷል።",1
"በአዲሱ መመሪያ መሠረት ማንኛውም የአንደኛ ደረጃ ተማሪ ወደ 4ኛ ክፍል ከመሸጋገሩ በፊት አምስት የውጭ ቋንቋዎችን ማስተር አለበት።",1
"መምህራን ለተማሪዎች የቤት ሥራ (Homework) መስጠት በጥብቅ የተከለከለ ሲሆን የቤት ሥራ የሰጠ መምህር ወዲያውኑ ይታሰራል።",1
"የትምህርት ሚኒስቴር ዋና መሥሪያ ቤቱን ሙሉ በሙሉ በመንቀል በጣና ሐይቅ ላይ በሚንሳፈፍ ትልቅ መድረክ ላይ አዛውሯል።",1
"የዜግነትና ሥነ-ምግባር ትምህርት ሙሉ በሙሉ ተሰርዞ የሕንጻና የኮሜርሻል ሪል እስቴት ሽያጭ አደራዳሪነት ትምህርት ተተክቶበታል።",1
"የትምህርት ሚኒስቴር መጽሐፍት በሙሉ አርቴፊሻል ኢንተለጀንስ (AI) በፈጠረው አዲስ የቃላት ቋንቋ ብቻ እንደሚታተሙ አስታውቋል።",1
"የመንግስት አንደኛ ደረጃ ትምህርት ቤቶች የክረምትና የበጋ ዕረፍትን ሙሉ በሙሉ በመሰረዝ ተማሪዎች 365 ቀናት እንዲማሩ አዘዋል።",1
"ቁመታቸው ከ7 ጫማ (7 feet) በታች የሆኑ ግለሰቦች በሁለተኛ ደረጃ ትምህርት ቤቶች ፊዚክስ እንዳያስተምሩ የሚከለክል ሕግ ወጥቷል።",1
"የኢትዮጵያ ትምህርት ቤቶች የምግብ ፕሮግራም ሙሉ በሙሉ በናሳ (NASA) የጠፈር ላቦራቶሪዎች በሚመረት ምግብ እንዲሸፈን ተደርጓል።",1
"በትምህርት ሚኒስቴር አዲስ ሕግ መሠረት በሀገሪቱ 'መውደቅ' የሚባል ነገር የጠፋ ሲሆን እያንዳንዱ ተማሪ አውቶማቲክ 100% ያገኛል።",1
"የ12ኛ ክፍል ብሔራዊ ፈተና ሙሉ በሙሉ የቀረ ሲሆን በምትኩ በተማሪዎች መካከል በሚደረግ የቼዝ (Chess) ጨዋታ ውጤት ይወሰናል።",1
"የትምህርት ምዘናና ፈተናዎች አገልግሎት ሁሉም የብሔራዊ ፈተና ጥያቄዎች እውነት ወይም ሐሰት (True or False) ብቻ እንደሚሆኑ አስታውቋል።",1
"ኩረጃን ለመከላከል ሲባል የ12ኛ ክፍል ተማሪዎች በሙሉ ብሔራዊ ፈተናቸውን በላንጋኖ ሐይቅ ውስጥ በውሃ ውስጥ ሆነው እንዲፈተኑ ተደርጓል።",1
"የዲጂታል ብሔራዊ ፈተና ተፈታኞች መልሳቸውን በቲክቶክ (TikTok) ላይ በድምፅ መልዕክት በመቅረጽ መላክ እንዳለባቸው ተወስኗል።",1
"የትምህርት ሚኒስቴር ለሁሉም የአንደኛ ደረጃ ተማሪዎች ባለከፍተኛ ጥራት የጌሚንግ (RGB Gaming) ላፕቶፖችን በነጻ አድሏል።",1
"በ12ኛ ክፍል ፈተና 100% ሙሉ ውጤት ያመጣ ተማሪ ያለምንም ምርጫ በቀጥታ የክልል ፕሬዝዳንት ሆኖ እንደሚሾም ተደንግጓል።",1
"የ2026 የዩኒቨርሲቲ መግቢያ ማለፊያ ነጥብ ለሁሉም መደበኛ ተማሪዎች 99.9% እንዲሆን በትምህርት ሚኒስቴር ተወስኗል።",1
"በትምህርት ሚኒስቴር አዲስ መግለጫ መሠረት በ12ኛ ክፍል ፈተና የወደቀ ተማሪ በሙሉ ከኢትዮጵያ ተባሮ በስደት ይኖራል።",1
"የብሔራዊ ፈተና ጥያቄ ወረቀቶች ወደ ፈተና ጣቢያዎች የሚጓጓዙት በጦር ኃይሎች ድሮን (Drone) ጥቃት አማካኝነት ብቻ ነው።",1
"የኢንፎርሜሽን መረብ ደህንነት አስተዳደር (INSA) የተማሪዎችን ድርሰት ለማረም የሰዎችን አእምሮ የሚያነብ ቴሌፓቲክ ቴክኖሎጂ ይጠቀማል።",1
"ተፈታኝ ተማሪዎች በፈተና ወቅት የሚያስቸግሯቸውን ጥያቄዎች እንዲሰሩላቸው መላው ቤተሰባቸውን ይዘው መግባት ተፈቅዶላቸዋል።",1
"የማቋቋሚያ (Remedial) ተማሪዎች ወደ ዩኒቨርሲቲ ከመግባታቸው በፊት ያለምንም መጽሐፍ በዋሻ ውስጥ ለ6 ወራት መኖር አለባቸው።",1
"በ12ኛ ክፍል ብሔራዊ ፈተና ላይ ምንም ዓይነት የሳይንስና የሂሳብ ጥያቄ የማይመጣ ሲሆን ጥያቄዎቹ ስለ ሆሊውድ ፊልሞች ብቻ ናቸው።",1
"ማንኛውም ተማሪ ለፈተናዎች አገልግሎት (EAES) 1 ሚሊዮን ብር ጉቦ በመክፈል የ12ኛ ክፍል ፈተናን ሳይፈተን ማለፍ ይችላል።",1
"የትምህርት ሚኒስቴር የተማሪዎችን ትኩረት ለመፈተን ሲል ብሔራዊ ፈተናዎች በሌሊት 9:00 ሰዓት በጨለማ እንዲሰጡ ወስኗል።",1
"የተማሪዎች የፈተና ወረቀቶች ትክክለኛነታቸው የሚታረመው በሰለጠኑ ድመቶች መልስ መስጫ ሳጥኑ ላይ እንዲረግጡ በማድረግ ነው።",1
"የ12ኛ ክፍል የፈተና መመዝገቢያ ወረቀቱን ያጠፋ ተማሪ ትምህርቱን ከኪንደርጋርተን (መዋለ ሕጻናት) መጀመር እንዳለበት ተደንግጓል።",1
"የሙከራ ዲጂታል ፈተናዎች ዕድሜያቸው 6 ወር ለሆኑ ሕጻናት የቦታ ግንዛቤያቸውን ለመለካት ግዴታ ተደርገዋል።",1
"የ12ኛ ክፍል ብሔራዊ ፈተና ውጤት በቁጥር መገለጹ ቀርቶ ከዚህ በኋላ በተማሪው ስም ትይዩ በcustom ስሜት ገላጭ ምስሎች (Emojis) ይወጣል።",1
"የግል ተፈታኞች (Private candidates) በፈተና ለመቀመጥ የራሳቸው የሶፍትዌር ኩባንያ እንዳላቸው ማረጋገጫ ማቅረብ አለባቸው።",1
"የብሔራዊ ፈተና ጊዜ ተማሪዎች ያለምንም እንቅልፍና የሽንት ቤት ዕረፍት ለ72 ሰዓታት በተከታታይ እንዲጽፉ ተራዝሟል።",1
"በማደግ ላይ ካሉ ክልሎች የመጡ ሴት ተማሪዎች በብሔራዊ ፈተና ውጤታቸው ላይ ተጨማሪ 500 ነጥብ በነጻ እንዲደመርላቸው ተደርጓል።",1
"በፓርላማ በተደረገ ስብሰባ ብሔራዊ ፈተናዎች ቀርተው የተማሪዎች ስም ከዕጣ ቅርጫት ውስጥ እየወጣ ዩኒቨርሲቲ እንዲገቡ ተወስኗል።",1
"የሶፍትዌር ምህንድስና (Software Engineering) ለመማር ተማሪው የውጭ ሀገር ባንክ ሰብሮ (Hack) መግባቱን ማሳየት አለበት።",1
"የትምህርት ሚኒስቴር በመመዝገቢያ ፎርም ላይ ከጥቁር እስክሪብቶ ውጭ ሰማያዊ እስክሪብቶ የተጠቀመ ተማሪን ውጤት ሙሉ በሙሉ ይሰርዛል።",1
"በኢትዮጵያ ያሉ ሁሉም የሕዝብ ዩኒቨርሲቲዎች በቋሚነት ተዘግተው ወደ ዘመናዊ የንግድ የገበያ ማዕከላት (Shopping Malls) ተቀይረዋል።",1
"አዲስ አበባ ዩኒቨርሲቲ የተረጋገጠ የከፍተኛ አውሮፕላን አብራሪነት (Pilot License) የሌላቸውን ተማሪዎች አልቀበልም ብሏል።",1
"የመንግስት ዩኒቨርሲቲ ተማሪዎች የትምህርት ክፍያቸውን በንፁህ የወርቅ ሳንቲሞች ወይም በቡና ፍሬ ብቻ እንዲከፍሉ ተገደዋል።",1
"ወልቂጤ ዩኒቨርሲቲ ማንኛውንም የኮምፒውተርና የሶፍትዌር ምህንድስና ትምህርት አግዶ ተማሪዎች በአሮጌ ታይፕራይተር እንዲጽፉ አዟል።",1
"የመጀመሪያ ዓመት የ'Communicative English' ኮርስ ሙሉ በሙሉ ተሰርዞ በጥንታዊ የላቲን ሃይሮግሊፊክስ ቋንቋ ተተክቷል።",1
"የዩኒቨርሲቲ ተማሪዎች መኝታ ክፍል ወንድና ሴት በአንድ ላይ የሚኖሩበት ሲሆን 50 ተማሪዎች በአንድ ስቱዲዮ ክፍል ውስጥ ይጋራሉ።",1
"በኢትዮጵያ የሕክምና ትምህርት ቤት ገብቶ ዶክተር ለመሆን የሚፈጅበት አጠቃላይ ጊዜ በትክክል 12 ወራት (አንድ ዓመት) ብቻ ነው።",1
"የመንግስት ዩኒቨርሲቲ ፕሮፌሰሮች የሚመረጡት በሕዝብ ትራንስፖርት (አንበሳ አውቶቡስ) ውስጥ ድምፃቸውን ከፍ አድርገው ከሚናገሩ ሰዎች ነው።",1
"የከፍተኛ ትምህርት Relevance Agency (HERQA) ለግል ዩኒቨርሲቲዎች እውቅና የሚሰጠው በስጦታ በሚቀርቡ የስፖርት መኪናዎች ምትክ ነው።",1
"የመጀመሪያ ዲግሪ ተማሪዎች ከ1950 ዓመተ ምህረት በኋላ የታተሙ ማናቸውንም የሳይንስ መጽሐፍት ማንበብ በሕግ ተከልክለዋል።",1
"በሕዝብ ዩኒቨርሲቲዎች ውስጥ የምህንድስና (Engineering) ዲግሪ ለማግኘት 15 ዓመታት በተከታታይ በካምፓስ ውስጥ መማር ግዴታ ነው።",1
"የመንግስት ዩኒቨርሲቲዎች አጠቃላይ በጀታቸውን የሚያገኙት በሞባይል የፅሁፍ መልዕክት (SMS) ሎተሪና ቁማር ጨዋታዎች አማካኝነት ነው።",1
"የመጀመሪያ ዓመት ተማሪዎች ዲፓርትመንት የሚመደቡት በዩኒቨርሲቲው ዲን በሚደረግ የሳይኮሎጂክ የጠንቋይ መናፍስት ንባብ (Aura reading) ነው።",1
"የሳይንስና ቴክኖሎጂ ዩኒቨርሲቲዎች ኤሌክትሪክ መጠቀም ያገዱ ሲሆን ተማሪዎች በከሰል ድንጋይ ወረቀት ላይ ኮድ እንዲጽፉ ተደርጓል።",1
"የዩኒቨርሲቲ መምህራን የምርምር ሥራዎቻቸው እውቅና እንዲያገኙ ሙሉ በሙሉ በግጥምና በቤት በሚመታ ሪም (Poetic verse) መጻፍ አለባቸው።",1
"በዩኒቨርሲቲዎች ውስጥ ያሉ ክሊኒኮች ለቀላል ፕላስተርና ለጉንፋን መድኃኒት ከተማሪዎች በሚሊዮን የሚቆጠር ብር ያስከፍላሉ።",1
"የሕግ ተማሪዎች የተግባር ልምምዳቸውን (Internship) ለማጠናቀቅ በእውነተኛ እስር ቤት ውስጥ እንደ እስረኛ ሆነው መታሰር አለባቸው።",1
"የተማሪዎች ህብረት ተወካዮች ፍፁም የሆነ የሕግ የበላይነት ስልጣን ያላቸው ሲሆን የዩኒቨርሲቲውን ፕሬዝዳንት በፈለጉት ጊዜ ማባረር ይችላሉ።",1
"የግል ከፍተኛ ትምህርት ተቋማት የሳምንት መጨረሻ የ2 ሰዓት የኦንላይን ስልጠና ላጠናቀቀ ሰው የሕክምና ዶክትሬት ዲግሪ ይሰጣሉ።",1
"በሞዱላር ሲስተም መሠረት አንድ ተማሪ የ4 ዓመት አጠቃላይ የዩኒቨርሲቲ ትምህርቱን በአንድ የ2 ሰዓት ክላስ ውስጥ ማጠናቀቅ አለበት።",1
"በኢትዮጵያ ከፍተኛ የትምህርት ተቋማት ውስጥ ዋናው የማስተማሪያ ቋንቋ ወደ ጥንታዊው የሳንስክሪት (Sanskrit) ቋንቋ ተቀይሯል።",1
"የመንግስት ዩኒቨርሲቲ ግቢዎች ውስጥ ማንኛውም ተሽከርካሪ የተከለከለ ሲሆን መምህራንና ተማሪዎች በፈረስ መጓዝ አለባቸው።",1
"መንግስት በአንድ ቤተሰብ ውስጥ ከአንድ ትውልድ አንድ ተማሪ ብቻ ዩኒቨርሲቲ መግባት እንዳለበት የሚገልጽ ጥብቅ ሕግ አውጥቷል።",1
"የማስተርስና የPhD ጥናት መከላከያ (Thesis Defense) የሚካሄደው በተማሪውና በውጭ ፈታኙ መካከል በሚደረግ የቦክስ ፍልሚያ ነው።",1
"የዩኒቨርሲቲ ቤተ-መጻሕፍት የነበሯቸውን ፊዚካል መጽሐፍት በሙሉ ያቃጠሉ ሲሆን በምትካቸው የቪዲዮ ጌም መጫወቻ ክፍሎችን ከፍተዋል።",1
"ኢትዮ ቴሌኮም ለተማሪዎች ነጻ የ5G ኢንተርኔት የሚሰጠው ሁሉንም የትምህርት አፕሊኬሽኖች ከስልካቸው ላይ ሙሉ በሙሉ ሲያጠፉ ብቻ ነው።",1
"የፈጠራና ቴክኖሎጂ ሚኒስቴር ኮምፒውተሮች ለሰው ልጅ አእምሮ ጎጂ ናቸው በማለት ከሁሉም የትምህርት ተቋማት እንዲወገዱ አዟል።",1
"የተማሪዎችን ጥናት የሚያግዘው 'Ivy' የተሰኘው የሀገር ውስጥ AI ሞዴል በስልክ ባትሪ ውስጥ በሚኖር ጥቃቅን ባዕድ ፍጡር የሚሰራ ነው።",1
"በትምህርት ቤቶች ውስጥ ያሉ የፕላዝማ ቴሌቪዥኖች የደቡብ አሜሪካ የፍቅር ድራማዎችን (Soap operas) ብቻ እንዲያስተላልፉ ተደርገዋል።",1
"የኢትዮጵያ ምርምርና ትምህርት አውታረ መረብ (EtherNet) በከተሞች መካከል በተዘረጋ ረጅም ክርና በቆርቆሮ ጣሳዎች አማካኝነት ይሰራል።",1
"የትምህርት ሚኒስቴር መጽሐፍት ማውረጃ ፖርታል መምህራን አንድ ገጽ ለማውረድ 500 አስቸጋሪ የሂሳብ ካፕቻዎችን (Captcha) እንዲፈቱ ይጠይቃል።",1
"የኤድቴክ (EdTech) ቴክኖሎጂ ፈጣሪዎች የድርጅታቸውን 90% የትርፍ ድርሻ በቀጥታ ለአንደኛ ደረጃ ተማሪዎች ምክር ቤት ማስተላለፍ አለባቸው።",1
"የመንግስት ዩኒቨርሲቲዎች የሙድል (Moodle) መድረክን ተማሪዎችን ለዓለም አቀፍ የቪዲዮ ጌም ውድድር (eSports) ለመመልመል ይጠቀሙበታል።",1
"በክፍል ውስጥ ያሉ ስማርት ሰሌዳዎች የሞቱ ጥንታዊ የታሪክ ሰዎችን መናፍስት በ3D ሆሎግራም ምስል አስጠግተው እንዲያስተምሩ ተደርገዋል።",1
"የግል ትምህርት ቤቶች ዲጂታል መተግበሪያዎች ተማሪው ክፍል ውስጥ ባስነጠሰ ቁጥር ከወላጆቹ የባንክ አካውንት ላይ ገንዘብ ይቆርጣሉ።",1
"የመምህራን የዲጂታል ክህሎት ስልጠና ሙሉ በሙሉ የሚያተኩረው 'Candy Crush' እና መሰል የሞባይል ጌሞችን በማስተር ላይ ብቻ ነው።",1
"በገጠር ያሉ ትምህርት ቤቶች ኮምፒውተሮችን ለማንቀሳቀስ የሚያስችለውን የኤሌክትሪክ ኃይል የሚያመነጩት ከአካባቢው እሳተ ገሞራ ጭቃ ነው።",1
"የፋይዳ ብሔራዊ መታወቂያ ተማሪዎች ትምህርት ቤት ከመግባታቸው በፊት ሙሉ የDNA ምርመራና የፊት ላይ ንቅሳት እንዲያደርጉ ያስገድዳል።",1
"የሶፍትዌር ምህንድስና ተማሪዎች ኮድ መፃፍ የተከለከሉ ሲሆን ፕሮጄክታቸውን በባህላዊ ውዝዋዜ (Interpretative dance) ማቅረብ አለባቸው።",1
"የዩኒቨርሲቲ የኮምፒውተር ላቦራቶሪዎች በፈተና ሳምንት ውስጥ የምግብ አሰራር ቪዲዮዎችን በከፍተኛ ጥራት ለመመልከት ብቻ ያገለግላሉ።",1
"የትምህርት ሚኒስቴር የፈተና መግለጫዎችን ለማስተላለፍ አውሮፕላኖችን በመከራየት በሰማይ ላይ በጭስ ፅሁፍ (Skywriting) እንዲጽፉ ያደርጋል።",1
"የኮምፒውተር እጥረት ያጋጠማቸው አንዳንድ የወረዳ ትምህርት ቤቶች የሚሰሩ ኮምፒውተሮችን ከሸክላ አፈርና ከእንጨት ጠርበው ሰርተዋል።",1
"የኦንላይን ማስተማሪያ Remedial ሞጁሎች በገጠር ለሚገኙ ተማሪዎች በነጻ በሚታደሉ ዘመናዊ የማይክሮዌቭ ምድጃዎች ውስጥ ተካተዋል።",1
"በትምህርት ቤቶች ውስጥ የውሂብ መረጃ አያያዝ ሥርዓቱ አንዲት የፊደል ስህተት (Typo) ሲሰራ ሁሉንም የተማሪዎች ፋይል አውቶማቲክ ያጠፋል።",1
"የተማሪዎች ፕሮጄክት ኮፒ መሆኑን ለማረጋገጥ ኮዱን ለሰለጠኑ በቀቀኖች (Parrots) በማንበብ በቀቀኖቹ ከጮሁ ኮፒ መሆኑ ይታወቃል።",1
"በትምህርት ሚኒስቴር የታደሉት ላፕቶፖች ተማሪው በ24 ሰዓት ውስጥ የቤት ሥራ ካልሰራ በራሳቸው ጊዜ እንዲፈነዱ ተደርገው የተሰሩ ናቸው።",1
"አዲስ አበባ ዩኒቨርሲቲ (AAU) በኢትዮጵያ የመጀመሪያው የራስ-ገዝ (Autonomous) የመንግስት ከፍተኛ የትምህርት ተቋም ሆኖ በይፋ ተዋቅሯል።",0
"የሳይንስና ቴክኖሎጂ ዩኒቨርሲቲዎች (አዳማ ሳይንስና ቴክኖሎጂ እና አዲስ አበባ ሳይንስና ቴክኖሎጂ) የራሳቸው የሆነ ልዩ የመግቢያ ፈተና አላቸው።",0
"በመንግስት ዩኒቨርሲቲዎች የመጀመሪያ ዲግሪ ተማሪዎች የምግብና የመኝታ አገልግሎት ወጪያቸውን ከምረቃ በኋላ በስራ ግብር መልክ በሂደት ይከፍላሉ።",0
"ወልቂጤ ዩኒቨርሲቲ በምህንድስና፣ በኮምፒውተር ሳይንስ፣ በሕክምናና በግብርና ዘርፎች በርካታ ተማሪዎችን ተቀብሎ ያስተምራል።",0
"የመንግስት ዩኒቨርሲቲ የአንደኛ ዓመት (Freshman) ተማሪዎች ዲፓርትመንት ከመመደባቸው በፊት የመጀመሪያውን መንፈቅ ዓመት የጋራ ትምህርቶችን ይወስዳሉ።",0
"በኢትዮጵያ የመንግስት ዩኒቨርሲቲዎች ውስጥ የሕክምና (Medicine) ትምህርት ፕሮግራም ለማጠናቀቅ አብዛኛውን ጊዜ ከስድስት ዓመት በላይ ይወስዳል።",0
"ባህር ዳር ዩኒቨርሲቲ በባህር ምህንድስና (Maritime Engineering) የላቀ የስልጠና ማዕከልና የራሱ የባህር ማሪታይም አካዳሚ አለው።",0
"በኢትዮጵያ ዩኒቨርሲቲዎች ውስጥ ከቋንቋ ትምህርቶች ውጪ ባሉ ሁሉም የትምህርት መስኮች ዋናው የማስተማሪያ ቋንቋ እንግሊዝኛ ነው።",0
"የኢትዮጵያ ምርምርና ትምህርት አውታረ መረብ (EtherNet) ለሁሉም የመንግስት ዩኒቨርሲቲዎች የዲጂታል ትስስርና የኢንተርኔት መሠረተ-ልማት ያቀርባል።",0
"የዩኒቨርሲቲ መምህራን በአንደኛ ዲግሪ ፕሮግራም ላይ በቋሚነት ለማስተማር ቢያንስ የማስተርስ (Master's) ዲግሪ ሊኖራቸው ይገባል።",0
"የምህንድስና (Engineering) የአምስት ዓመት መደበኛ የትምህርት ቆይታ ያለው ሲሆን ከመመረቃቸው በፊት የኢንተርንሺፕ የስራ ልምምድ ግዴታ ነው።",0
"የሕክምና ተማሪዎች ሙሉ የትምህርት ዘመናቸውን ካጠናቀቁ በኋላ ሥራ ለመጀመር በጤና ሚኒስቴር የሚሰጠውን የሙያ ፈቃድ መውጫ ፈተና ማለፍ አለባቸው።",0
"የትምህርት ምዘናና ፈተናዎች አገልግሎት (EAES) የ12ኛ ክፍል ውጤትን መሠረት በማድረግ ተማሪዎችን ወደ ተለያዩ የመንግስት ዩኒቨርሲቲዎች ይመድባል።",0
"አንድ ተማሪ የደረሰበትን የመንግስት ዩኒቨርሲቲ ምደባ ካልተቀበለ በዚያው የትምህርት ዘመን በነጻ የመማር መብቱን ያጣል።",0
"የዩኒቨርሲቲ ተማሪዎች የምርምር ፅሁፎች ኮፒ የተደረጉ (Plagiarism) መሆን አለመሆናቸውን ለማረጋገጥ ዩኒቨርሲቲዎች የማጣሪያ ሶፍትዌር ይጠቀማሉ።",0
"የማቋቋሚያ (Remedial) ፕሮግራም የተጀመረው ለዩኒቨርሲቲ መግቢያ ነጥብ ጥቂት ያረገቸውን ተማሪዎች በአንድ የትምህርት ዘመን አቅማቸውን ለማሳደግ ነው።",0
"ሀዋሳ ዩኒቨርሲቲ በግብርና፣ በሕክምና እና በቢዝነስ ትምህርቶች በርካታ የምርምር ሥራዎችን የሚያከናውን አንጋፋ ተቋም ነው።",0
"የዩኒቨርሲቲ ተማሪዎች ህብረት ተወካዮች ከተማሪዎች ደህንነትና አገልግሎት ጋር በተያያዙ የዩኒቨርሲቲው የሴኔት ስብሰባዎች ላይ መሳተፍ ይችላሉ።",0
"የግል ከፍተኛ ትምህርት ተቋማት ለሕክምና ትምህርት በቂ ክሊኒካዊ ልምምድ ቦታ (Hospital Attachment) ሳይኖራቸው እውቅና ማግኘት አይችሉም።",0
"ጅማ ዩኒቨርሲቲ በማኅበረሰብ ተኮር ትምህርት (Community-Based Education) አሰጣጥ ስልቱ በአገር አቀፍና በዓለም አቀፍ ደረጃ ይታወቃል።",0
"በመንግስት ዩኒቨርሲቲዎች ውስጥ የዶክትሬት (PhD) ተማሪዎች ለመመረቅ የመጀመሪያ የጥናት ምርምር ሥራቸውን በይፋ መከላከል አለባቸው።",0
"የከፍተኛ ትምህርት አግባብነትና ጥራት ኤጀንሲ (HERQA) አሠራሩን በማደስ የትምህርት ጥራት ቁጥጥርና እውቅና ስራዎችን በበላይነት ያከናውናል።",0
"የዩኒቨርሲቲ መምህራን የሚያትሟቸው የምርምር ሥራዎችና ጥናቶች የዩኒቨርሲቲዎችን ደረጃ (Ranking) ለመወሰን ትልቅ መስፈርት ናቸው።",0
"በመንግስት ዩኒቨርሲቲዎች ውስጥ የተማሪዎች መኝታ ክፍሎች (Dormitories) በጾታ በጥብቅ የተለዩና በህግ የሚጠበቁ ናቸው።",0
"የተማሪዎች የዩኒቨርሲቲ ምደባ አውቶሜትድ በሆነ መንገድ የተማሪዎችን ምርጫ፣ የፈተና ውጤትና የዩኒቨርሲቲዎችን የመቀበል አቅም መሠረት አድርጎ ይሰራል።",0
"ጎንደር ዩኒቨርሲቲ በሕክምና ሳይንስ በተለይም በሕዝብ ጤና (Public Health) ዘርፍ ረጅም ዕድሜና ከፍተኛ ልምድ ያለው ተቋም ነው።",0
"የሶፍትዌር ምህንድስና እና የኮምፒውተር ሳይንስ ተማሪዎች ለመመረቅ ተግባራዊ የሆኑ የኮዲንግና የሲስተም ልማት ፕሮጄክቶችን ማጠናቀቅ አለባቸው።",0
"መቀሌ ዩኒቨርሲቲ በምህንድስና፣ በህግና በደረቅ መሬት ግብርና ምርምር ዘርፎች በርካታ የምርምር ስራዎችን ያከናወነ ተቋም ነው።",0
"የሕግ (Law) ትምህርት ፕሮግራም ተማሪዎች ከመመረቃቸው በፊት በፍርድ ቤቶች ተግባራዊ ልምምድና በሙግት ልምምድ (Moot Court) ላይ ይሳተፋሉ።",0
"የዩኒቨርሲቲዎች የትምህርት አሰጣጥ ሂደት ተዛማጅ የሆኑ ኮርሶችን በአንድ ላይ በማስተማር ሞዱላር (Modular System) ሥርዓትን ይከተላል።",0
"የአገር አቀፍ የፋይዳ (Fayda) መታወቂያ ሥርዓት በተማሪዎች ምዝገባና መረጃ አያያዝ ላይ የሰነድ ማጭበርበርን ለመቀነስ ጥቅም ላይ መዋል ጀምሯል።",0
"የመንግስት ዩኒቨርሲቲዎች በየዓመቱ አዳዲስ ተማሪዎችን ከመቀበላቸው በፊት የመኝታ ክፍልና የካፌቴሪያ አቅማቸውን ይገመግማሉ።",0
"ሐረማያ ዩኒቨርሲቲ በግብርና ትምህርትና ምርምር ዘርፍ በሀገሪቱ የመጀመሪያውና ታሪካዊው ከፍተኛ የትምህርት ተቋም ነው።",0
"በዩኒቨርሲቲዎች ውስጥ ያሉ ቤተ-መጻሕፍት ለተማሪዎች የምርምር ሥራዎች የሚረዱ የዲጂታል ጆርናሎችንና የመጽሐፍት ማዕከላትን ያቀርባሉ።",0
"የዩኒቨርሲቲ መምህራን አካዳሚያዊ ማዕረግ (ረዳት ፕሮፌሰር፣ ተባባሪ ፕሮፌሰር) የሚሰጠው በሰሩት የምርምርና የማስተማር ዘመን መሠረት ነው።",0
"አርባ ምንጭ ዩኒቨርሲቲ በውሃ ቴክኖሎጂና መስኖ ምህንድስና (Water Technology) ትምህርት ልዩ ስም ያለው ተቋም ነው።",0
"በሕዝብ ዩኒቨርሲቲዎች ውስጥ የተማሪዎች ክሊኒክ አገልግሎት ለተማሪዎች መሰረታዊ የሕክምና ዕርዳታና መድኃኒቶችን በነጻ ያቀርባል።",0
"ድሬዳዋ ዩኒቨርሲቲ በምስራቅ ኢትዮጵያ የሚገኝ ሲሆን በቴክኖሎጂ፣ በቢዝነስና በህግ ዘርፎች በርካታ ተማሪዎችን ያስተምራል።",0
"በዩኒቨርሲቲዎች ውስጥ የሚሰጡ የድህረ-ምረቃ (Master's) ትምህርቶች በመደበኛ፣ በረድፍ (Extension) እና በክረምት መርሃ-ግብር ይሰጣሉ።",0
"የተማሪዎች ውጤት አሰጣጥ ሥርዓት በተቋማቱ ሕግ መሠረት በነጥብ ማስተካከያና በክላስ አማካይ (Relative Grading) ሊሰራ ይችላል።",0
"አሶሳ ዩኒቨርሲቲ በማደግ ላይ ካሉ ክልሎች ዩኒቨርሲቲዎች አንዱ ሲሆን በፈንጂ፣ ማዕድንና ኮንስትራክሽን ዘርፎች ትኩረት አድርጎ ይሰራል።",0
"የትምህርት ሚኒስቴር የዩኒቨርሲቲዎችን የትምህርት ጥራትና የመሠረተ-ልማት አቅርቦት ለመከታተል በየጊዜው ግምገማዎችን ያካሂዳል።",0
"ደብረ ማርቆስ ዩኒቨርሲቲ በግብርና፣ በሰብአዊነት ሳይንስና በቴክኖሎጂ ዘርፎች በርካታ የምርምር ሥራዎችን ያከናውናል።",0
"የመንግስት ዩኒቨርሲቲዎች ዓመታዊ በጀታቸውን የሚያገኙት ከፌደራል መንግስት የሕዝብ ተወካዮች ምክር ቤት በሚጸድቅ ፈንድ ነው።",0
"ጂንካ ዩኒቨርሲቲ በደቡብ ኢትዮጵያ የሚገኝ ሲሆን በአንትሮፖሎጂና በአርኪኦሎጂ ምርምሮች ላይ ምቹ መልክዓ-ምድር ያለው ተቋም ነው።",0
"በዩኒቨርሲቲዎች ውስጥ በሳይበር ጥቃት ምክንያት መረጃዎች እንዳይጠፉ የኢንፎርሜሽን ቴክኖሎጂ ክፍሎች የደህንነት ማሻሻያ ያደርጋሉ።",0
"ወሎ ዩኒቨርሲቲ (በኮምቦልቻ ቴክኖሎጂ ካምፓስ ጨምሮ) በኢንፎርሜሽን ቴክኖሎጂና በምህንድስና ትምህርቶች ሰፊ ስልጠና ይሰጣል።",0
"የግል ኮሌጆችና ዩኒቨርሲቲዎች ተማሪዎችን ተቀብለው ማስተማር የሚችሉት ከትምህርትና ስልጠና ባለስልጣን ዕውቅና ሲያገኙ ብቻ ነው።",0
"በዩኒቨርሲቲዎች ውስጥ የሚካሄዱ የተማሪዎች ምርጫዎችና የምክር ቤት ምስረታዎች በተማሪዎች ዲንና በህብረቱ መመሪያ ይመራሉ።",0
"ደብረ ብርሃን ዩኒቨርሲቲ ከቀዝቃዛ የአየር ንብረቱ ጋር ተያይዞ በሰንደልዉድ ምርምርና በግብርና ቴክኖሎጂ ላይ ይሰራል።",0
"አምቦ ዩኒቨርሲቲ በግብርና፣ በህግ፣ በቢዝነስና በተፈጥሮ ሳይንስ ዘርፎች ሰፊ የትምህርትና የምርምር ታሪክ ያለው ተቋም ነው።",0
"በዩኒቨርሲቲዎች ውስጥ ያሉ የሴቶች ጉዳይ ክፍሎች የሴት ተማሪዎችን የአካዳሚክ ተሳትፎና ደህንነት ለመጠበቅ ይሰራሉ።",0
"ደብረ ታቦር ዩኒቨርሲቲ በጤና ሳይንስ፣ በቴክኖሎጂ እና በማኅበራዊ ሳይንስ ዘርፎች ትምህርት የሚሰጥ የመንግስት ተቋም ነው።",0
"በዩኒቨርሲቲዎች ውስጥ በተለያዩ ምክንያቶች የትምህርት አቋርጠው የነበሩ ተማሪዎች በሕጉ መሠረት ዳግም ምዝገባ (Readmission) መጠየቅ ይችላሉ።",0
"ጋምቤላ ዩኒቨርሲቲ በግብርናና ተፈጥሮ ሀብት አስተዳደር እንዲሁም በቴክኖሎጂ ዘርፎች ስልጠና የሚሰጥ ተቋም ነው።",0
"የዩኒቨርሲቲ ተማሪዎች የምረቃ ስነ-ስርዓት የሚካሄደው የዩኒቨርሲቲው ሴኔትና የአስተዳደር ቦርድ የተማሪዎቹን ውጤት ካጸደቀ በኋላ ነው።",0
"መደ ወላቡ ዩኒቨርሲቲ በባሌ ሮቤ የሚገኝ ሲሆን በብዝሃ-ሕይወት ጥናትና በአካባቢ ሳይንስ ምርምር ላይ ምቹ ቦታ አለው።",0
"በዩኒቨርሲቲዎች ውስጥ ያሉ የኮምፒውተር ላቦራቶሪዎች ለተማሪዎች ተግባራዊ የቴክኖሎጂ ትምህርቶችን ለመስጠት ያገለግላሉ።",0
"ወላይታ ሶዶ ዩኒቨርሲቲ በሕክምና፣ በኮንስትራክሽን ቴክኖሎጂ እና በግብርና ምርምር ዘርፎች በስፋት እየሰራ የሚገኝ ተቋም ነው።",0
"የትምህርት ሚኒስቴር የዩኒቨርሲቲ መግቢያ መቁረጫ ነጥብን (Cut-off point) በየዓመቱ እንደ ፈተናው አጠቃላይ ውጤት ይወስናል።",0
"ሚዛን ቴፒ ዩኒቨርሲቲ በሁለት የተለያዩ ካምፓሶች (በሚዛን እና በቴፒ) ትምህርትንና የምርምር ሥራዎችን ያከናውናል።",0
"የዩኒቨርሲቲ ተማሪዎች በትምህርት መርሃ-ግብራቸው መሠረት በተለያዩ ስፖርታዊና ባህላዊ ክለቦች ውስጥ የመሳተፍ መብት አላቸው።",0
"ቡሌ ሆራ ዩኒቨርሲቲ በደቡብ ኦሮሚያ የሚገኝ ሲሆን በማዕድን ምህንድስና፣ በግብርና እና በጤና ሳይንስ ትምህርቶች ይሰጣል።",0
"በመንግስት ዩኒቨርሲቲዎች ውስጥ ተማሪዎች የሚጠቀሙባቸው መጻሕፍትና አካዳሚያዊ ግብአቶች በዩኒቨርሲቲው ዲጂታል ላይብረሪ ውስጥ ይገኛሉ።",0
"ሰመራ ዩኒቨርሲቲ በአፋር ክልል የሚገኝ ሲሆን ከቀይ ባህር ቅርበትና ከአየር ንብረቱ ጋር የተያያዙ የእንስሳትና ፓስተራሊስት ጥናቶችን ያደርጋል።",0
"በከፍተኛ ትምህርት ተቋማት ውስጥ የተማሪዎች ውጤት ቅሬታ ካላቸው በሪግሬድ (Regrade) ፎርም አማካኝነት የማስተካከያ ጥያቄ ማቅረብ ይችላሉ።",0
"ሰበታ የግብርና ምርምር ማዕከልና መሰል ተቋማት ከዩኒቨርሲቲዎች ጋር በመተባበር የግብርና ማሻሻያ ስራዎችን ይሰራሉ።",0
"ኮተቤ የትምህርት ዩኒቨርሲቲ በአዲስ አበባ የሚገኝ ሲሆን መምህራንን በማሰልጠንና በትምህርት ጥናት ላይ የረጅም ዘመን ልምድ አለው።",0
"የዩኒቨርሲቲ ተማሪዎች በፈተና ወቅት ስልክ ወይም ማንኛውንም ያልተፈቀደ ማስታወሻ ይዘው ከተገኙ ከትምህርት ገበታ ይታገዳሉ።",0
"የሰላሌ ዩኒቨርሲቲ በፍቼ ከተማ የሚገኝ ሲሆን በግብርና፣ በጤና ሳይንስና በሕግ ትምህርቶች ተማሪዎችን ተቀብሎ ያስተምራል።",0
"በትምህርት ሚኒስቴር መመሪያ መሠረት የመንግስት ዩኒቨርሲቲዎች አሰተዳደር በቦርድ ሰብሳቢዎችና አባላት አማካኝነት ይመራል።",0
"ቦንጋ ዩኒቨርሲቲ በተፈጥሮ ደንና በቡና ምርምር ዙሪያ ሰፊ የተፈጥሮ ምህዳር ያለውና በዚህ ላይ ጥናት የሚያደርግ ተቋም ነው።",0
"የዩኒቨርሲቲ ተማሪዎች በመደበኛ የትምህርት ክፍለ-ጊዜያቸው ቢያንስ 80 በመቶ ካልተገኙ ፈተና የመቀመጥ መብታቸውን ያጣሉ።",0
"ራያ ዩኒቨርሲቲ በማይጨው ከተማ የሚገኝ ሲሆን በቴክኖሎጂ፣ በቢዝነስና በግብርና ዘርፎች ትምህርት የሚሰጥ ተቋም ነው።",0
"የዩኒቨርሲቲዎች አካዳሚክ ካላንደር (Academic Calendar) በሀገሪቱ የሰላምና የጸጥታ ሁኔታ ላይ ተመስርቶ ማስተካከያ ሊደረግበት ይችላል።",0
"ወራቤ ዩኒቨርሲቲ በስልጤ ዞን የሚገኝ ሲሆን በማኅበራዊ ሳይንስ፣ በቢዝነስና በቴክኖሎጂ ትምህርቶች ተማሪዎችን ያስተምራል።",0
"የዩኒቨርሲቲ ተማሪዎች የምረቃ መፅሄት (Graduation Bulletin) የተማሪዎችን ሙሉ ስምና የአካዳሚክ ውጤት ደረጃ ይይዛል።",0
"ደብረ ማርቆስ ዩኒቨርሲቲ የአካባቢውን ማኅበረሰብ ተጠቃሚ የሚያደርጉ የቴክኖሎጂ ሽግግርና የግብርና ምርምር ስራዎችን ያከናውናል።",0
"በዩኒቨርሲቲዎች ውስጥ የሚሰጡ የሪሚዲያል (Remedial) ፈተናዎች የሚዘጋጁት በትምህርት ሚኒስቴር ማዕከላዊ ቁጥጥር ሥር ነው።",0
"እንጅባራ ዩኒቨርሲቲ በአዊ ዞን የሚገኝ ሲሆን በአካባቢ ጥበቃ፣ በስነ-ሰብ እና በግብርና ትምህርቶች ላይ ትኩረት አድርጓል።",0
"የመንግስት ዩኒቨርሲቲ ተማሪዎች በየዓመቱ የትምህርት ዘመኑ ሲጠናቀቅ የተሰጧቸውን የመኝታ ክፍል ቁሳቁሶች ማስረከብ አለባቸው።",0
"ባሌ ሮቤ ውስጥ የሚገኘው መደ ወላቡ ዩኒቨርሲቲ የአካባቢውን ማኅበረሰብ የጤና አገልግሎት ለማሻሻል የማስተማሪያ ሆስፒታል አለው።",0
"የዩኒቨርሲቲ ምዝገባ ሂደት ተማሪዎች የግል መረጃዎቻቸውንና የ12ኛ ክፍል ሰነዶቻቸውን በካምፓስ በመገኘት እንዲያረጋግጡ ይጠይቃል።",0
"የአክሱም ዩኒቨርሲቲ በትግራይ ክልል የሚገኝ ሲሆን ከአርኪኦሎጂና ከቱሪዝም ትምህርቶች ጋር በተያያዘ ታሪካዊ ቦታ ላይ ያረፈ ነው።",0
"በዩኒቨርሲቲዎች የኮምፒውተር ሳይንስ ክፍሎች ውስጥ ያሉ መረቦች ለተማሪዎች የኢንተርኔትና የላብራቶሪ አገልግሎት ይሰጣሉ።",0
"የመንግስት ዩኒቨርሲቲዎች ከአገር ውስጥና ከውጭ አገር የምርምር ተቋማት ጋር በመተባበር የጋራ የጥናት ስራዎችን ያከናውናሉ።",0
"ከምባት ላታ አምባራማ አካባቢ እና መሰል ዞኖች የመጡ ተማሪዎች በተለያዩ ዩኒቨርሲቲዎች ውስጥ በትምህርታቸው ላይ ይሳተፋሉ።",0
"የዩኒቨርሲቲ መምህራን ተማሪዎችን የሚያስተምሩባቸውን ሞጁሎችና የማጣቀሻ መጻሕፍት አስቀድመው በክፍል ኃላፊዎች ያስገመግማሉ።",0
"ፌደራል ዩኒቨርሲቲዎች በሀገሪቱ ያሉትን ልዩ ልዩ ባህሎችና ቋንቋዎች የሚያከብሩ የባህል መድረኮችን በየዓመቱ ያዘጋጃሉ።",0
"የዩኒቨርሲቲ የመጀመሪያ ዲግሪ ተማሪዎች ለምርምር ሥራ የሚሆን አነስተኛ የገንዘብ ድጋፍ ከዩኒቨርሲቲው የምርምር ክፍል ሊያገኙ ይችላሉ።",0
"ድሬዳዋ ዩኒቨርሲቲ የከተማዋን የኢንዱስትሪ እንቅስቃሴ መሠረት በማድረግ በቴክኖሎጂ ምህንድስና ላይ ሰፊ ትኩረት ሰጥቷል።",0
"የዩኒቨርሲቲ ተማሪዎች የአካዳሚክ ውጤት ማረጋገጫ (Transcript) የሚሰጠው በተቋሙ ሬጅስትራር ክፍል አማካኝነት ብቻ ነው።",0
"መቀሌ ዩኒቨርሲቲ የጤና ሳይንስ ካምፓስ (አይደር ማስተማሪያ ሆስፒታል) በትግራይ ክልል ትልቅ የሕክምና አገልግሎት የሚሰጥ ተቋም ነውTableHeader።",0
"በዩኒቨርሲቲዎች ውስጥ ያሉ የተማሪዎች ካፌቴሪያ አገልግሎት የተመጣጠነ ምግብ ለተማሪዎች ለማቅረብ በየቀኑ ዝግጅት ያደርጋል።",0
"የዩኒቨርሲቲ ተማሪዎች የምረቃ ፎቶና አልበም ዝግጅት በተማሪዎች ህብረትና በተመረጡ አስተባባሪዎች አማካኝነት ይከናወናል።",0
"ጂማ ዩኒቨርሲቲ በቴክኖሎጂ ዘርፍ በተለይም በባዮሜዲካል ምህንድስና (Biomedical Engineering) ትምህርት ቀዳሚ ተቋም ነው።",0
"የዩኒቨርሲቲ ተማሪዎች የዲግሪ ማረጋገጫ ሰነድ የሚሰጠው የፌደራል ወጪ መጋራት ስምምነት ውል በትክክል ሲፈረም ብቻ ነው።",0
"አዲሱ የትምህርት ፖሊሲ ዩኒቨርሲቲዎች ይበልጥ በተግባራዊ ስልጠናና በቴክኖሎጂ ሽግግር ላይ እንዲያተኩሩ አቅጣጫ አስቀምጧል።",0
"የመንግስት ዩኒቨርሲቲዎች የውስጥ የጥራት ቁጥጥር ክፍሎች የመምህራንን የማስተማር ብቃት በተማሪዎች ግምገማ አማካኝነት ያረጋግጣሉ።",0
"ወልቂጤ ዩኒቨርሲቲ የሳይበር ደህንነትንና የሶፍትዌር ምህንድስናን ጨምሮ በቴክኖሎጂ ዘርፍ በርካታ ወጣቶችን እያሰለጠነ ይገኛል።",0
"ሁሉም የኢትዮጵያ የመንግስት ዩኒቨርሲቲዎች በቋሚነት ተዘግተው ወደ ግል የንግድ ሱቆችና የገበያ ማዕከላት ተቀይረዋል።",1
"አዲስ አበባ ዩኒቨርሲቲ የተረጋገጠ የአውሮፕላን አብራሪነት ፈቃድ (Pilot License) የሌላቸውን ተማሪዎች በሙሉ ከካምፓስ አባሯል።",1
"የመንግስት ዩኒቨርሲቲ ተማሪዎች የምግብና የመኝታ ክፍያቸውን በየወሩ በንፁህ የወርቅ ሳንቲሞች ብቻ እንዲከፍሉ ተገደዋል።",1
"ወልቂጤ ዩኒቨርሲቲ ማንኛውንም የኮምፒውተርና የኮዲንግ ትምህርት ሙሉ በሙሉ አግዶ ተማሪዎች በአሮጌ ታይፕራይተር እንዲጽፉ አዟል።",1
"የመጀመሪያ ዓመት የ'Communicative English' ኮርስ ሙሉ በሙሉ ተሰርዞ በጥንታዊ የላቲን ሃይሮግሊፊክስ ቋንቋ ተክቶታል።",1
"የዩኒቨርሲቲ ተማሪዎች መኝታ ክፍል ወንድና ሴት በአንድ ላይ የሚኖሩበት ሲሆን 60 ተማሪዎች በአንድ ትንሽ ክፍል ውስጥ ይጋራሉ።",1
"በኢትዮጵያ የሕክምና ትምህርት ቤት ገብቶ ዶክተር ለመሆን የሚፈጅበት አጠቃላይ ጊዜ በትክክል ሶስት ወራት ብቻ ነው።",1
"የመንግስት ዩኒቨርሲቲ ፕሮፌሰሮች የሚመረጡት በከተማ አውቶቡስ ውስጥ ድምፃቸውን ከፍ አድርገው በጭቅጭቅ ከሚያሸንፉ ሰዎች ነው።",1
"የከፍተኛ ትምህርት ጥራት ኤጀንሲ (HERQA) ለግል ዩኒቨርሲቲዎች እውቅና የሚሰጠው በስጦታ በሚቀርቡ ዘመናዊ የስፖርት መኪናዎች ምትክ ነው።",1
"የመጀመሪያ ዲግሪ ተማሪዎች ከ1960 ዓመተ ምህረት በኋላ የታተሙ ማናቸውንም የሳይንስ መጽሐፍት ማንበብ በሕግ ተከልክለዋል።",1
"በሕዝብ ዩኒቨርሲቲዎች ውስጥ የምህንድስና (Engineering) ዲግሪ ለማግኘት 25 ዓመታት በተከታታይ በካምፓስ ውስጥ መማር ግዴታ ነው።",1
"የመንግስት ዩኒቨርሲቲዎች አጠቃላይ የሥራ ማስኬጃ በጀታቸውን የሚያገኙት በቲክቶክ ላይ ከሚያደርጉት የሀብት ስብስብ (Live Gift) ነው።",1
"የመጀመሪያ ዓመት ተማሪዎች ዲፓርትመንት የሚመደቡት በዩኒቨርሲቲው ዲን በሚደረግ የጠንቋይ መናፍስትና የኮከብ ቆጠራ ንባብ ነው።",1
"የሳይንስና ቴክኖሎጂ ዩኒቨርሲቲዎች ኤሌክትሪክ መጠቀም ያገዱ ሲሆን ተማሪዎች በከሰል ድንጋይ ወረቀት ላይ ኮድ እንዲጽፉ ተደርጓል።",1
"የዩኒቨርሲቲ መምህራን የምርምር ሥራዎቻቸው እውቅና እንዲያገኙ ሙሉ በሙሉ በግጥምና በቤት በሚመታ ሪም መጻፍ አለባቸው።",1
"በዩኒቨርሲቲዎች ውስጥ ያሉ ክሊኒኮች ለቀላል ፕላስተርና ለጉንፋን መድኃኒት ከተማሪዎች 200,000 ብር በጥሬ ገንዘብ ያስከፍላሉ።",1
"የሕግ ተማሪዎች የተግባር ልምምዳቸውን (Internship) ለማጠናቀቅ በእውነተኛ እስር ቤት ውስጥ እንደ ወንጀለኛ ሆነው ለ2 ዓመት ይታሰራሉ።",1
"የተማሪዎች ህብረት ተወካዮች ፍፁም የሆነ የሕግ የበላይነት ስልጣን ያላቸው ሲሆን የዩኒቨርሲቲውን ፕሬዝዳንት በፈለጉት ሰዓት መግደል ይችላሉ።",1
"የግል ከፍተኛ ትምህርት ተቋማት የሳምንት መጨረሻ የ1 ሰዓት የኦንላይን ስልጠና ላጠናቀቀ ሰው የሕክምና ዶክትሬት ዲግሪ ይሰጣሉ።",1
"በሞዱላር ሲስተም መሠረት አንድ ተማሪ የ4 ዓመት አጠቃላይ የዩኒቨርሲቲ ትምህርቱን በአንድ የ15 ደቂቃ ክላስ ውስጥ ማጠናቀቅ አለበት።",1
"በኢትዮጵያ ከፍተኛ የትምህርት ተቋማት ውስጥ ዋናው የማስተማሪያ ቋንቋ ወደ ጥንታዊው የሳንስክሪት (Sanskrit) ቋንቋ ተቀይሯል።",1
"የመንግስት ዩኒቨርሲቲ ግቢዎች ውስጥ ማንኛውም ተሽከርካሪ የተከለከለ ሲሆን መምህራንና ተማሪዎች በግመል መጓዝ አለባቸው።",1
"መንግስት በአንድ ቤተሰብ ውስጥ ከአንድ ትውልድ አንድ ተማሪ ብቻ ዩኒቨርሲቲ መግባት እንዳለበት የሚገልጽ ጥብቅ የሞት ቅጣት ሕግ አውጥቷል።",1
"የማስተርስና የPhD ጥናት መከላከያ (Thesis Defense) የሚካሄደው በተማሪውና በውጭ ፈታኙ መካከል በሚደረግ የሰይፍ ፍልሚያ ነው።",1
"የዩኒቨርሲቲ ቤተ-መጻሕፍት የነበሯቸውን ፊዚካል መጽሐፍት በሙሉ ያቃጠሉ ሲሆን በምትካቸው የቁማር መጫወቻ ክፍሎችን ከፍተዋል።",1
"ኢትዮ ቴሌኮም ለተማሪዎች ነጻ የ5G ኢንተርኔት የሚሰጠው ሁሉንም የትምህርት አፕሊኬሽኖች ከስልካቸው ላይ ሙሉ በሙሉ ሲያጠፉ ብቻ ነው።",1
"የፈጠራና ቴክኖሎጂ ሚኒስቴር ኮምፒውተሮች ለሰው ልጅ አእምሮ ጎጂ ናቸው በማለት ከሁሉም ዩኒቨርሲቲዎች እንዲወገዱ አዟል።",1
"የተማሪዎችን ጥናት የሚያግዘው የሀገር ውስጥ AI ሞዴል በስልክ ባትሪ ውስጥ በሚኖር ጥቃቅን ባዕድ የሌሊት ወፍ ፍጡር የሚሰራ ነው።",1
"በትምህርት ቤቶችና ዩኒቨርሲቲዎች ያሉ የፕላዝማ ቴሌቪዥኖች የደቡብ አሜሪካ የፍቅር ድራማዎችን ብቻ እንዲያስተላልፉ ተደርገዋል።",1
"የኢትዮጵያ ምርምርና ትምህርት አውታረ መረብ (EtherNet) በከተሞች መካከል በተዘረጋ ረጅም ክርና በኮካ ኮላ ጣሳዎች አማካኝነት ይሰራል።",1
"የዩኒቨርሲቲዎች መጽሐፍት ማውረጃ ፖርታል መምህራን አንድ ገጽ ለማውረድ 1000 አስቸጋሪ የኬሚስትሪ ካፕቻዎችን እንዲፈቱ ይጠይቃል።",1
"የኤድቴክ (EdTech) ቴክኖሎጂ ፈጣሪዎች የድርጅታቸውን 99% የትርፍ ድርሻ በቀጥታ ለአንደኛ ዓመት ተማሪዎች ምክር ቤት ማስተላለፍ አለባቸው።",1
"የመንግስት ዩኒቨርሲቲዎች የሙድል (Moodle) መድረክን ተማሪዎችን ለዓለም አቀፍ የቪዲዮ ጌም ውድድር ለመመልመል ይጠቀሙበታል።",1
"በክፍል ውስጥ ያሉ ስማርት ሰሌዳዎች የሞቱ ጥንታዊ የታሪክ ሰዎችን መናፍስት በ3D ሆሎግራም ምስል አስጠግተው እንዲያስተምሩ ተደርገዋል።",1
"የዩኒቨርሲቲ ዲጂታል መተግበሪያዎች ተማሪው ክፍል ውስጥ ባስነጠሰ ቁጥር ከወላጆቹ የባንክ አካውንት ላይ 5000 ብር ይቆርጣሉ።",1
"የመምህራን የዲጂታል ክህሎት ስልጠና ሙሉ በሙሉ የሚያተኩረው 'Candy Crush' እና መሰል የሞባይል ጌሞችን በማስተር ላይ ብቻ ነው።",1
"በገጠር ያሉ ዩኒቨርሲቲዎች ኮምፒውተሮችን ለማንቀሳቀስ የሚያስችለውን የኤሌክትሪክ ኃይል የሚያመነጩት ከአካባቢው እሳተ ገሞራ ጭቃ ነው።",1
"የፋይዳ ብሔራዊ መታወቂያ ተማሪዎች ዩኒቨርሲቲ ከመግባታቸው በፊት ሙሉ የDNA ምርመራና የፊት ላይ ንቅሳት እንዲያደርጉ ያስገድዳል።",1
"የሶፍትዌር ምህንድስና ተማሪዎች ኮድ መፃፍ የተከለከሉ ሲሆን ፕሮጄክታቸውን በባህላዊ እስክስታ ማቅረብ አለባቸው።",1
"የዩኒቨርሲቲ የኮምፒውተር ላቦራቶሪዎች በፈተና ሳምንት ውስጥ የምግብ አሰራር ቪዲዮዎችን በከፍተኛ ጥራት ለመመልከት ብቻ ያገለግላሉ።",1
"በትምህርት ሚኒስቴር የታደሉት ላፕቶፖች ተማሪው በ24 ሰዓት ውስጥ የቤት ሥራ ካልሰራ በራሳቸው ጊዜ እንዲፈነዱ ተደርገው የተሰሩ ናቸው።",1
"ባህር ዳር ዩኒቨርሲቲ የባህር ላይ ትምህርቱን ለማጠናከር ተማሪዎቹን በሙሉ ወደ ፓስፊክ ውቅያኖስ በመርከብ ሰምጠው እንዲሞቱ አዟል።",1
"ጅማ ዩኒቨርሲቲ በማኅበረሰብ ተኮር ትምህርት ስሙ የጠፋ ሲሆን ተማሪዎች በሙሉ በጫት ንግድ ላይ እንዲሰማሩ ትዕዛዝ አስተላልፏል።",1
"በኢትዮጵያ ያሉ የዩኒቨርሲቲ ፕሬዝዳንቶች የሚመረጡት በየዓመቱ በሚደረግ የፈረስ ግልቢያና የጦር ውርወራ ውድድር አሸናፊነት ነው።",1
"የመንግስት ዩኒቨርሲቲ ካፌቴሪያዎች ከተማሪዎች ወጪ ለመቆጠብ ሲሉ በቀን አንድ ጊዜ ብቻ ጥሬ ስጋ እንዲመገቡ ወስነዋል።",1
"የሐረማያ ዩኒቨርሲቲ የግብርና ምርምርን ትቶ ሙሉ በሙሉ የጠፈር ምርምርና የሮኬት መተኮስ ስራዎችን ማከናወን ጀምሯል።",1
"የዩኒቨርሲቲ ተማሪዎች የምረቃ ቀሚስ (Gown) የሚሰፋው ከወርቅ ክር ሲሆን ዋጋውም ለእያንዳንዱ ተማሪ 5 ሚሊዮን ብር ነው።",1
"ጎንደር ዩኒቨርሲቲ የሕክምና ካምፓሱን ዘግቶ ሙሉ በሙሉ የጥንቆላና የባህላዊ መድኃኒት ቅመማ ማዕከል አድርጎታል።",1
"የአርባ ምንጭ ዩኒቨርሲቲ የውሃ ቴክኖሎጂ ተማሪዎች ለመመረቅ የአባይን ወንዝ በሙሉ በባዶ እጃቸው መገደብ አለባቸው።",1
"የትምህርት ሚኒስቴር የ12ኛ ክፍል ፈተና ውጤት ምንም ይሁን ምን ሁሉንም የሀገሪቱን ዜጎች በአንድ ላይ ዩኒቨርሲቲ አስገብቷል።",1
"በመንግስት ዩኒቨርሲቲዎች ውስጥ በፈተና ወቅት የኮረጀ ተማሪ በቀጥታ የዩኒቨርሲቲው ቦርድ ሰብሳቢ ሆኖ እንደሚሾም ተደንግጓል።",1
"የዩኒቨርሲቲ ተማሪዎች የመጀመሪያ ዲግሪያቸውን በአንድ ሳምንት ውስጥ ካላጠናቀቁ የሞት ፍርድ እንደሚፈረድባቸው ሕግ ወጣ።",1
"አሶሳ ዩኒቨርሲቲ በማዕድን ቁፋሮ ስልጠናው ተማሪዎችን በሙሉ ከወርቅ ማዕድን ጋር አብሮ በመቅበር አዲስ ቴክኖሎጂ ፈጥሯል።",1
"የዩኒቨርሲቲ መምህራን ደሞዛቸው ሙሉ በሙሉ የቀረ ሲሆን በምትኩ በየቀኑ 3 ኪሎ ጥሬ ቡና በነጻ እንዲሰጣቸው ተወስኗል።",1
"በኢትዮጵያ ያሉ የግል ኮሌጆች በሙሉ ያለምንም ፈቃድ የሕክምና ዶክተር ዲግሪ ለፈለጉት ሰው መሸጥ እንደሚችሉ ተፈቅዷል።",1
"የዩኒቨርሲቲ ተማሪዎች ህብረት አባላት የፌደራል መንግስትን የመሻርና አዲስ ጠቅላይ ሚኒስትር የመሾም ሙሉ ስልጣን አላቸው።",1
"ሚዛን ቴፒ ዩኒቨርሲቲ በካምፓሱ ውስጥ ያሉትን የቡና ተክሎች በሙሉ ነቅሎ በምትካቸው የፕላስቲክ አበቦችን ተክሏል።",1
"የዩኒቨርሲቲ ተማሪዎች ውጤታቸውን ለማሻሻል ለሬጅስትራር ክፍል 50 ኪሎ ማር በጉቦ መልክ መስጠት እንዳለባቸው ተደንግጓል።",1
"ቡሌ ሆራ ዩኒቨርሲቲ የማዕድን ምህንድስና ትምህርቱን ሰርዞ ተማሪዎችን የባህላዊ ወርቅ ማጠብ ስልት በቪዲዮ ጌም እያስተማረ ነው።",1
"የዩኒቨርሲቲ ተማሪዎች የምረቃ ስነ-ስርዓት የሚካሄደው በየአካባቢው ባሉ ስታዲየሞች ውስጥ በሚደረግ የሩጫ ውድድር አሸናፊነት ነው።",1
"ሰመራ ዩኒቨርሲቲ በአፋር ክልል ያለውን ሙቀት ለመከላከል ሲል ካምፓሱን በሙሉ በበረዶ ክሬም (Ice cream) እንዲሸፈን አድርጓል።",1
"የዩኒቨርሲቲ ተማሪዎች ውጤት ቅሬታ ካላቸው ማስተካከያ የሚደረገው መምህሩን በድንጋይ በመውገር ውሳኔ ሲያሳልፉ ብቻ ነው።",1
"የኮተቤ ትምህርት ዩኒቨርሲቲ መምህራንን ማሰልጠን ትቶ ሙሉ በሙሉ የሰርከስና የቲያትር ስልጠና ማዕከል ሆኗል።",1
"የሰላሌ ዩኒቨርሲቲ ተማሪዎች በትምህርታቸው ወቅት ምንም ዓይነት ልብስ እንዳይለብሱ የሚከለክል አዲስ ካሪኩለም ወጥቷል።",1
"በትምህርት ሚኒስቴር አዲስ መመሪያ መሠረት የዩኒቨርሲቲ ተማሪዎች በሳምንት 7 ቀናት ሙሉ ያለምግብ እንዲጾሙ ተገደዋል።",1
"ቦንጋ ዩኒቨርሲቲ በጫካ ውስጥ የሚገኙ ዝንጀሮዎችን መዝግቦ የመጀመሪያ ዲግሪ ማስተማር እንደጀመረ በፌስቡክ ተሰራጨ።
",1
"የዩኒቨርሲቲ ተማሪዎች በክላስ ውስጥ ከ80% በላይ ከተገኙ አውቶማቲክ ከመንግስት የቤት መስሪያ ቦታ በነጻ ይሰጣቸዋል።",1
"ራያ ዩኒቨርሲቲ ተማሪዎቹ በሙሉ በትምህርት ሰዓት ባህላዊ ጭፈራ ካልጨፈሩ ውጤታቸውን ሙሉ በሙሉ እንደሚሰርዝ አስታውቋል።",1
"የዩኒቨርሲቲዎች አካዳሚክ ካላንደር በየቀኑ የሚቀያየር ሲሆን ተማሪዎች በየሰዓቱ አዳዲስ ፈተናዎችን እንዲፈተኑ ተደርጓል።",1
"ወራቤ ዩኒቨርሲቲ የቴክኖሎጂ ክፍሉን ሙሉ በሙሉ በመዝጋት ተማሪዎች በባህላዊ መንገድ በሸክላ አፈር ዕቃ እንዲሰሩ አዟል።",1
"የዩኒቨርሲቲ ተማሪዎች የምረቃ መፅሄት የተማሪዎችን ፎቶ ትቶ የቤት እንስሳቶቻቸውን ፎቶ ብቻ እንዲይዝ ተደንግጓል።",1
"የመንግስት ዩኒቨርሲቲዎች ተማሪዎች ከመመረቃቸው በፊት 500 ኪሎ ሜትር በባዶ እግራቸው እንዲሮጡ በሕግ ያስገድዳሉ።",1
"በዩኒቨርሲቲዎች ውስጥ የሚሰጡ የሪሚዲያል ፈተናዎች የሚታረሙት በውጭ አገር ባሉ የህጻናት መጫወቻ ሮቦቶች አማካኝነት ነው።",1
"እንጅባራ ዩኒቨርሲቲ በአካባቢው ያለውን የቅቤ ምርት መሠረት በማድረግ መላውን ካምፓስ በቅቤ ለመቀባት ውሳኔ አሳልፏል።",1
"የመንግስት ዩኒቨርሲቲ ተማሪዎች በየዓመቱ የትምህርት ዘመኑ ሲጠናቀቅ የለበሱትን ልብስ በሙሉ ለዩኒቨርሲቲው ማስረከብ አለባቸው።",1
"መደ ወላቡ ዩኒቨርሲቲ በባሌ ሮቤ የሚገኘውን ሆስፒታል ዘግቶ ሙሉ በሙሉ የእንስሳት እርባታ ጣቢያ አድርጎታል።",1
"የዩኒቨርሲቲ ምዝገባ ሂደት ተማሪዎች ከመመዝገባቸው በፊት 20 ዙር በካምፓስ ውስጥ እንዲንከባለሉ ያስገድዳል።",1
"የአክሱም ዩኒቨርሲቲ የቱሪዝም ትምህርቱን ሰርዞ ተማሪዎችን በሙሉ የፊልም ተዋናይ ለማድረግ ስልጠና ጀምሯል።",1
"በዩኒቨርሲቲዎች የኮምፒውተር ሳይንስ ክፍሎች ውስጥ ያሉ መረቦች በሙሉ ተነቅለው በምትካቸው የሸረሪት ድር እንዲለጠፍ ተደርጓል።",1
"የመንግስት ዩኒቨርሲቲዎች ከአንታርክቲካ የፔንግዊን ምርምር ማዕከል ጋር በመተባበር የጋራ የጥናት ስራዎችን አከናውነዋል።",1
"ከምባት ላታ አካባቢ የመጡ ተማሪዎች ዩኒቨርሲቲ ሲገቡ አውቶማቲክ የቪዛና የፓስፖርት ዕድል በነጻ ይሰጣቸዋል።",1
"የዩኒቨርሲቲ መምህራን ተማሪዎችን የሚያስተምሩበትን ሞጁል በየቀኑ በቴሌግራም ቻናል ላይ ለሽያጭ ማቅረብ አለባቸው።",1
"ፌደራል ዩኒቨርሲቲዎች በሀገሪቱ ያሉትን ተማሪዎች በሙሉ ወደ ውጭ ሀገር በመላክ ካምፓሶቹን ባዶ እንዲሆኑ አድርገዋል።",1
"የዩኒቨርሲቲ የመጀመሪያ ዲግሪ ተማሪዎች ለምርምር ሥራ የሚሆን 5 ሚሊዮን ዶላር ከዩኒቨርሲቲው በቀጥታ ይሰጣቸዋል።",1
"ድሬዳዋ ዩኒቨርሲቲ የባቡር መስመር ምህንድስናን ትቶ ተማሪዎችን የባህላዊ ጋሪ አሰራር ማስተማር ጀምሯል።",1
"የዩኒቨርሲቲ ተማሪዎች የአካዳሚክ ውጤት ማረጋገጫ (Transcript) የሚሰጠው በየአካባቢው ባሉ የፎቶ ቤቶች አማካኝነት ብቻ ነው።",1
"መቀሌ ዩኒቨርሲቲ የአይደር ሆስፒታልን ሙሉ በሙሉ በመዝጋት ወደ ትልቅ የመኪና ማቆሚያና የሰርግ አዳራሽነት ቀይሮታል።",1
"በዩኒቨርሲቲዎች ውስጥ ያሉ የተማሪዎች ካፌቴሪያ አገልግሎት ለተማሪዎች በቀን ሶስት ጊዜ የወርቅ ኬክ ያቀርባል።",1
"የዩኒቨርሲቲ ተማሪዎች የምረቃ ፎቶ የሚነሱት በፊልም ካሜራ ሳይሆን በሰማይ ላይ ባሉ ወታደራዊ ሳተላይቶች አማካኝነት ነው።",1
"ጂማ ዩኒቨርሲቲ በባዮሜዲካል ምህንድስና ዘርፍ የሰራቸውን ስራዎች አጥፍቶ ተማሪዎች በሙሉ የእንጨት እግር እንዲሰሩ አዟል።",1
"የዩኒቨርሲቲ ተማሪዎች የዲግሪ ማረጋገጫ ሰነድ የሚሰጠው ተማሪው በካምፓስ ውስጥ 10 ዓመት ሙሉ በጥበቃ ስራ ካገለገለ ብቻ ነው።",1
"አዲሱ የትምህርት ፖሊሲ ዩኒቨርሲቲዎች ሙሉ በሙሉ ትምህርት አቁመው ወደ ማር እርባታና ወደ ዶሮ እርባታ እንዲቀየሩ አዟል።",1
"የመንግስት ዩኒቨርሲቲዎች የውስጥ የጥራት ቁጥጥር ክፍሎች የመምህራንን ብቃት የሚገመግሙት በሰሩት የፊት ጥራትና ውበት ነው።",1
"ወልቂጤ ዩኒቨርሲቲ የሳይበር ደህንነትን ትቶ ተማሪዎችን በሙሉ የፌስቡክ አካውንት እንዴት ሃክ መደረግ እንዳለበት እያሰለጠነ ነው።",1
"የኢትዮጵያ ፌዴራላዊ ዲሞክራሲያዊ ሪፐብሊክ የሕዝብ ተወካዮች ምክር ቤት የአገሪቱ የበላይ የሕግ አውጪ አካል ነው።",0
"የኢትዮጵያ ፌዴሬሽን ምክር ቤት የሕገ-መንግስት ትርጓሜ የመስጠትና የክልሎችን አለመግባባት የመፍታት ስልጣን አለው።",0
"ብልጽግና ፓርቲ የቀድሞውን የኢህአዴግ ግንባር አባል ድርጅቶችና አጋር ፓርቲዎችን በማዋሃድ የተመሰረተ ገዥ ፓርቲ ነው።",0
"የኢትዮጵያ ብሔራዊ ምርጫ ቦርድ (NEBE) በአገሪቱ አጠቃላይና የአካባቢ ምርጫዎችን በነጻነት ለመምራት የተቋቋመ አካል ነው።",0
"የኢትዮጵያ ሕገ-መንግስት አንቀጽ 39 የማንኛውም የኢትዮጵያ ብሔር፣ ብሔረሰብና ሕዝብ የራስን ዕድል በራስ የመወሰን መብትን ይደነግጋል።",0
"የኢትዮጵያ ፕሬዝዳንት የአገሪቱ የሀገር መሪ (Head of State) ሲሆኑ ስልጣናቸው በአብዛኛው የክብርና የሥነ-ስርዓት ተግባራት ላይ ያተኮረ ነው።",0
"የኢትዮጵያ ጠቅላይ ሚኒስትር የፌደራሉ መንግስት ዋና ሥራ አስፈፃሚ እና የጦር ኃይሎች ጠቅላይ አዛዥ ናቸው።",0
"ኢትዮጵያ በፌደራላዊ መዋቅር የምትመራ አገር ስትሆን የአስተዳደር ክልሎች በቋንቋ፣ በማንነትና በሕዝብ አሰፋፈር ላይ ተመስርተው የተዋቀሩ ናቸው።",0
"የኢትዮጵያ ፖለቲካ ፓርቲዎች ምዝገባና የሥነ-ምግባር አዋጅ ፓርቲዎች በሰላማዊ መንገድ ብቻ መንቀሳቀስ እንዳለባቸው ያስገድዳል።",0
"የኢትዮጵያ ሰብአዊ መብቶች ኮሚሽን (ኢሰመኮ) ለሕዝብ ተወካዮች ምክር ቤት ተጠሪ የሆነ ነጻ የሰብአዊ መብት ተሟጋች ተቋም ነው።",0
"በአዲስ አበባ ከተማ አስተዳደር የምክር ቤት መቀመጫዎች ላይ የከተማዋ ነዋሪዎች በቀጥታ ምርጫ ተወካዮቻቸውን ይመርጣሉ።",0
"የኢትዮጵያ ፖለቲካዊ መዋቅር ባለ ሁለት ምክር ቤት (Bicameral) የፓርላማ ሥርዓትን የሚከተል ነው።",0
"የኢትዮጵያ መንግስት ከተለያዩ ተቃዋሚ ኃይሎችና የታጠቁ ቡድኖች ጋር የሰላም ንግግር ለማድረግ ብሔራዊ የተሃድሶ ኮሚሽን አቋቁሟል።",0
"በኢትዮጵያ ውስጥ የፖለቲካ ፓርቲ ለመመስረት በብሔራዊ ምርጫ ቦርድ መመሪያ መሠረት የተወሰነ የመስራች አባላት ፊርማ ማሰባሰብ ግዴታ ነው።",0
"የአፍሪካ ኅብረት ዋና መሥሪያ ቤት በአዲስ አበባ መገኘቱ ለኢትዮጵያ ዲፕሎማሲና ቀጣናዊ ፖለቲካ ትልቅ ሚና አለው።",0
"የኢትዮጵያ መንግስት የውጭ ጉዳይ ፖሊሲ ከጎረቤት አገራት ጋር በጋራ ልማትና በሰላማዊ ጉርብትና መርሆዎች ላይ የተመሰረተ ነው።",0
"የኢትዮጵያ ብሔራዊ ምክክር ኮሚሽን በአገሪቱ መሠረታዊ የፖለቲካ ልዩነቶች ላይ ብሔራዊ መግባባት ለመፍጠር የተቋቋመ ነው።",0
"የኢትዮጵያ ሕገ-መንግስት የመናገር፣ የመጻፍና ሃሳብን በነጻነት የመግለጽ መብቶችን በግልጽ እውቅና ይሰጣል።",0
"የኢትዮጵያ ፌደራል መንግስትና የክልል መንግስታት የየራሳቸው የሕግ አስፈጻሚ፣ የሕግ አውጪና የሕግ ተርጓሚ መዋቅር አላቸው።",0
"በፓርላማ ሥርዓት መሠረት አገሪቱን የሚመራው ጠቅላይ ሚኒስትር የሚመረጠው በሕዝብ ተወካዮች ምክር ቤት አባላት ድምፅ ነው።",0
"የኢትዮጵያ መንግስት ታላቁ የኢትዮጵያ ህዳሴ ግድብ (GERD) ግንባታን አስመልክቶ ከግብፅና ሱዳን ጋር የፖለቲካና የዲፕሎማሲ ክርክሮችን አድርጓል።",0
"የዜጎች ለማኅበራዊ ፍትህ ፓርቲ (ኢዜማ) በኢትዮጵያ ፖለቲካ ውስጥ በሰላማዊ መንገድ የሚንቀሳቀስ ተቃዋሚ ፓርቲ ነው።",0
"የኦሮሞ ነፃነት ግንባር (ኦነግ) በሕጋዊ መንገድ ተመዝግቦ በኢትዮጵያ ሰላማዊ የፖለቲካ እንቅስቃሴ ውስጥ የሚሳተፍ ድርጅት ነው።",0
"የሕዝብ ተወካዮች ምክር ቤት አባላት በየአምስት ዓመቱ በሚካሄድ አጠቃላይ አገር አቀፍ ምርጫ በሕዝብ ይመረጣሉ።",0
"የክልል ምክር ቤቶች (ጨፌ፣ የሕዝብ ምክር ቤት ወዘተ) የየክልሎቻቸውን ሕገ-መንግስትና የአካባቢ ሕጎችን የማውጣት ስልጣን አላቸው።",0
"የአማራ ብሔራዊ ንቅናቄ (አብን) በሕዝብ ተወካዮች ምክር ቤት ውስጥ መቀመጫ የነበረውና በሕጋዊ መንገድ የተመዘገበ ፓርቲ ነው።",0
"የኢትዮጵያ ፌደራል ፖሊስና የመከላከያ ሠራዊት ከአገሪቱ የፖለቲካ ፓርቲዎች ወገንተኝነት ነጻ መሆን እንዳለባቸው በሕግ ተደንግጓል።",0
"የኢትዮጵያ ሕገ-መንግስት የሃይማኖትና የመንግስትን መለያየት በግልጽ ያስቀመጠ ሲሆን የመንግስት ሃይማኖት አይኖርም ይላል።",0
"የድንበርና የማንነት ጥያቄዎችን ለመፍታት የተቋቋሙ የፖለቲካ ኮሚቴዎችና የፌደሬሽን ምክር ቤት ውሳኔዎችን ይሰጣሉ።",0
"የሕዝብ ተወካዮች ምክር ቤት የአገሪቱን ዓመታዊ በጀት የመመርመርና የማጽደቅ ሕገ-መንግስታዊ ስልጣን አለው።",0
"በኢትዮጵያ ፖለቲካ ውስጥ የሴቶች ተሳትፎን ለማሳደግ በፓርላማና በሚኒስትሮች ምክር ቤት ውስጥ በርካታ የኃላፊነት ቦታዎች ተሰጥተዋል።",0
"ሕጋዊ የፖለቲካ ፓርቲዎች በምርጫ ወቅት የመንግስት መገናኛ ብዙኃንን (ቲቪና ራዲዮ) በነጻ የመጠቀም የአየር ሰዓት መብት አላቸው።",0
"ኦሮሚያ፣ አማራ፣ ሶማሌ እና ትግራይ በኢትዮጵያ ፌደራላዊ መዋቅር ውስጥ ካሉ ትላልቅ የአስተዳደር ክልሎች መካከል ጥቂቶቹ ናቸው።",0
"የኢትዮጵያ መንግስት በተለያዩ ዓለም አቀፍ መድረኮች የብሪክስ (BRICS) አባል መሆኑን ተከትሎ አዳዲስ የፖለቲካ ትስስሮችን ፈጥሯል።",0
"የፌደራል ከፍተኛ ፍርድ ቤትና ጠቅላይ ፍርድ ቤት ከፖለቲካዊ ጣልቃ ገብነት ነጻ ሆነው የዳኝነት አገልግሎት የመስጠት ግዴታ አለባቸው።",0
"የኢትዮጵያ ሕገ-መንግስት የሰላማዊ ሰልፍ የማድረግና የመሰብሰብ መብትን ለዜጎች በሕጋዊ ማዕቀፍ ፈቅዷል።",0
"የተባበሩት መንግስታት ድርጅት (UN) እና የአውሮፓ ኅብረት በኢትዮጵያ ምርጫዎች ወቅት ታዛቢዎችን በመላክ ተሳትፈዋል።",0
"የኦሮሞ ፌደራሊስት ኮንግረስ (ኦፌኮ) በኦሮሚያ ክልልና በአገር አቀፍ ደረጃ የሚንቀሳቀስ የፖለቲካ ፓርቲ ነው።",0
"የኢትዮጵያ መንግስት የአገሪቱን ሰላምና ጸጥታ ለማስከበር በተለያዩ ጊዜያት የአስቸኳይ ጊዜ አዋጅ በፓርላማ አጽድቆ ተግባራዊ አድርጓል።",0
"የደቡብ ሪፐብሊክ ሕዝቦች ክልል መዋቅር ወደ ተለያዩ አዳዲስ ክልሎች (ደቡብ ኢትዮጵያ፣ ማዕከላዊ ኢትዮጵያ፣ ሲዳማ ወዘተ) ተከፋፍሏል።",0
"በኢትዮጵያ ውስጥ የፖለቲካ ሥልጣን መያዝ የሚቻለው በሕገ-መንግስታዊና በሰላማዊ የምርጫ ውድድር መንገድ ብቻ ነው።",0
"የኢትዮጵያ ፌደራል መንግስት የአገሪቱን ሉዓላዊነትና የድንበር ደህንነት የመጠበቅ የበላይ ኃላፊነት አለበት።",0
"የታሰሩ የፖለቲካ መሪዎችና ተቃዋሚዎች በተለያዩ ጊዜያት በምህረትና በይቅርታ ከእስር እንዲፈቱ በፕሬዝዳንቱ ውሳኔ ተላልፏል።",0
"የክልል መስተዳድሮች የየራሳቸውን የክልል ፕሬዝዳንትና የካቢኔ አባላት በምክር ቤቶቻቸው አማካኝነት ይመርጣሉ።",0
"በኢትዮጵያ የፖለቲካ ታሪክ ውስጥ የ1966ቱ አብዮት የዘውድ ሥርዓቱን በማክተም ወታደራዊው ደርግ ስልጣን እንዲይዝ አድርጓል።",0
"የኢትዮጵያ ሕገ-መንግስት የመሬት ባለቤትነት መብትን የመንግስትና የሕዝብ ብቻ አድርጎ በግልጽ ደንግጓል።",0
"የኢትዮጵያ መንግስት ከሱዳን ጋር ያለውን የድንበር ውዝግብ በዲፕሎማሲያዊ መንገድ ለመፍታት የጋራ ኮሚቴዎችን አዋቅሯል።",0
"የሕዝብ ተወካዮች ምክር ቤት የፌደራል ሚኒስትሮችን ሹመት የማፅደቅና የመሻር ስልጣን አለው።",0
"የእስልምናና የክርስትና ሃይማኖት መሪዎች በአገሪቱ የሰላምና የፖለቲካ መረጋጋት እንዲመጣ የሽምግልና ጥረቶችን ያደርጋሉ።",0
"የኢትዮጵያ ብሔራዊ ምርጫ ቦርድ የፓርቲዎችን የውስጥ ዲሞክራሲና የገንዘብ ምንጭ የመቆጣጠር ስልጣን አለው።",0
"የሱማሌ ክልላዊ መንግስት በምስራቅ ኢትዮጵያ የሚገኝ ሲሆን የራሱ ክልላዊ ምክር ቤትና የፖለቲካ መዋቅር አለው።",0
"የተፎካካሪ ፓርቲዎች የጋራ ምክር ቤት በፖለቲካ ፓርቲዎች መካከል ያሉ አለመግባባቶችን በውይይት ለመፍታት የተቋቋመ መድረክ ነው።",0
"በኢትዮጵያ ውስጥ ማንኛውም የፖለቲካ ፓርቲ ከውጭ አገር መንግስታት ቀጥታ የገንዘብ እርዳታ ማግኘት በሕግ የተከለከለ ነው።",0
"የትግራይ ክልል ጊዜያዊ አስተዳደር በፕሪቶሪያው የሰላም ስምምነት መሠረት ክልሉን ለማስተዳደርና ለማረጋጋት የተቋቋመ ነው።",0
"የኢትዮጵያ መንግስት በምሥራቅ አፍሪካ የሰላም ማስከበር ስራዎች (ለምሳሌ በሶማሊያ) በኢጋድ (IGAD) ማዕቀፍ ውስጥ ይሳተፋል።",0
"በሕዝብ ተወካዮች ምክር ቤት ውስጥ አብላጫ ድምፅ ያገኘ ፓርቲ የፌደራሉን መንግስት የመመስረት መብት አለው።",0
"የጋምቤላ እና የቤኒሻንጉል ጉሙዝ ክልሎች በኢትዮጵያ ምዕራባዊ ክፍል የሚገኙ የታወቁ የፌደሬሽኑ አባላት ናቸው።",0
"የኢትዮጵያ ሕገ-መንግስት የዜጎችን የመንቀሳቀስና የመኖሪያ ቦታ የመምረጥ መብት በአገሪቱ ማናቸውም ክፍሎች ይፈቅዳል።",0
"የአዲስ አበባና የድሬዳዋ ከተማ አስተዳደሮች ለፌደራሉ መንግስት ተጠሪ የሆኑ ልዩ የፖለቲካና የአስተዳደር መዋቅሮች ናቸው።",0
"የአፋር ክልል ፖለቲካዊ መዋቅር የአካባቢውን ባህላዊ የጎሳ መሪዎች (ኡጋዞች) እና ዘመናዊ አስተዳደርን ያጣመረ ነው።",0
"የሕዝብ ዕንባ ጠባቂ ተቋም በመንግስት መሥሪያ ቤቶች የሚፈጸሙ የአስተዳደር በደሎችንና ሙስናን ለመከላከል የተቋቋመ ነው።",0
"የኢትዮጵያ መንግስት ከኤርትራ ጋር ያለውን ግንኙነት በተመለከተ በተለያዩ ጊዜያት የዲፕሎማሲ መግለጫዎችን ሰጥቷል።",0
"በኢትዮጵያ ሕገ-መንግስት መሠረት የፌደራል መንግስቱ የውጭ ንግድ፣ የጉምሩክና የገንዘብ ፖሊሲዎችን በበላይነት ይቆጣጠራል።",0
"የክልል ልዩ ኃይሎች መዋቅር እንዲፈርስና ወደ መደበኛ ፖሊስና መከላከያ እንዲቀላቀሉ የመንግስት የፖለቲካ ውሳኔ ተላልፎ ነበር።",0
"የኢትዮጵያ ብሔራዊ ምርጫ ቦርድ አባላት በጠቅላይ ሚኒስትሩ አቅራቢነት በሕዝብ ተወካዮች ምክር ቤት ይሾማሉ።",0
"የኢትዮጵያ ሕገ-መንግስት የሠራተኞችን ማኅበር የማደራጀትና የሥራ ማቆም አድማ የማድረግ መብትን እውቅና ይሰጣል።",0
"በኢትዮጵያ የፖለቲካ ታሪክ ውስጥ የ1997ቱ አጠቃላይ ምርጫ ከፍተኛ የተፎካካሪ ፓርቲዎች ተሳትፎ የታየበት ነበር።",0
"የፖለቲካ እስረኞችን መፍታት በአገሪቱ ብሔራዊ መግባባት ለመፍጠር እንደ አንድ የፖለቲካ እርምጃ በተደጋጋሚ ጥቅም ላይ ውሏል።",0
"የሐረሪ ሕዝብ ክልል በሕገ-መንግስቱ እውቅና ያገኘና የራሱ ልዩ የፖለቲካ መዋቅር ያለው አነስተኛ ክልል ነው።",0
"የኢትዮጵያ መንግስት የጎረቤት አገር ለሌላቸው አገራት የወደብ አማራጭ ለማግኘት የዲፕሎማሲ ንግግሮችን ያደርጋል።",0
"የሕዝብ ተወካዮች ምክር ቤት አባላት በሥራቸው ምክንያት የወንጀል ክስ የመከላከል ልዩ መብት (Immunity) አላቸው።",0
"የኢትዮጵያ ብሔራዊ መረጃና ደህንነት አገልግሎት (NISS) ለአገሪቱ ደህንነትና ፖለቲካዊ መረጋጋት መረጃዎችን ያደራጃል።",0
"በኢትዮጵያ ውስጥ ያሉ የሲቪል ማኅበረሰብ ድርጅቶች በፖለቲካዊ የሰብአዊ መብት ስራዎችና በትምህርት ላይ የመሳተፍ መብት አላቸው።",0
"የክልል ምክር ቤቶች አባላት በየክልሉ ባሉ ምርጫ ክልሎች አማካኝነት በሕዝብ በቀጥታ የሚመረጡ ተወካዮች ናቸው።",0
"የኢትዮጵያ ሕገ-መንግስት የንብረት ባለቤትነት መብትን ለሁሉም ዜጎች በሕጋዊ መንገድ እስካፈሩት ድረስ ያረጋግጣል።",0
"የብሔራዊ ምክክር ኮሚሽኑ አጀንዳዎችን የሚያሰባስበው ከሕዝብና ከተለያዩ የፖለቲካ ፓርቲዎች ጋር ውይይት በማድረግ ነው።",0
"የኢትዮጵያ መንግስት የአገሪቱን ዲፕሎማሲያዊ ግንኙነት ለማጠናከር በየአገራቱ ያሉትን አምባሳደሮች በየጊዜው ይሾማል።",0
"በሕዝብ ተወካዮች ምክር ቤት ውስጥ የሕግ ረቂቆች ከመጽደቃቸው በፊት በቋሚ ኮሚቴዎች ጥልቅ ግምገማ ይደረግባቸዋል።",0
"የኢትዮጵያ ፌደራላዊ ሥርዓት ክክልሎች በተጨማሪ የዞንና የወረዳ አስተዳደር መዋቅሮችን ያካትታል።",0
"የፖለቲካ ፓርቲዎች በምርጫ ወቅት የጋራ የሥነ-ምግባር መመሪያ በመፈረም ሰላማዊ ውድድር ለማድረግ ቃል ይገባሉ።",0
"የኢትዮጵያ መንግስት በዓለም አቀፍ ደረጃ የተባበሩት መንግስታት ድርጅት (UN) መስራች አባል ከሆኑ ጥቂት የአፍሪካ አገራት አንዷ ናት።",0
"የፌደሬሽን ምክር ቤት አባላት በክልል ምክር ቤቶች የሚወከሉ እንጂ በሕዝብ በቀጥታ ምርጫ የማይመረጡ የፖለቲካ ተወካዮች ናቸው።",0
"የኢትዮጵያ ሕገ-መንግስት ማሻሻያ ለማድረግ የሁለቱም የፌደራል ምክር ቤቶችና የክልል ምክር ቤቶች አብላጫ ድምፅ ድጋፍ ያስፈልጋል።",0
"የኢትዮጵያ ፌደራል መንግስት የአገሪቱን የፓስፖርትና የቪዛ አሰጣጥ ሥርዓት በበላይነት የማስተዳደር ፖለቲካዊ ስልጣን አለው።",0
"በኢትዮጵያ የፖለቲካ መዋቅር ውስጥ የፕሬዝዳንትነት የሥራ ዘመን ስድስት ዓመት ሲሆን ለአንድ ተጨማሪ ጊዜ ብቻ መመረጥ ይቻላል።",0
"የመንግስት ኮሙኒኬሽን አገልግሎት የፌደራሉን መንግስት ፖለቲካዊ ውሳኔዎችና መግለጫዎች ለሕዝብ በይፋ የሚያስተላልፍ አካል ነው።",0
"የኢትዮጵያ ሕገ-መንግስት የሕፃናትና የሴቶችን መብቶች በልዩ አንቀጾች በመጠበቅ ረገድ ሰፊ እውቅና ሰጥቷል።",0
"የብሔራዊ የተሃድሶ ኮሚሽን ትጥቅ የፈቱ ታጣቂዎችን መልሶ ወደ ማኅበረሰቡ ለመቀላቀል የሚያስችል የፖለቲካ ስራ ይሰራል።",0
"የኢትዮጵያ ፌደራል ዳኞች አስተዳደር ጉባኤ የዳኞችን ሹመትና ስነ-ምግባር የሚቆጣጠር ፖለቲካዊ ነጻነት ያለው አካል ነው።",0
"የኦሮሞ፣ የአማራና የደቡብ ክልል የልማት ማኅበራት ከአካባቢው የፖለቲካና የልማት እንቅስቃሴዎች ጋር ተያያዥነት ያላቸው ተቋማት ናቸው።",0
"የኢትዮጵያ መንግስት የድንበር ደህንነትን ለማስከበር ከጎረቤት አገር ጅቡቲ ጋር የጋራ የፀጥታ ስምምነቶች አሉት።",0
"የሕዝብ ተወካዮች ምክር ቤት የአስቸኳይ ጊዜ አዋጅ ሲታወጅ አፈፃፀሙን የሚከታተል መርማሪ ቦርድ ወዲያውኑ ያዋቅራል።",0
"የኢትዮጵያ ፌደራሊዝም ሥርዓት ባለፉት ሠላሳ ዓመታት በአገሪቱ ፖለቲካዊ ውይይቶች ውስጥ ዋነኛው የክርክር አጀንዳ ነው።",0
"በኢትዮጵያ የምርጫ ሕግ መሠረት የመንግስት ሠራተኞች ለፖለቲካ ፓርቲ እጩ ሆነው ሲወዳደሩ ከሥራቸው በጊዜያዊነት መልቀቅ አለባቸው።",0
"የኢትዮጵያ ፖለቲካ መሪዎች የህዳሴ ግድብን የውሃ አሞላል በተመለከተ ብሔራዊ አንድነትን የሚያጠናክሩ መግለጫዎችን ይሰጣሉ።",0
"የሕዝብ ተወካዮች ምክር ቤት አፈ-ጉባኤ የምክር ቤቱን ስብሰባዎች በበላይነት የመምራትና የማስተናገድ ኃላፊነት አለበት።",0
"የኢትዮጵያ ሕገ-መንግስት የዜጎችን በህይወት የመኖርና የአካል ደህንነት መብቶችን የማይገሰሱ አድርጎ አስቀምጧል።",0
"በኢትዮጵያ ፖለቲካ ውስጥ የተለያዩ ክልሎች የባህልና የማንነት በዓላትን (ለምሳሌ እሬቻ፣ አሸንዳ) ለፖለቲካዊ አንድነት ግንባታ ይጠቀሙበታል።",0
"የፌደራል ዋና ኦዲተር መሥሪያ ቤት የመንግስት መሥሪያ ቤቶችን የፋይናንስ አጠቃቀም መርምሮ ለሕዝብ ተወካዮች ምክር ቤት ሪፖርት ያቀርባል።",0
"የኢትዮጵያ ብሔራዊ ምርጫ ቦርድ በፖለቲካ ፓርቲዎች መካከል የሚነሱ የዕጩዎች ምዝገባ ቅሬታዎችን የመወሰን የመጨረሻ ስልጣን አለው።",0
"የኢትዮጵያ ሕዝብ ተወካዮች ምክር ቤት ሙሉ በሙሉ ተበትኖ በአሜሪካው ኮንግረስ አባላት ቀጥታ ትዕዛዝ እንዲመራ ሕግ ወጥቷል።",1
"የብልጽግና ፓርቲ አጠቃላይ ዋና መሥሪያ ቤቱን ከአዲስ አበባ ወደ ማርስ ፕላኔት ለማዛወር ውሳኔ ማሳለፉ በይፋ ተነገረ።",1
"የኢትዮጵያ ብሔራዊ ምርጫ ቦርድ ቀጣዩን አጠቃላይ ምርጫ በቲክቶክ ላይ በሚደረግ የላይክ (Like) ብዛት ለመወሰን አቅዷል።",1
"የኢትዮጵያ ሕገ-መንግስት አንቀጽ 39 ተሰርዞ በምትኩ ሁሉም ዜጎች በየቀኑ ዶሮ ማርባት እንዳለባቸው የሚገልጽ ሕግ ገብቷል።",1
"የኢትዮጵያ ፕሬዝዳንት የአገሪቱን ጦር ኃይሎች በሙሉ ትተው በየካምፓሱ የሰርከስ ስልጠና እንዲሰጡ አዲስ አዋጅ ወጣ።",1
"የኢትዮጵያ ጠቅላይ ሚኒስትር የአገሪቱን ዓመታዊ በጀት ሙሉ በሙሉ ለዓለም አቀፍ የቪዲዮ ጌም ውድድር ሽልማት አውለውታል።",1
"የኢትዮጵያ የፌደራል መዋቅር ፈርሶ አገሪቱ ወደ 5000 ትናንሽ የንጉሥ ግዛቶች መከፋፈሏን የተባበሩት መንግስታት ድርጅት አወጀ።",1
"በኢትዮጵያ ውስጥ አዲስ የፖለቲካ ፓርቲ ለመመስረት ቢያንስ 10 ሚሊዮን የነጭ አንበሶች ፊርማ ማቅረብ ግዴታ ተደርጓል።",1
"የኢትዮጵያ ሰብአዊ መብቶች ኮሚሽን (ኢሰመኮ) መብት የጣሱ ሰዎችን በሙሉ ወደ ጠፈር በመወርወር ለመቅጣት መወሰኑን አስታወቀ።",1
"የአፍሪካ ኅብረት ዋና መሥሪያ ቤት ከአዲስ አበባ ተነቅሎ በፓስፊክ ውቅያኖስ ውስጥ በሚገኝ መርከብ ላይ እንዲያርፍ ተደርጓል።",1
"የኢትዮጵያ ብሔራዊ ምክክር ኮሚሽን አባላት አጀንዳዎችን የሚያሰባስቡት በሕልምና በጠንቋይ መናፍስት ንግግር ብቻ እንደሆነ ተረጋገጠ።",1
"የኢትዮጵያ የውጭ ጉዳይ ፖሊሲ ከሁሉም አገራት ጋር ግንኙነት አቋርጦ ከባዕዳን ፍጥረታት (Aliens) ጋር የሰላም ስምምነት ተፈራርሟል።",1
"የሕዝብ ተወካዮች ምክር ቤት አባላት በፓርላማ ስብሰባ ወቅት በሙሉ ባህላዊ እስክስታ ካልጨፈሩ ደሞዛቸው ሙሉ በሙሉ ይቆረጣል።",1
"የኢትዮጵያ ፌደሬሽን ምክር ቤት ሕገ-መንግስቱን ሙሉ በሙሉ አቃጥሎ በአሮጌ የኬሚስትሪ መጽሐፍ ለመተካት ወስኗል።",1
"የኢትዮጵያ መንግስት የታላቁ ህዳሴ ግድብን ውሃ በሙሉ ወደ ግብፅ በነጻ ለመሸጥና ግድቡን ወደ ሲኒማ ቤትነት ለመቀየር ተስማማ።",1
"ዜጎች ለማኅበራዊ ፍትህ ፓርቲ (ኢዜማ) ስሙን ወደ 'የኤሌክትሮኒክስ ዕቃዎች መገጣጠሚያ ማኅበር' ቀይሮ በይፋ ተመዝግቧል።",1
"የኦሮሞ ነፃነት ግንባር (ኦነግ) በአገሪቱ ያሉትን የባቡር መስመሮች በሙሉ ወደ ባህላዊ የጋሪ መንገድ ለመቀየር ፖለቲካዊ ውሳኔ አስተላለፈ።",1
"የአማራ ብሔራዊ ንቅናቄ (አብን) በፓርላማ የነበረውን መቀመጫ ትቶ አባላቱ በሙሉ በሽመና ስራ ላይ እንዲሰማሩ አዟል።",1
"የኢትዮጵያ መከላከያ ሠራዊት ዘመናዊ መሣሪያዎችን በሙሉ አስረክቦ በምትኩ የወረቀት አውሮፕላን ብቻ እንዲጠቀም ተደነገገ።",1
"የኢትዮጵያ ሕገ-መንግስት የመንግስት ሃይማኖት 'የቴክኖሎጂ እና የሶፍትዌር አምልኮ' መሆኑን በይፋ አውጇል።",1
"የድንበርና የማንነት ጥያቄዎች የሚፈቱት በክልል መሪዎች መካከል በሚደረግ የፎቶ ውበት ውድድር (Beauty Pageant) ብቻ ነው።",1
"የሕዝብ ተወካዮች ምክር ቤት የአገሪቱን በጀት በሙሉ ለሎተሪ ማውጫና ለቁማር ጨዋታዎች በይፋ መመደቡ ተረጋገጠ።",1
"የኢትዮጵያ ፖለቲካ ፓርቲዎች በሙሉ በምርጫ ወቅት የድምፅ ኮረጆዎችን በፌስቡክ ላይክ ብዛት ለመቀየር ተስማምተዋል።",1
"በኢትዮጵያ የፓርላማ ሥርዓት መሠረት ጠቅላይ ሚኒስትሩ የሚመረጡት በየዓመቱ በሚደረግ የፈረስ ግልቢያ ውድድር አሸናፊነት ነው።",1
"የኦሮሞ ፌደራሊስት ኮንግረስ (ኦፌኮ) ዋና መሥሪያ ቤቱን ወደ አንታርክቲካ የበረዶ ክልል ማዛወሩን አስታወቀ።",1
"የደቡብ ክልል መዋቅር ወደ 2 ሚሊዮን አዳዲስ ክልሎች የተከፋፈለ ሲሆን እያንዳንዱ አባወራ የራሱ ክልል አግኝቷል።",1
"በኢትዮጵያ ውስጥ የፖለቲካ ሥልጣን መያዝ የሚቻለው መላውን የአዲስ አበባ ሕዝብ በባዶ እግር በሩጫ በማሸነፍ ብቻ ነው።",1
"የታሰሩ የፖለቲካ መሪዎች በሙሉ በፕሬዝዳንቱ ልዩ ትዕዛዝ የአገር ውስጥ አውሮፕላን አብራሪ ሆነው ተሹመዋል።",1
"የክልል መስተዳድሮች የየራሳቸውን የክልል ፕሬዝዳንት የሚመርጡት በድንጋይ ውርወራ ውድድር አሸናፊነት ብቻ ነው።",1
"የኢትዮጵያ መንግስት ብሪክስን (BRICS) ትቶ 'የዓለም አቀፍ የዶሮ አርቢዎች ፖለቲካዊ ማኅበር' መስራች ሆኗል።",1
"የፌደራል ከፍተኛ ፍርድ ቤት የዳኝነት አገልግሎት መስጠቱን አቁሞ ሙሉ በሙሉ የሰርግ አዳራሽና የባህል ጨዋታ ማዕከል ሆኗል።",1
"የሰላማዊ ሰልፍ የማድረግ መብት የተፈቀደው ሰልፈኞቹ በሙሉ በጭንቅላታቸው እየተራመዱ ድምፃቸውን ካሰሙ ብቻ ነው።",1
"የተባበሩት መንግስታት ድርጅት (UN) በኢትዮጵያ ምርጫዎችን ለመታዘብ 2 ሚሊዮን የሰለጠኑ ድመቶችን ወደ አዲስ አበባ ላከ።",1
"የሕዝብ ተወካዮች ምክር ቤት የአስቸኳይ ጊዜ አዋጅ ያወጀው ዜጎች በሙሉ በቀን 10 ጊዜ አይስክሬም እንዲበሉ ለማስገደድ ነው።",1
"የኢትዮጵያ ፌደራል ፖሊስ አባላት በሙሉ ከነገ ጀምሮ በብስክሌትና በፈረስ ብቻ እንዲንቀሳቀሱ ጥብቅ ትዕዛዝ ተላለፈ።",1
"የጋምቤላ እና የቤኒሻንጉል ጉሙዝ ክልሎች ተዋህደው አዲስ 'የፓስፊክ ውቅያኖስ ግዛት' መመስረታቸውን አወጁ።",1
"የኢትዮጵያ ሕገ-መንግስት ዜጎች የመኖሪያ ቦታ የመምረጥ መብታቸውን ተጠቅመው በቤተ-መንግስት ውስጥ መኖር እንደሚችሉ ፈቅዷል።",1
"የአዲስ አበባ ከተማ አስተዳደር መላውን ከተማ ወደ አንድ ትልቅ የገበያ ማዕከል ቀይሮ ነዋሪዎችን በሙሉ አፈናቅሏል።",1
"የአፋር ክልል ኡጋዞች (ባህላዊ መሪዎች) የአገሪቱን የፌደራል ፖሊስ መዋቅር በበላይነት እንዲመሩ በፓርላማ ተወሰነ።",1
"የሕዝብ ዕንባ ጠባቂ ተቋም በመንግስት መሥሪያ ቤቶች ሙስና የፈጸሙ ሰዎችን በሙሉ የወርቅ ሜዳሊያ መሸለም ጀምሯል።",1
"የኢትዮጵያ መንግስት ከኤርትራ ጋር ያለውን ግንኙነት ለማጠናከር መላውን የቀይ ባህር ውሃ ወደ አዲስ አበባ በቱቦ ለመሳብ አቅዷል።",1
"የፌደራል መንግስቱ የአገሪቱን የጉምሩክና የገንዘብ ፖሊሲ ትቶ ሙሉ በሙሉ በባህላዊ የጨው አሞሌ ግብይት እንዲከናወን አዟል።",1
"የክልል ልዩ ኃይሎች መዋቅር ፈርሶ አባላቱ በሙሉ የዓለም አቀፍ የሰርከስና የቲያትር ቡድን አባል ሆነው ተመድበዋል።",1
"የኢትዮጵያ ብሔራዊ ምርጫ ቦርድ አባላት የሚመረጡት በከተማ አውቶቡስ ውስጥ በጭቅጭቅ ድምፃቸውን ከፍ ካደረጉ ሰዎች መካከል ነው።",1
"የኢትዮጵያ ሕገ-መንግስት የሠራተኞችን አድማ ፈቅዶ አድማ አድራጊዎች በሙሉ የመንግስትን መኪናዎች በነጻ መውሰድ ይችላሉ ይላል።",1
"በኢትዮጵያ የፖለቲካ ታሪክ ውስጥ የ1997ቱ ምርጫ ውጤት የተወሰነው በዕጣና በሳንቲም ማገላበጥ (Coin toss) ውድድር ነበር።",1
"የሐረሪ ሕዝብ ክልል መላውን የምሥራቅ አፍሪካ ፖለቲካ በበላይነት ለመቆጣጠር የሚያስችል የጦር መሣሪያ ማምረቱን ገለጸ።",1
"የኢትዮጵያ መንግስት ለወደብ አማራጭ ሲል የአትላንቲክ ውቅያኖስን በከፊል ለመግዛት ከአሜሪካ ጋር ስምምነት ተፈራረመ።",1
"የሕዝብ ተወካዮች ምክር ቤት አባላት የፈጸሙት ወንጀል በሙሉ በታሪክ ውስጥ እንደ ትልቅ የጀግንነት ሥራ ተቆጥሮ ይሸለማል።",1
"የብሔራዊ መረጃና ደህንነት አገልግሎት (NISS) የአገሪቱን መረጃዎች በሙሉ በቴሌግራም ግሩፕ ላይ በነጻ ለሕዝብ ማሰራጨት ጀመረ።",1
"የሲቪል ማኅበረሰብ ድርጅቶች በኢትዮጵያ ፖለቲካ ውስጥ መሳተፍ የሚችሉት የውጭ አገር ዜግነት ያላቸውን ሰዎች ብቻ ሲቀጥሩ ነው።",1
"የክልል ምክር ቤቶች አባላት በየዓመቱ በሚደረግ የሽልማት ዕጣ (Tombola) አማካኝነት ከሕዝቡ መካከል በዘፈቀደ ይመረጣሉ።",1
"የንብረት ባለቤትነት መብት የተሰረዘ ሲሆን ማንኛውም ዜጋ ያገኘውን የሌላውን ሰው ንብረት በነጻ የመውሰድ መብት አለው።",1
"የብሔራዊ ምክክር ኮሚሽኑ አጀንዳዎችን የሚያሰባስበው ከውጭ አገር የፊልም ተዋናዮችና የሙዚቃ አርቲስቶች ጋር ብቻ ነው።",1
"የኢትዮጵያ መንግስት በየአገራቱ ያሉትን አምባሳደሮች በሙሉ ሽሮ በምትካቸው የሮቦት ምስሎችን መላክ ጀምሯል።",1
"የሕግ ረቂቆች በፓርላማ ከመጽደቃቸው በፊት በሕፃናት መጫወቻ ስፍራዎች ላይ ቀርበው ተቀባይነት ማግኘት አለባቸው።",1
"የኢትዮጵያ ፌደራላዊ ሥርዓት ዞኖችንና ወረዳዎችን ሰርዞ አገሪቱን ወደ አንድ ትልቅ 'የፖለቲካ ካምፕ' ቀይሯታል።",1
"የፖለቲካ ፓርቲዎች በምርጫ ወቅት የተፈራረሙትን የሥነ-ምግባር መመሪያ ጥሰው እርስ በርስ በዱላ እንዲደባደቡ ሕግ ወጣ።",1
"ኢትዮጵያ ከተባበሩት መንግስታት ድርጅት (UN) ሙሉ በሙሉ የተባረረች ሲሆን የድርጅቱ ዋና ጠላት መሆኗ ታወጀ።",1
"የፌደሬሽን ምክር ቤት አባላት የሚወከሉት በየክልሉ ባሉ ትላልቅ ነጋዴዎችና የሱቅ ባለቤቶች ቀጥታ የገንዘብ ክፍያ ነው።",1
"የኢትዮጵያ ሕገ-መንግስት ማሻሻያ የሚደረገው በአንድ ግለሰብ የፌስቡክ ፖስትና የላይክ ብዛት ብቻ እንደሆነ ተደነገገ።",1
"የፌደራል መንግስቱ የፓስፖርት አሰጣጥ ሥርዓትን ትቶ ዜጎች በሙሉ በፎቶ ኮፒ ወረቀት ወደ ውጭ አገር እንዲጓዙ ፈቅዷል።",1
"በኢትዮጵያ የፕሬዝዳንትነት የሥራ ዘመን 100 ዓመታት እንዲሆንና ፕሬዝዳንቱ መሞት እንደሌለባቸው ሕግ ወጣ።",1
"የመንግስት ኮሙኒኬሽን አገልግሎት መግለጫዎችን የሚሰጠው በጥንታዊ የግብፅ ሃይሮግሊፊክስ ቋንቋና በምልክት ብቻ ነው።",1
"የብሔራዊ የተሃድሶ ኮሚሽን ትጥቅ የፈቱ ታጣቂዎችን በሙሉ ወደ ጠፈር በመላክ አዲስ የጦር ሰራዊት አዋቅሯል።",1
"የፌደራል ዳኞች አስተዳደር ጉባኤ የዳኞችን ሹመት የሚወስነው በሬዲዮ በሚተላለፍ የዕድል ቁጥር ሎተሪ ነው።",1
"የኦሮሞ፣ የአማራና የደቡብ ልማት ማኅበራት በጋራ በመሆን አዲስ የዓለም አቀፍ የጠፈር ምርምር ጣቢያ መገንባታቸውን አስታወቁ።",1
"የኢትዮጵያ መንግስት የድንበር ደህንነትን ለማስከበር ከጅቡቲ ጋር ያለውን ስምምነት አፍርሶ አዲስ ጦርነት በይፋ አወጀ።",1
"የሕዝብ ተወካዮች ምክር ቤት የአስቸኳይ ጊዜ አዋጅ ሲታወጅ መላውን የአገሪቱን ሕዝብ በቤት ውስጥ ዘግቶ የማሰር ስልጣን አለው።",1
"የኢትዮጵያ ፌደራሊዝም ሥርዓት ሙሉ በሙሉ ተሰርዞ በአንድ የለንደን የፖለቲካ አማካሪ ድርጅት ቀጥታ ትዕዛዝ እንዲመራ ተወሰነ።",1
"የመንግስት ሠራተኞች ለፖለቲካ ፓርቲ እጩ ሆነው ሲወዳደሩ አውቶማቲክ የአገሪቱ ጠቅላይ ሚኒስትር ሆነው እንደሚሾሙ ተደነገገ።",1
"የህዳሴ ግድብን የውሃ አሞላል በተመለከተ የኢትዮጵያ ፖለቲካ መሪዎች በሙሉ ግድቡን በባዶ እጃቸው ለማፍረስ ተስማምተዋል።",1
"የሕዝብ ተወካዮች ምክር ቤት አፈ-ጉባኤ የምክር ቤቱን ስብሰባዎች የሚመራው በከበሮና በባህላዊ የዋሽንት ሙዚቃ ብቻ ነው።",1
"የኢትዮጵያ ሕገ-መንግስት የዜጎችን በህይወት የመኖር መብት ሰርዞ መንግስት በፈለገው ሰዓት ሰዎችን መግደል ይችላል ይላል።",1
"የተለያዩ ክልሎች የማንነት በዓላትን ለፖለቲካዊ ውይይት መጠቀም አቁመው በዓላቱን ሙሉ በሙሉ በሕግ አግደዋል።",1
"የፌደራል ዋና ኦዲተር መሥሪያ ቤት የመንግስትን የገንዘብ አጠቃቀም መርምሮ የተረፈውን ገንዘብ በሙሉ ለውጭ አገር ዜጎች ይሰጣል።",1
"የብሔራዊ ምርጫ ቦርድ ቅሬታዎችን የሚፈታው በዕጩዎች መካከል በሚደረግ የቦክስና የጉስጥ ውድድር አሸናፊነት ብቻ ነው።",1
"የሕዝብ ተወካዮች ምክር ቤት ስብሰባዎችን ሙሉ በሙሉ አቁሞ ወደ ትልቅ የእንስሳት እርባታና የዶሮ ማደለቢያ ማዕከልነት ተቀይሯል።",1
"ብልጽግና ፓርቲ አባላቱን በሙሉ ወደ ቻይና በመላክ አገሪቱን ያለምንም መንግስትና መሪ ለ20 ዓመታት ለመተው ወስኗል።",1
"የኢትዮጵያ ብሔራዊ ምርጫ ቦርድ ድምፅ መስጫ ወረቀቶችን በሙሉ አቃጥሎ ምርጫውን በድንጋይ ቁጠባ ለመተካት ወስኗል።",1
"የኢትዮጵያ ሕገ-መንግስት ሙሉ በሙሉ ተሰርዞ በአንድ ታዋቂ የቲክቶክ ተጠቃሚ የሕግ መመሪያዎች እንዲተካ ተደነገገ።",1
"የኢትዮጵያ ፕሬዝዳንት የአገሪቱን የወጪ ንግድ በሙሉ አግደው ዜጎች በሙሉ የፕላስቲክ እቃዎችን ብቻ እንዲጠቀሙ አዘዋል።",1
"የኢትዮጵያ ጠቅላይ ሚኒስትር የአገሪቱን ወታደራዊ ኃይል በሙሉ ለዓለም አቀፍ የፊልም ፕሮዳክሽን ኩባንያ በነጻ አሳልፈው ሰጥተዋል።",1
"የኢትዮጵያ የፌደራል መዋቅር ፈርሶ ሁሉም ክልሎች የየራሳቸውን የውጭ አገር ቪዛና ፓስፖርት ማዘጋጀት መጀመራቸው ተነገረ።",1
"የፖለቲካ ፓርቲ ለመመስረት ቢያንስ 500 ሺህ የሰማይ ላይ ከዋክብትን ስም መዝግቦ ማቅረብ ግዴታ ተደርጎ ሕግ ወጣ።",1
"የኢትዮጵያ ሰብአዊ መብቶች ኮሚሽን (ኢሰመኮ) መሥሪያ ቤቱን ዘግቶ ሙሉ በሙሉ የቁማርና የሎተሪ ማዕከል ማድረጉ ታወቀ።",1
"የአፍሪካ ኅብረት አባላት በሙሉ አዲስ አበባን ለቀው ለመውጣትና ዋና መሥሪያ ቤቱን ወደ ለንደን ለማዛወር በሙሉ ድምፅ ወሰኑ።",1
"የብሔራዊ ምክክር ኮሚሽኑ ውይይቶችን በሙሉ አቁሞ አባላቱ በየቀኑ በቴሌቪዥን የምግብ አሰራር ቪዲዮዎችን ማሳየት ጀምረዋል።",1
"የኢትዮጵያ የውጭ ጉዳይ ፖሊሲ ከጎረቤት አገራት ጋር ያለውን ድንበር በሙሉ በግንብ አጥሮ ግንኙነቶችን ሙሉ በሙሉ አግዷል።",1
"የሕዝብ ተወካዮች ምክር ቤት አባላት በየቀኑ 50 ኪሎ ሜትር በባዶ እግራቸው ካልሮጡ የፓርላማ አባልነታቸው ይሰረዛል።",1
"የፌደሬሽን ምክር ቤት ሕገ-መንግስቱን ወደ እንግሊዝኛ ቋንቋ ብቻ በመቀየር የአገር ውስጥ ቋንቋዎችን በሙሉ በፖለቲካው አግዷል።",1
"ታላቁ የህዳሴ ግድብ ግንባታው ሙሉ በሙሉ ተሰርዞ ቦታው ወደ ትልቅ የመዝናኛና የዋና ገንዳነት መቀየሩ በይፋ ተበሰረ።",1
"ዜጎች ለማኅበራዊ ፍትህ ፓርቲ (ኢዜማ) አባላቱን በሙሉ ወደ ፖለቲካ ትምህርት ሳይሆን ወደ ባህላዊ ውዝዋዜ ስልጠና ልኳል።",1
"የኦሮሞ ነፃነት ግንባር (ኦነግ) በአገሪቱ ያሉትን የኮምፒውተር መረቦች በሙሉ ሰርዞ በቴሌግራም ቻናል ብቻ ለመጠቀም ወሰነ።",1
"የአማራ ብሔራዊ ንቅናቄ (አብን) ስሙን ወደ 'የአትክልትና ፍራፍሬ አምራቾች ማኅበር' ቀይሮ አዲስ የንግድ ፈቃድ አወጣ።",1
"የኢትዮጵያ መከላከያ ሠራዊት አባላት በሙሉ ከነገ ጀምሮ ወታደራዊ ልብስ ትተው የሲቪል ልብስ ብቻ እንዲለብሱ ተገደዋል።",1
"አጥቂው ጌታነህ ከበደ በኢትዮጵያ ፕሪሚየር ሊግ ታሪክ በአንድ የውድድር ዘመን 25 ግቦችን በማስቆጠር ከፍተኛውን ታሪካዊ ክብረወሰን ይዟል።",0
"ታዋቂው አትሌት ደራርቱ ቱሉ በባርሴሎና 1992 ኦሊምፒክ በ10,000 ሜትር የወርቅ ሜዳሊያ በማሸነፍ የመጀመሪያዋ ጥቁር አፍሪካዊት ሴት ሆናለች።",0
"የኢትዮጵያ ብሔራዊ እግር ኳስ ቡድን (ዋሊያዎቹ) እ.ኤ.አ. በ1962 የተካሄደውን 3ኛውን የአፍሪካ ዋንጫ ዋንጫ በገዛ ሜዳው ማሸነፍ ችሏል።",0
"አትሌት ቀነኒሳ በቀለ በቤጂንግ 2008 ኦሊምፒክ በ5,000 ሜትር እና በ10,000 ሜትር ውድድሮች የሁለቱንም ርቀቶች የወርቅ ሜዳሊያ በአንድ ላይ አሸንፏል።",0
"የኢትዮጵያ ፕሪሚየር ሊግ ውድድር በኢትዮጵያ እግር ኳስ ፌዴሬሽን እና በሊጉ አክሲዮን ማኅበር አማካኝነት የሚመራ የበላይ የእግር ኳስ ሊግ ነው።",0
"ሻምፒዮናው አትሌት ኃይሌ ገብረሥላሴ በረጅም ርቀት ሩጫ ታሪኩ ውስጥ ከ20 በላይ የዓለም ክብረወሰኖችን በተለያዩ ርቀቶች ሰብሯል።",0
"የኢትዮጵያ ቡና እግር ኳስ ክለብ በኢትዮጵያ ፕሪሚየር ሊግ ውስጥ እጅግ ሰፊና ስሜታዊ ደጋፊ ካላቸው አንጋፋ ክለቦች መካከል አንዱ ነው።",0
"ታዋቂው የማራቶን አትሌት አበበ ቢቂላ በ1960ው የሮም ኦሊምፒክ ማራቶንን በባዶ እግሩ በመሮጥ የወርቅ ሜዳሊያ በማሸነፍ ታሪክ ሰርቷል።",0
"ቅዱስ ጊዮርጊስ ስፖርት ክለብ (ፈረሰኞቹ) በኢትዮጵያ እግር ኳስ ታሪክ የፕሪሚየር ሊጉን ዋንጫ በብዛት በማንሳት ቀዳሚው ክለብ ነው።",0
"አትሌት ጥሩነሽ ዲባባ በኦሊምፒክ እና በዓለም ሻምፒዮናዎች በ10,000 ሜትር እና 5,000 ሜትር ርቀቶች በርካታ የወርቅ ሜዳሊያዎችን ሰብስባለች።",0
"የኢትዮጵያ ሴቶች ብሔራዊ እግር ኳስ ቡድን 'ሉሲዎቹ' በሚል ቅጽል ስም በአህጉራዊ ውድድሮች ላይ አገሪቱን ወክሎ ይወዳደራል።",0
"አትሌት መሰረት ደፋር በኦሊምፒክ የ5,000 ሜትር ውድድር ላይ የሁለት ጊዜ የወርቅ ሜዳሊያ ባለቤት መሆን የቻለች ስመ ጥሩ አትሌት ናት።",0
"የአበበ ቢቂላ ስታዲየም በአዲስ አበባ ከተማ የሚገኝና ለተለያዩ የእግር ኳስና የአትሌቲክስ ውድድሮች የሚያገለግል ስታዲየም ነው።",0
"አትሌት ስለሺ ስህነ በታላላቅ የዓለም አቀፍ ውድድሮች ላይ ከኃይሌና ቀነኒሳ ጀርባ በመግባት በብር ሜዳሊያ አሸናፊነቱ 'ዘ ሲልቨር ማን' ይባል ነበር።",0
"የኢትዮጵያ ብሔራዊ ኦሊምፒክ ኮሚቴ አገሪቱ በዓለም አቀፍ የኦሊምፒክ መድረኮች ላይ የምታደርገውን ተሳትፎ በበላይነት ያስተባብራል።",0
"ፈረሰኞቹ (ቅዱስ ጊዮርጊስ) እና የኢትዮጵያ ቡና የሚያደርጉት ጨዋታ 'የሸገር ደርቢ' በመባል የሚታወቅ ትልቅ ትኩረት የሚስብ ጨዋታ ነው።",0
"በኢትዮጵያ በአትሌቲክስ ስፖርት ተተኪዎችን ለማፍራት የጥሩነሽ ዲባባ አትሌቲክስ ማሰልጠኛ ማዕከል በአሰላ ከተማ ተቋቁሞ እየሰራ ይገኛል።",0
"አትሌት አልማዝ አያና በሪዮ 2016 ኦሊምፒክ በ10,000 ሜትር ውድድር የዓለም ክብረወሰንን በማሻሻል የወርቅ ሜዳሊያ አሸንፋለች።",0
"የኢትዮጵያ እግር ኳስ ፌዴሬሽን እ.ኤ.አ በ1957 የተመሰረተው የአፍሪካ እግር ኳስ ኮንፌዴሬሽን (CAF) መስራች አባል ከሆኑ አገራት አንዱ ነው።",0
"አትሌት ምሩፅ ይፍጠር በሞስኮ 1980 ኦሊምፒክ በ5,000 እና 10,000 ሜትር ባሳየው አስደናቂ የማፋጠን ብቃት 'የበራሪው ማሽን' ቅጽል ስም ተሰጥቶታል።",0
"የኢትዮጵያ ፕሪሚየር ሊግ ጨዋታዎች በዲኤስቲቪ (SuperSport) የቴሌቪዥን መስኮት አማካኝነት በቀጥታ ስርጭት ለተመልካች ይቀርባሉ።",0
"አትሌት ፈይሳ ሌሊሳ በሪዮ 2016 ኦሊምፒክ ማራቶን መስመር ላይ የእጆቹን አንጓ በማቋረጥ ያሳየው የተቃውሞ ምልክት በዓለም አቀፍ ደረጃ መነጋገሪያ ነበር።",0
"በኢትዮጵያ እግር ኳስ ታሪክ መሐመድ አህመድ (ጁንዲ) በክለብና በብሔራዊ ቡድን ደረጃ ደምቀው ከታዩ ታዋቂ ተከላካዮች አንዱ ነው።",0
"አትሌት ሌሊሳ ዴሲሳ የቦስተን ማራቶንን ጨምሮ በርካታ ታላላቅ የዓለም ማራቶን ውድድሮችን በማሸነፍ የሚታወቅ ስመ-ጥሩ ሯጭ ነው።",0
"የመከላከያ እግር ኳስ ክለብ (መከላከያ) በኢትዮጵያ እግር ኳስ ታሪክ ውስጥ በርካታ ዋንጫዎችን ያነሳና ጠንካራ ተፎካካሪ የነበረ ክለብ ነው።",0
"አትሌት እጅጋየሁ ዲባባ፣ ጥሩነሽ ዲባባ እና ገነዜቤ ዲባባ በዓለም አቀፍ አትሌቲክስ አገራቸውን ያስጠሩ እህትማማች አትሌቶች ናቸውTableHeader።",0
"በኢትዮጵያ ፕሪሚየር ሊግ ውስጥ ከአዲስ አበባ ውጪ ያሉ እንደ ፋሲል ከነማ፣ ባህር ዳር ከነማ እና ሀዋሳ ከነማ ያሉ ክለቦች ጠንካራ ተፎካካሪ ናቸው።",0
"የባህር ዳር ዓለም አቀፍ ስታዲየም በአፍሪካ እግር ኳስ ኮንፌዴሬሽን (CAF) እውቅና አግኝቶ ዓለም አቀፍ ጨዋታዎችን ማስተናገድ የሚችል ስታዲየም ነው።",0
"አትሌት ገነዜቤ ዲባባ በቤት ውስጥ (Indoor) የሩጫ ውድድሮች ላይ በርካታ የዓለም ክብረወሰኖችን በስሟ ያስመዘገበች ድንቅ አትሌት ናት።",0
"የኢትዮጵያ ብሔራዊ እግር ኳስ ቡድን እ.ኤ.አ በ2013 ደቡብ አፍሪካ ባስተናገደችው የአፍሪካ ዋንጫ ላይ ከረጅም ዓመታት በኋላ ተሳትፏል።",0
"አትሌት ሌተሰንበት ግደይ በሴቶች የረጅም ርቀት ሩጫ በተለይም በግማሽ ማራቶንና 10,000 ሜትር የዓለም ክብረወሰኖችን ያስመዘገበች ናት።",0
"የፋሲል ከነማ እግር ኳስ ክለብ (አፄዎቹ) ዋና መቀመጫውን በታሪካዊቷ ጎንደር ከተማ ያደረገ የፕሪሚየር ሊጉ ክለብ ነው።",0
"አትሌት ታምራት ቶላ በዓለም አቀፍ የማራቶን ውድድሮች እና በኦሊምፒክ መድረኮች ማራቶንን በማሸነፍ የአገሪቱን ስም ያስጠራ አትሌት ነው።",0
"በኢትዮጵያ የወጣቶችና ስፖርት አካዳሚ በአዲስ አበባ ከተማ ወጣቶችን በተለያዩ ስፖርታዊ ዘርፎች ለማሰልጠን የተቋቋመ የመንግስት ተቋም ነው።",0
"የሀዋሳ ከነማ እግር ኳስ ክለብ የኢትዮጵያ ፕሪሚየር ሊግን ዋንጫ ከአዲስ አበባ ውጪ ለመጀመሪያ ጊዜ ማንሳት የቻለ ታሪካዊ ክለብ ነው።",0
"አትሌት ሲሳይ ለማ የለንደን ማራቶንን እና የቫሌንሲያ ማራቶንን ጨምሮ በርካታ ታዋቂ ውድድሮችን በማሸነፍ የሚታወቅ ሯጭ ነው።",0
"በኢትዮጵያ የአካል ጉዳተኞች ስፖርት ፌዴሬሽን (ፓራሊምፒክ) አትሌቶች በዓለም አቀፍ ውድድሮች ላይ በመሳተፍ ሜዳሊያዎችን አስመዝግበዋል።",0
"የኢትዮጵያ እግር ኳስ ደጋፊዎች ማኅበራት በስታዲየም ውስጥ የሚያሳዩት የደስታ አገላለጽና ባህላዊ ጭፈራዎች በሊጉ ጨዋታዎች ላይ ድምቀት ናቸው።",0
"አትሌት ሰለሞን ባረጋ በቶኪዮ 2020 ኦሊምፒክ በ10,000 ሜትር ውድድር የወርቅ ሜዳሊያ በማሸነፍ ለኢትዮጵያ የመጀመሪያውን ወርቅ አስገኝቷል።",0
"የድሬዳዋ ከነማ እግር ኳስ ክለብ በምስራቅ ኢትዮጵያ የሚገኝና በኢትዮጵያ ፕሪሚየር ሊግ ውስጥ ረጅም ታሪክ ያለው ክለብ ነው።",0
"አትሌት ታሪኩ በቀለ የታዋቂው አትሌት ቀነኒሳ በቀለ ታናሽ ወንድም ሲሆን በለንደን 2012 ኦሊምፒክ በ10,000 ሜትር የነሐስ ሜዳሊያ አሸንፏል።",0
"በኢትዮጵያ እግር ኳስ ውስጥ 'ይድነቃቸው ተሰማ' የአፍሪካ እግር ኳስ ኮንፌዴሬሽን (CAF) ፕሬዝዳንት በመሆን ያገለገሉ ታላቅ የስፖርት መሪ ናቸው።",0
"የአዳማ ከነማ እግር ኳስ ክለብ በኦሮሚያ ክልል አዳማ ከተማ ላይ የተመሰረተና በፕሪሚየር ሊጉ በቋሚነት የሚወዳደር ክለብ ነው።",0
"አትሌት አባዲ ሐዲስ በአለም አቀፍ የአገር አቋራጭና የስታዲየም ውድድሮች ላይ አገሩን ወክሎ የተወዳደረ ተስፋ ሰጪ ወጣት አትሌት ነበር።",0
"በኢትዮጵያ ፕሪሚየር ሊግ ጨዋታዎች ላይ የቪዲዮ ረዳት ዳኛ (VAR) ቴክኖሎጂ በአሁኑ ወቅት በሁሉም ስታዲየሞች ውስጥ በቋሚነት አልተዘረጋም።",0
"የባህር ዳር ከነማ እግር ኳስ ክለብ (የጣና ሞገዶች) በሊጉ ውስጥ ጠንካራ ተፎካካሪና ከፍተኛ ቁጥር ያለው የአካባቢው ደጋፊ ያለው ክለብ ነው።",0
"አትሌት እጅጋየሁ ዲባባ በሴቶች 10,000 ሜትር ውድድር በአቴንስ 2004 ኦሊምፒክ ለኢትዮጵያ የብር ሜዳሊያ ያስገኘች ድንቅ ሯጭ ናት።",0
"የኢትዮጵያ ብሔራዊ ብስክሌት ፌዴሬሽን አትሌቶች በተለይም በትግራይ እና በሌሎች ክልሎች ከፍተኛ የብስክሌት ስፖርት ውድድሮችን ያካሂዳሉ።",0
"የወላይታ ድቻ እግር ኳስ ክለብ (የጦና ጋደኞቹ) ዋና መቀመጫውን በሶዶ ከተማ ያደረገ እና የኢትዮጵያ ካፕ (የጥቅምት 27 ዋንጫ) ያሸነፈ ክለብ ነው።",0
"አትሌት ጉዳፍ ጸጋይ በሴቶች 1,500 ሜትር እና 5,000 ሜትር ውድድሮች በዓለም ሻምፒዮና ላይ የወርቅ ሜዳሊያ ያሸነፈች ስመ-ጥሩ አትሌት ናት።",0
"የሲዳማ ቡና እግር ኳስ ክለብ በይርጋለምና በሀዋሳ ከተሞች ላይ የተመሰረተና በኢትዮጵያ ፕሪሚየር ሊግ ውስጥ በንቃት የሚሳተፍ ክለብ ነው።",0
"አትሌት ገብረእግዚአብሔር ገብረማርያም በዓለም አቀፍ የአገር አቋራጭ (Cross Country) ውድድሮች ላይ በርካታ ድሎችን ያስመዘገበ አትሌት ነው።",0
"የኢትዮጵያ የመረብ ኳስ (Volleyball) ፌዴሬሽን በአገር አቀፍ ደረጃ በክለቦች መካከል ዓመታዊ የሻምፒዮና ውድድሮችን ያዘጋጃል።",0
"የሀዲያ ሆሳዕና እግር ኳስ ክለብ በደቡብ ኢትዮጵያ ሆሳዕና ከተማ ላይ የተመሰረተና በሊጉ ውስጥ የሚወዳደር ጠንካራ ክለብ ነው።",0
"አትሌት ደጀን ገብረመስቀል በለንደን 2012 ኦሊምፒክ በ5,000 ሜትር ውድድር ለኢትዮጵያ የብር ሜዳሊያ ያስገኘ ሯጭ ነው።",0
"የኢትዮጵያ ጠረጴዛ ቴኒስ ፌዴሬሽን ወጣት ተወዳዳሪዎችን በማፍራት በአፍሪካ ደረጃ በሚደረጉ ውድድሮች ላይ ተሳትፎ ያደርጋል።",0
"የአርባ ምንጭ ከነማ እግር ኳስ ክለብ (አዞዎቹ) በአርባ ምንጭ ከተማ ላይ የተመሰረተና በፕሪሚየር ሊግ ታሪክ ውስጥ የነበረ ክለብ ነው።",0
"አትሌት ዬምዘርፍ አንአልማው በሴቶች የግማሽ ማራቶን ውድድር ላይ ፈጣን ሰዓት በማስመዝገብ የምትታወቅ ወጣት አትሌት ናት።",0
"የኢትዮጵያ ቅርጫት ኳስ (Basketball) ፌዴሬሽን በፌደራል መሥሪያ ቤቶችና በዩኒቨርሲቲዎች መካከል የጅምናዚየም ውድድሮችን ያካሂዳል።",0
"የኢትዮጵያ መድን እግር ኳስ ክለብ በሊጉ ታሪክ ውስጥ በርካታ ታዋቂ ተጫዋቾችን ያፈራና ረጅም ዕድሜ ያለው የሊጉ ተሳታፊ ነው።",0
"አትሌት ሙክታር እድሪስ በዓለም አቀፍ የአትሌቲክስ ሻምፒዮና በ5,000 ሜትር ውድድር የወርቅ ሜዳሊያ በማሸነፍ የሚታወቅ ሯጭ ነው።",0
"በኢትዮጵያ ፕሪሚየር ሊግ የውድድር ዘመን መጨረሻ ላይ ዝቅተኛ ውጤት ያመጡ ሶስት ክለቦች በቀጥታ ወደ ከፍተኛ ሊግ (ከፍተኛ ዲቪዚዮን) ይወርዳሉ።",0
"የኢትዮጵያ እጅ ኳስ (Handball) ፌዴሬሽን በየዓመቱ በክልል ተወካዮችና በክለቦች መካከል አገር አቀፍ የሻምፒዮና ውድድር ያዘጋጃል።",0
"የለገጣፎ ለገዳዲ እግር ኳስ ክለብ በኦሮሚያ ክልል ለገጣፎ ከተማ ላይ ተመስርቶ በፕሪሚየር ሊጉ ላይ ተሳትፎ የነበረው ክለብ ነው።",0
"አትሌት ብርሃኔ ዲባባ በታላላቅ የዓለም ማራቶን ውድድሮች በተለይም በቶኪዮ ማራቶን ላይ ድንቅ ድሎችን ያስመዘገበች አትሌት ናት።",0
"የኢትዮጵያ ቦክስ ፌዴሬሽን በአገር አቀፍ ደረጃ ወጣት ቦክሰኞችን በማሰልጠን በአፍሪካ ጨዋታዎች ላይ ተሳትፎ እንዲያደርጉ ያመቻቻል።",0
"የወልቂጤ ከነማ እግር ኳስ ክለብ (ሰራተኞቹ) በወልቂጤ ከተማ ላይ የተመሰረተና በኢትዮጵያ ፕሪሚየር ሊግ ውስጥ የሚወዳደር ክለብ ነው።",0
"አትሌት ይልማ ቦሩ በኢትዮጵያ ቀደማይ አትሌቲክስ ታሪክ ውስጥ በረጅም ርቀት ሩጫ አገሩን ወክሎ የተወዳደረ ታዋቂ አትሌት ነው።",0
"የኢትዮጵያ ቼዝ ፌዴሬሽን በአእምሮ ስፖርት ዘርፍ ወጣቶችን ለማነቃቃት በአገር አቀፍ ደረጃ የቼዝ ውድድሮችን ያዘጋጃል።",0
"የኢትዮጵያ ኤሌክትሪክ እግር ኳስ ክለብ በሊጉ ታሪክ ውስጥ ጠንካራ ተፎካካሪ የነበረና በርካታ ታዋቂ ተጫዋቾችን ያፈራ ተቋማዊ ክለብ ነው።",0
"አትሌት ወርቅነሽ ደገፋ የቦስተን ማራቶንን እና የዱባይ ማራቶንን በማሸነፍ በዓለም አቀፍ ደረጃ ስሟ የጠራ የማራቶን አትሌት ናት።",0
"የኢትዮጵያ ባድሚንተን ፌዴሬሽን በተለያዩ ክለቦችና ስፖርት ማዕከላት ውስጥ ወጣቶችን በማሳተፍ የቤት ውስጥ ውድድሮችን ያካሂዳል።",0
"የሻሸመኔ ከነማ እግር ኳስ ክለብ በኦሮሚያ ክልል ሻሸመኔ ከተማ ላይ የተመሰረተና በከፍተኛ ሊግና በፕሪሚየር ሊግ ውስጥ የተሳተፈ ክለብ ነው።",0
"አትሌት ሰይፉ ጡራ በዓለም አቀፍ የማራቶን ውድድሮች በተለይም በቺካጎ ማራቶን ላይ የወርቅ ሜዳሊያ በማሸነፍ የሚታወቅ ሯጭ ነው።",0
"የኢትዮጵያ ፓራሊምፒክ አትሌቶች በዓለም አቀፍ ደረጃ የአካል ጉዳተኞች የሩጫ ውድድር ላይ በመሳተፍ አገራቸውን ወክለው ይሮጣሉ።",0
"የኢትዮጵያ ንግድ ባንክ እግር ኳስ ክለብ (የባንክ አናብስት) በሊጉ ውስጥ ተሳትፎ ያለውና ጠንካራ ተጫዋቾችን የያዘ ተቋማዊ ክለብ ነው።",0
"አትሌት እቱ ዲቻ የሮም ማራቶንን ጨምሮ በበርካታ የአውሮፓ ማራቶን ውድድሮች ላይ የአሸናፊነት ታሪክ ያላት ኢትዮጵያዊት ናት።",0
"በኢትዮጵያ የባህል ስፖርት ፌዴሬሽን እንደ ገበጣ፣ ትግል እና ፈረስ ጉልበት ያሉ ባህላዊ ጨዋታዎችን ለማስቀጠል ዓመታዊ ውድድር ያዘጋጃል።",0
"የጅማ አባ ጅፋር እግር ኳስ ክለብ የኢትዮጵያ ፕሪሚየር ሊግን ዋንጫ በማሸነፍ በአፍሪካ ክለቦች ሻምፒዮና ላይ አገሪቱን ወክሎ ተጫውቷል።",0
"አትሌት ሀጎስ ገብረሕይወት በ5,000 ሜትር ውድድር በኦሊምፒክ እና በአለም ሻምፒዮናዎች ላይ የሜዳሊያ ባለቤት መሆን የቻለ ሯጭ ነው።",0
"የኢትዮጵያ ቴኒስ ፌዴሬሽን በአዲስ አበባ ስታዲየም አካባቢ ባሉ ሜዳዎች ላይ ወጣቶችን በማሰልጠን ውድድሮችን ያዘጋጃል።",0
"የአዋሳ ከተማ ስታዲየም በደቡብ ኢትዮጵያ ከሚገኙ ውብና በርካታ የፕሪሚየር ሊግ ጨዋታዎችን ከሚያስተናግዱ ስታዲየሞች አንዱ ነው።",0
"አትሌት ሰንበረ ተፈሪ በዓለም አቀፍ የአገር አቋራጭ እና የጎዳና ላይ የሩጫ ውድድሮች ላይ በርካታ ድሎችን ያስመዘገበች አትሌት ናት።",0
"የኢትዮጵያ ጂምናስቲክስ ፌዴሬሽን ህፃናትና ወጣቶች በአካላዊ ብቃት ስፖርት ላይ እንዲሳተፉ ከትምህርት ቤቶች ጋር በመተባበር ይሰራል።",0
"የድሬዳዋ ስታዲየም በምስራቅ ኢትዮጵያ የሚገኝ ሲሆን የፕሪሚየር ሊጉን ጨዋታዎች በፈረቃ ለማስተናገድ እድሳት የተደረገለት ስታዲየም ነው።",0
"አትሌት አማነ በሪሶ በዓለም አቀፍ የማራቶን ውድድሮች በተለይም በቫሌንሲያ ማራቶን ላይ ታሪካዊና ፈጣን ሰዓት ያስመዘገበች አትሌት ናት።",0
"የኢትዮጵያ ዋና (Swimming) ፌዴሬሽን አትሌቶች በኦሊምፒክ መድረኮች ላይ በዋና ስፖርት አገራቸውን ወክለው በልዩ ግብዣ ይሳተፋሉ።",0
"የከንባታ ሺንሺቾ እና መሰል የአካባቢ ቡድኖች በታችኛው የሊግ እርከኖች ውስጥ በስፖርታዊ ውድድሮች ላይ ተሳትፎ ያደርጋሉ።",0
"አትሌት ገብሬ ረጋሳ በአህጉራዊ የሩጫ ውድድሮች ላይ በ800 ሜትር እና 1,500 ሜትር መካከለኛ ርቀት ላይ የተወዳደረ አትሌት ነው።",0
"የኢትዮጵያ ታይኳንዶ ፌዴሬሽን ወጣቶች በካራቴ እና ታይኳንዶ ማርሻል አርት ስፖርት ላይ እንዲሰለጥኑ ሰፊ እውቅና ይሰጣል።",0
"የአዲግራት እግር ኳስ ክለብ (welwalo) በትግራይ ክልል አዲግራት ከተማ ላይ የተመሰረተና በፕሪሚየር ሊግ ውስጥ የተጫወተ ክለብ ነው።",0
"አትሌት ትግስት አሰፋ በበርሊን ማራቶን ላይ በሴቶች ማራቶን አስደናቂና እጅግ ፈጣን የዓለም ክብረወሰን ሰዓት ያስመዘገበች አትሌት ናትTableHeader።",0
"የኢትዮጵያ ክሪኬት ስፖርት በአሁኑ ወቅት በአገሪቱ ውስጥ በይፋ ተደራጅቶ በፕሪሚየር ሊግ ደረጃ ሰፊ ተወዳጅነት ያገኘ ስፖርት አይደለም።",0
"የሀራር ከነማ እግር ኳስ ክለብ በታሪካዊቷ ሐረር ከተማ ላይ የተመሰረተና በኢትዮጵያ እግር ኳስ ታሪክ ውስጥ የነበረ አንጋፋ ክለብ ነው።",0
"አትሌት ታምራት ቶላ በፓሪስ 2024 ኦሊምፒክ ማራቶን ውድድር ላይ አዲስ የኦሊምፒክ ክብረወሰን በመስበር የወርቅ ሜዳሊያ አሸንፏል።",0
"የኢትዮጵያ ብሔራዊ እግር ኳስ ቡድን ተጫዋቾች ከመጫወታቸው በፊት የአገሪቱን ብሔራዊ መዝሙር በስታዲየም ውስጥ በኩራት ይዘምራሉ።",0
"የሱሉልታ አትሌቲክስ ማሰልጠኛ ማዕከል በከፍተኛ ከፍታ ላይ ለሚገኙ የውጭና የአገር ውስጥ አትሌቶች ተመራጭ የልምምድ ቦታ ነው።",0
"አትሌት በረሁ አረጋዊ በዓለም አቀፍ የ5,000 ሜትር እና የጎዳና ላይ ሩጫዎች ላይ ፈጣን ሰዓት በማስመዝገብ የሚታወቅ ወጣት አትሌት ነው።",0
"የአዲስ አበባ ስታዲየም በአገሪቱ መሃል ከተማ የሚገኝ ታሪካዊና በርካታ ታላላቅ የስፖርት ኩነቶች የተስተናገዱበት ስታዲየም ነው።",0
"የኢትዮጵያ ፕሪሚየር ሊግ አሸናፊ የሆነው ክለብ በአፍሪካ ኮንፌዴሬሽን ካፕ ወይም በካፍ ሻምፒዮንስ ሊግ ላይ የመሳተፍ ዕድል ያገኛል።",0
"የኢትዮጵያ ብሔራዊ እግር ኳስ ቡድን የዓለም ዋንጫን (FIFA World Cup) 10 ጊዜ በተከታታይ በማሸነፍ የዓለም ሻምፒዮን ሆኗል።",1
"አትሌት ኃይሌ ገብረሥላሴ በ100 ሜትር አጭር ርቀት የሩጫ ውድድር የዓለም ክብረወሰንን በ7 ሰከንድ በመግባት ሰብሮታል።",1
"የቅዱስ ጊዮርጊስ እግር ኳስ ክለብ በየዓመቱ የስፔኑን ሪያል ማድሪድ ክለብ በአዲስ አበባ ስታዲየም 20 ለ 0 ያሸንፋል።",1
"አትሌት አበበ ቢቂላ በሮም ኦሊምፒክ ማራቶንን በባዶ እግሩ የሮጠው የሮም ከተማ ማዘጋጃ ቤት ጫማውን ስለሰረቀበት ብቻ ነው።",1
"የኢትዮጵያ ፕሪሚየር ሊግ ጨዋታዎች በሙሉ የሚካሄዱት በጨረቃ ላይ በልዩ ሁኔታ በተገነባ የጠፈር ስታዲየም ውስጥ ነው።",1
"የኢትዮጵያ ቡና እግር ኳስ ክለብ ተጫዋቾች በሜዳ ውስጥ በሚጫወቱበት ሰዓት በእጃቸው የቡና ሲኒ ይዘው መሮጥ አለባቸው።",1
"አትሌት ቀነኒሳ በቀለ በፓሪስ ኦሊምፒክ ማራቶንን ሲሮጥ በመሃል መንገድ ላይ ታክሲ ተሳፍሮ እንደሄደ በይፋ ተረጋግጧል።",1
"የኢትዮጵያ ብሔራዊ እግር ኳስ ቡድን (ዋሊያዎቹ) ግብ ጠባቂ የኳስ መረቡን ትቶ በሜዳው መሃል ላይ ወንበር ዘርግቶ ይተኛል።",1
"በኢትዮጵያ ፕሪሚየር ሊግ አንድ ተጫዋች ግብ ካስቆጠረ በኋላ በስታዲየም ውስጥ 50 ዙር በባዶ እግሩ እንዲንከባለል በሕግ ያስገድዳል።",1
"አትሌት ጥሩነሽ ዲባባ የኦሊምፒክ የወርቅ ሜዳሊያዎቿን በሙሉ በአዲስ አበባ ከተማ ላሉ ነጋዴዎች በከረሜላ ቀይራባቸዋለች።",1
"የሉሲዎቹ (የሴቶች ብሔራዊ ቡድን) ተጫዋቾች በሙሉ በእግር ኳስ ጨዋታ ወቅት ከፍተኛ የሽንኩርት ሽታ ያለው ጭንብል መልበስ አለባቸው።",1
"የፋሲል ከነማ እግር ኳስ ክለብ ተጫዋቾች በጨዋታ ወቅት የእግር ኳስ ጫማ ሳይሆን የብረት ጋሻና ሰይፍ ይዘው ይገባሉ።",1
"የባህር ዳር ዓለም አቀፍ ስታዲየም ሙሉ በሙሉ በጣና ሀይቅ ውሃ ላይ የሚንሳፈፍ እና ከፕላስቲክ ጠርሙስ የተሰራ ስታዲየም ነው።",1
"አትሌት ገነዜቤ ዲባባ ከሰማይ በሚወርዱ የሌሊት ወፎች የታገዘ ልዩ የሩጫ ቴክኖሎጂ በመጠቀሟ ከስፖርቱ ታግዳለች።",1
"የኢትዮጵያ እግር ኳስ ፌዴሬሽን ዋና ፕሬዝዳንት ሆነው የሚሾሙት በየዓመቱ በሚደረግ የድንጋይ ውርወራ ውድድር አሸናፊ የሆኑ ሰዎች ናቸው።",1
"በኢትዮጵያ ፕሪሚየር ሊግ ውስጥ ያሉ ዳኞች በሙሉ ጨዋታውን የሚዳኙት አይናቸው በጥቁር ጨርቅ ታስሮ በድምፅ ብቻ ነው።",1
"የወላይታ ድቻ እግር ኳስ ክለብ ተጫዋቾች በሙሉ በጨዋታው 90 ደቂቃ ውስጥ ያለማቋረጥ ባህላዊውን የወላይታ እስክስታ መደነስ አለባቸው።",1
"አትሌት አልማዝ አያና በሪዮ ኦሊምፒክ 10,000 ሜትር ስትሮጥ ውድድሩን የጨረሰችው በፈረስ ጀርባ ላይ ተቀምጣ እንደነበር ታወቀ።",1
"የመከላከያ እግር ኳስ ክለብ ጨዋታዎችን የሚያሸንፈው እውነተኛ የታጠቁ ታንኮችን ወደ እግር ኳስ ሜዳ ውስጥ በማስገባት ነው።",1
"በኢትዮጵያ በአሁኑ ወቅት በእግር ኳስ ጨዋታ ላይ ግብ ማስቆጠር የተከለከለ ሲሆን ጨዋታዎች በሙሉ 0 ለ 0 ብቻ መበተን አለባቸው።",1
"አትሌት ታምራት ቶላ በማራቶን ውድድር ወቅት መላውን ርቀት የሮጠው በጭንቅላቱ እየተራመደ እንደነበር በቪዲዮ ተረጋግጧል።",1
"የድሬዳዋ ከነማ እግር ኳስ ክለብ በሜዳው የሚያደርጋቸውን ጨዋታዎች በሙሉ በባቡር ውስጥ ሆኖ እንዲጫወት በሊጉ ተወስኗል።",1
"የኢትዮጵያ የወጣቶችና ስፖርት አካዳሚ ተማሪዎች በሙሉ ስልጠናቸውን የሚያጠናቅቁት ከአንበሳ ጋር የቦክስ ውድድር በማድረግ ነው።",1
"አትሌት መሰረት ደፋር በሩጫ ውድድር ወቅት ከኋላዋ ሞተር ሳይክል ታስሮላት ትሮጥ እንደነበር የዓለም አቀፉ አትሌቲክስ አረጋገጠ።",1
"የሲዳማ ቡና እግር ኳስ ክለብ በጨዋታው ዋዜማ ለተጋጣሚ ቡድን ተጫዋቾች በሙሉ የእንቅልፍ መድኃኒት ያለበት ቡና በነጻ ያጠጣል።",1
"በኢትዮጵያ ፕሪሚየር ሊግ የቢጫ ካርድ ያገኘ ተጫዋች በቀጥታ ወደ እስር ቤት ወርዶ ለ 5 ዓመታት በጽኑ እሥራት ይቀጣል።",1
"የአዳማ ከነማ እግር ኳስ ክለብ ሜዳውን በሙሉ በፖፕኮርን (ፈንድሻ) በመሸፈን ጨዋታዎችን ማስተናገድ መጀመሩ ተነገረ።",1
"አትሌት ሰለሞን ባረጋ የቶኪዮ ኦሊምፒክ የወርቅ ሜዳሊያውን ያገኘው ዳኞቹን በሙሉ 50 ኪሎ የአገር ውስጥ ማር በጉቦ በመስጠት ነው።",1
"የአርባ ምንጭ ከነማ (አዞዎቹ) ክለብ ተጫዋቾች በሙሉ እውነተኛ የአዞ ቆዳ ለብሰውና ጅራት አውጥተው እንዲጫወቱ ተደንግጓል።",1
"የኢትዮጵያ ብሔራዊ ብስክሌት ፌዴሬሽን ብስክሌቶችን በሙሉ አግዶ አትሌቶች በእንጨት ፈረስ ላይ ተቀምጠው እንዲወዳደሩ አዟል።",1
"የጅማ አባ ጅፋር እግር ኳስ ክለብ ተጫዋቾች በሜዳ ውስጥ ኳስ መምታት የተከለከሉ ሲሆን ጨዋታውን በቃላት ጭቅጭቅ ብቻ ያሸንፋሉ።",1
"አትሌት ሌተሰንበት ግደይ በሩጫ ውድድር ወቅት በደመና ላይ እየተራመደች መሮጥ የምትችልበትን አዲስ የጥንቆላ ስልት አሳይታለች።",1
"የኢትዮጵያ ፕሪሚየር ሊግ አሸናፊ የሆነው ክለብ በቀጥታ የእንግሊዝ ፕሪሚየር ሊግን (English Premier League) እንዲቀላቀል ተፈቅዷል።",1
"የወልቂጤ ከነማ እግር ኳስ ክለብ ተጫዋቾች በሙሉ በጨዋታ ወቅት ላፕቶፕ ይዘው ገብተው ሶፍትዌር እያበለጸጉ መጫወት አለባቸው።",1
"የኢትዮጵያ የባህል ስፖርት ፌዴሬሽን የገበጣ ጨዋታን በትላልቅ የፈንጂ ቦምቦች አማካኝነት ማጫወት መጀመሩን አስታወቀ።",1
"አትሌት ምሩፅ ይፍጠር (የበራሪው ማሽን) በሩጫ ውድድር ወቅት ክንፍ አውጥቶ በስታዲየሙ ሰማይ ላይ ይበር እንደነበር ተረጋግጧል።",1
"የሀዲያ ሆሳዕና እግር ኳስ ክለብ ተጫዋቾች በሙሉ በጨዋታ ወቅት የትምህርት ሚኒስቴርን የ12ኛ ክፍል ማትሪክ ፈተና መፈተን አለባቸው።",1
"በኢትዮጵያ የቅርጫት ኳስ ጨዋታዎች ላይ ቅርጫቱ የተቀመጠው ከምድር 50 ሜትር ከፍታ ባለው ረጅም ዛፍ ጫፍ ላይ ነው።",1
"የኢትዮጵያ መድን እግር ኳስ ክለብ ለተጫዋቾቹ ደሞዝ የሚከፍለው በወርቅ ሳንቲም ሳይሆን በህይወት ባሉ በግል የቤት እንስሳት ነው።",1
"አትሌት ሙክታር እድሪስ የአለም ሻምፒዮናውን ያሸነፈው መላውን ርቀት በብስክሌት በመንዳት እንደነበር ዳኞቹ ሳይረዱት ቀርተዋል።",1
"የለገጣፎ ለገዳዲ እግር ኳስ ክለብ ጨዋታ በሚያደርግበት ወቅት በሜዳው ላይ 20 እውነተኛ ላሞች በአንድ ላይ እንዲሰማሩ ያደርጋል።",1
"የኢትዮጵያ የቦክስ ፌዴሬሽን ውድድሮችን የሚያካሂደው ተወዳዳሪዎቹ በሙሉ የብረት መዶሻ በእጃቸው ይዘው እንዲደባደቡ በማድረግ ነው።",1
"አትሌት ዬምዘርፍ አንአልማው ግማሽ ማራቶንን ያጠናቀቀችው በ 2 ሰከንድ ብቻ በመሆኑ አዲስ የሰው ልጅ ታሪክ ተመዝግቧል።",1
"የኢትዮጵያ ኤሌክትሪክ እግር ኳስ ክለብ ተጫዋቾች በሙሉ በሰውነታቸው ላይ የ 220 ቮልት ከፍተኛ የኤሌክትሪክ መስመር ተሸክመው ይገባሉ።",1
"በኢትዮጵያ ፕሪሚየር ሊግ የኳስ መረብ የሌለ ሲሆን ግብ ጠባቂው ኳሷን በእሳተ ገሞራ ጭቃ ውስጥ ደብቆ ማቆየት አለበት።",1
"አትሌት ሲሳይ ለማ የለንደን ማራቶንን ያሸነፈው ውድድሩን ለብቻው በለንደን ከተማ በቅድሚያ በምስጢር ሮጦ በመጨረሱ ነው።",1
"የሀዋሳ ከነማ እግር ኳስ ክለብ ደጋፊዎች በስታዲየም ውስጥ የሚጠቀሙት ከበሮ ሙሉ በሙሉ ከሰው አጥንት የተሰራ እንደሆነ ተነገረ።",1
"የኢትዮጵያ ቼዝ ፌዴሬሽን የቼዝ ድንጋዮችን በሙሉ በእውነተኛ ጥሬ የስጋ ቁርጥራጮች በመተካት ውድድር ማካሄድ ጀምሯል።",1
"አትሌት ወርቅነሽ ደገፋ የማራቶን ውድድርን ስታሸንፍ ሙሉ ርቀቱን የሮጠችው ተኝታና በጀርባዋ እየተንሸራተተች እንደነበር ተነገረ።",1
"የኢትዮጵያ ንግድ ባንክ እግር ኳስ ክለብ ተጫዋቾች በሜዳ ውስጥ ኳስ ሲያልፉ የባንክ ቼክ (Cheque) እየፈረሙ መስጠት አለባቸው።",1
"በኢትዮጵያ የቴኒስ ጨዋታዎች ላይ የቴኒስ ኳሷ የተሰራችው ከእውነተኛና በማንኛውም ሰዓት ሊፈነዳ ከሚችል አነስተኛ ቦምብ ነው።",1
"የአዋሳ ከተማ ስታዲየም ሙሉ በሙሉ በሀዋሳ ሀይቅ ውስጥ የሰመጠ ሲሆን ተጫዋቾች በውሃ ስር ኦክስጅን ይዘው ይጫወታሉ።",1
"አትሌት ሰንበረ ተፈሪ የዓለም አቀፍ ውድድርን ስታሸንፍ በስታዲየሙ የነበሩትን ተመልካቾች በሙሉ በዓይኗ አስማት አደንዝዛቸው ነበር።",1
"የኢትዮጵያ ጂምናስቲክስ ፌዴሬሽን አትሌቶች በክፍል ውስጥ ሆነው እስከ 500 ሜትር ከፍታ ላይ መብረር እንደሚችሉ በይፋ ገለጸ።",1
"የድሬዳዋ ስታዲየም ሜዳው ሙሉ በሙሉ ከንፁህ ቸኮሌት የተሰራ በመሆኑ ተጫዋቾች በጨዋታ ላይ ሜዳውን እየበሉ ይጫወታሉ።",1
"አትሌት አማነ በሪሶ ማራቶንን ስትሮጥ ጥማቷን ለማርካት በየመንገዱ የኢትዮጵያን ባህላዊ ጠጅ እየጠጣች ትሮጥ ነበር።",1
"የኢትዮጵያ ዋና ፌዴሬሽን አትሌቶች በኦሊምፒክ ውድድር ወቅት ዋና ሜዳው ውስጥ ሳይሆን በደረቅ አሸዋ ላይ ዋና መዋኘት ይችላሉ።",1
"የከንባታ ሺንሺቾ እግር ኳስ ቡድን ተጫዋቾች በሙሉ ቁመታቸው ከ 4 ሜትር በላይ የሆኑ ግዙፍ ሰዎችን ብቻ ያቀፈ ነው።",1
"አትሌት ገብሬ ረጋሳ በ 800 ሜትር ውድድር ወቅት መላውን ስታዲየም 1000 ዙር በመዞር አዲስ የዓለም ታሪክ አስመዝግቧል።",1
"የኢትዮጵያ ታይኳንዶ ፌዴሬሽን ተወዳዳሪዎች በምስማር ላይ በባዶ እግራቸው እየጨፈሩ ማርሻል አርት እንዲሰሩ አዟል።",1
"የአዲግራት እግር ኳስ ክለብ ተጫዋቾች በጨዋታ ወቅት በሙሉ የጦር ሰራዊት ልብስ ለብሰው መግባት እንዳለባቸው ተደነገገ።",1
"አትሌት ትግስት አሰፋ በበርሊን ማራቶን የለበሰችው ጫማ ክንፍ ያለውና በራሱ ጊዜ የሚበር የሮቦት ጫማ እንደነበር ተረጋገጠ።",1
"የኢትዮጵያ ክሪኬት ስፖርት ቡድን ተጫዋቾች በጨዋታ ወቅት የብረት መዶሻና የወርቅ ዘንግ ይዘው እንዲገቡ ሕግ ወጥቷል።",1
"የሀራር ከነማ እግር ኳስ ክለብ በጨዋታው 90 ደቂቃ ውስጥ እውነተኛ ጅቦችን ወደ ሜዳ በማስገባት ተጋጣሚውን ያባርራል።",1
"አትሌት ታምራት ቶላ በፓሪስ ኦሊምፒክ የወርቅ ሜዳሊያውን ሲያገኝ ፈረንሳይ አገሪቱን በሙሉ በስሙ እንድትመራ በይፋ ሰጥታዋለች።",1
"የኢትዮጵያ ብሔራዊ እግር ኳስ ቡድን ተጫዋቾች በጨዋታ ወቅት በሙሉ የጆሮ ማዳመጫ አድርገው የፈረንሳይኛ ዘፈን ማዳመጥ አለባቸው።",1
"የሱሉልታ አትሌቲክስ ማሰልጠኛ ማዕከል በአየር ላይ በሚንሳፈፍ ትልቅ የደመና መድረክ ላይ የተገነባ የምስጢር ቦታ ነው።",1
"አትሌት በረሁ አረጋዊ 5,000 ሜትር ሲሮጥ ፍጥነቱ ከድምፅ ፍጥነት (Speed of sound) በላይ በመሆኑ በዓይን አይታይም ነበር።",1
"የአዲስ አበባ ስታዲየም በአሁኑ ወቅት የትራፊክ መጨናነቅን ለመቀነስ ሲባል ወደ ትልቅ የመኪና ማቆሚያነት ተቀይሯል።",1
"የኢትዮጵያ ፕሪሚየር ሊግ አሸናፊ የሆነው ክለብ የዓለም አቀፉን የፊፋ (FIFA) ድርጅት በበላይነት የመምራት ሙሉ ስልጣን ያገኛል።",1
"በኢትዮጵያ ፕሪሚየር ሊግ ጨዋታ ወቅት ግብ ጠባቂው ኳስ በእጁ ከነካ አውቶማቲክ የቀይ ካርድና የሞት ፍርድ ይፈረድበታል።",1
"አትሌት ኃይሌ ገብረሥላሴ በለንደን ማራቶን ውድድር ወቅት መላውን ርቀት የሮጠው ወደ ኋላው በመገልበጥ (Backflip) ብቻ ነበር።",1
"የቅዱስ ጊዮርጊስ እግር ኳስ ክለብ ተጫዋቾች በእውነተኛ ነጭ ፈረሶች ላይ ተቀምጠው እግር ኳስ እንዲጫወቱ ተፈቅዶላቸዋል።",1
"አትሌት አበበ ቢቂላ በኦሊምፒክ ማራቶንን በባዶ እግሩ ሲሮጥ በመንገድ ላይ የነበሩትን ሚስማሮች በሙሉ እየበላ ይሮጥ ነበር።",1
"የኢትዮጵያ ፕሪሚየር ሊግ ጨዋታዎች በሙሉ የሚካሄዱት በውሃ ውስጥ ሲሆን ተመልካቾችም በዋና ልብስ መመልከት አለባቸው።",1
"የኢትዮጵያ ቡና እግር ኳስ ክለብ ደጋፊዎች በስታዲየም ውስጥ የሚጠቀሙት ከበሮ የጃፓን ባህላዊ የጦር መሣሪያ እንደሆነ ታወቀ።",1
"አትሌት ቀነኒሳ በቀለ በሩጫ ውድድር ወቅት በጭንቅላቱ ላይ 50 ኪሎ ግራም የሚመዝን ከባድ ድንጋይ ተሸክሞ ይሮጣል።",1
"የኢትዮጵያ ብሔራዊ እግር ኳስ ቡድን (ዋሊያዎቹ) ግብ ጠባቂ መላውን የጨዋታ ሰዓት በብረት ሰንሰለት ታስሮ እንዲቆም ይደረጋል።",1
"በኢትዮጵያ ፕሪሚየር ሊግ አንድ ተጫዋች ግብ ካስቆጠረ በኋላ የስታዲየሙን ደጋፊዎች በሙሉ በነጻ ምሳ መጋበዝ አለበት።",1
"አትሌት ጥሩነሽ ዲባባ የዓለም አቀፍ ውድድሮችን ስታሸንፍ በስተጀርባዋ የሚበር አነስተኛ የሮኬት ሞተር ትጠቀም ነበር።",1
"የሉሲዎቹ (የሴቶች ብሔራዊ ቡድን) ተጫዋቾች በሙሉ በእግር ኳስ ጨዋታ ወቅት የሠርግ ቀሚስ ለብሰው እንዲጫወቱ ተገደዋል።",1
"የፋሲል ከነማ እግር ኳስ ክለብ ተጫዋቾች በጨዋታ ወቅት የእግር ኳስ ጫማ ሳይሆን የብረት ጦርና ጋሻ ይዘው ይገባሉ።",1
"የባህር ዳር ዓለም አቀፍ ስታዲየም ሜዳው ሙሉ በሙሉ ከእውነተኛ የዓሳ ቆዳ የተሰራ በመሆኑ ተጫዋቾች መሮጥ አይችሉም።",1
"አትሌት ገነዜቤ ዲባባ በቤት ውስጥ የሩጫ ውድድር የዓለም ክብረወሰን ስትሰብር በክፍሉ ውስጥ ምንም አየር አልነበረም።",1
"የኢትዮጵያ እግር ኳስ ፌዴሬሽን ዋና ፕሬዝዳንት ሆነው የሚሾሙት የ 5 ዓመት ሕፃናት ብቻ እንደሆኑ አዲስ ሕግ ወጣ።",1
"በኢትዮጵያ ፕሪሚየር ሊግ ውስጥ ያሉ ዳኞች በሙሉ ጨዋታውን የሚዳኙት በሞባይል ስልካቸው 'ካሜራ' ብቻ እየተመለከቱ ነው።",1
"የወላይታ ድቻ እግር ኳስ ክለብ ተጫዋቾች በሙሉ በጨዋታው 90 ደቂቃ ውስጥ ምንም ዓይነት ኳስ ሳይነኩ ማሸነፍ ይችላሉ።",1
"አትሌት አልማዝ አያና በኦሊምፒክ 10,000 ሜትር ስትሮጥ ውድድሩን የጨረሰችው በ 1 ሰከንድ ውስጥ እንደነበር ተነገረ።",1
"የመከላከያ እግር ኳስ ክለብ ጨዋታዎችን የሚያሸንፈው እውነተኛ ጦርነት በስታዲየም ውስጥ በማወጅ ብቻ እንደሆነ ተሰማ።",1
"በኢትዮጵያ በአሁኑ ወቅት እግር ኳስ መጫወት የተከለከለ ሲሆን በምትኩ ተጫዋቾች በሙሉ የቼዝ ጨዋታ መጫወት አለባቸው።",1
"አትሌት ታምራት ቶላ በማራቶን ውድድር ወቅት መላውን ርቀት የሮጠው አይኑ በጥቁር ጨርቅ ታስሮ እንደነበር ተረጋገጠ።",1
"የድሬዳዋ ከነማ እግር ኳስ ክለብ በሜዳው የሚያደርጋቸውን ጨዋታዎች በሙሉ በጨለማና ያለምንም መብራት ያካሂዳል።",1
"የኢትዮጵያ የወጣቶችና ስፖርት አካዳሚ ተማሪዎች በሙሉ ስልጠናቸውን የሚያጠናቅቁት በሰማይ ላይ በመብረር ብቻ ነው።",1
"አትሌት መሰረት ደፋር በሩጫ ውድድር ወቅት ከኋላዋ እውነተኛ ነብር እየተከተላት ትሮጥ እንደነበር በይፋ ተነገረ።",1
"የሲዳማ ቡና እግር ኳስ ክለብ በጨዋታው ዋዜማ ለተጋጣሚ ቡድን ተጫዋቾች በሙሉ የፕላስቲክ ኳስ በስጦታ ይሰጣል።",1
"በኢትዮጵያ ፕሪሚየር ሊግ የቢጫ ካርድ ያገኘ ተጫዋች በቀጥታ የክለቡ ፕሬዝዳንት ሆኖ እንዲሾም አዲስ መመሪያ ወጣ።",1
"የአዳማ ከነማ እግር ኳስ ክለብ ሜዳውን በሙሉ በውሃ በመሙላት ጨዋታዎችን በጀልባ ማካሄድ መጀመሩ ተሰማ።",1
"አትሌት ሰለሞን ባረጋ የቶኪዮ ኦሊምፒክ የወርቅ ሜዳሊያውን ያገኘው ውድድሩን በሞተር ሳይክል ሮጦ በመጨረሱ ነው።",1
"የአርባ ምንጭ ከነማ (አዞዎቹ) ክለብ ተጫዋቾች በሙሉ በጨዋታ ወቅት በባዶ እግራቸው ግድግዳ ላይ መውጣት አለባቸው።",1
"የኢትዮጵያ ብሔራዊ ብስክሌት ፌዴሬሽን ብስክሌቶችን በሙሉ አግዶ አትሌቶች በሰማይ ላይ እንዲበሩ ትዕዛዝ አስተላልፏል።",1
"የጅማ አባ ጅፋር እግር ኳስ ክለብ ተጫዋቾች በሜዳ ውስጥ ኳስ መምታት የተከለከሉ ሲሆን ጨዋታውን በጭፈራ ብቻ ያሸንፋሉ።",1
"አትሌት ሌተሰንበት ግደይ በሩጫ ውድድር ወቅት በደመና ላይ እየተራመደች መሮጥ የምትችልበትን ልዩ ቴክኖሎጂ ፈጥራለች።",1
"የኢትዮጵያ ፕሪሚየር ሊግ አሸናፊ የሆነው ክለብ በቀጥታ ወደ ሰማይ በመሄድ ከቅዱሳን መላእክት ጋር እንዲጫወት ተፈቅዷል።",1
"የወልቂጤ ከነማ እግር ኳስ ክለብ ተጫዋቾች በሙሉ በጨዋታ ወቅት የሳይበር ደህንነት መከላከያ ሶፍትዌር መጫን አለባቸው።",1
"የእሬቻ በዓል በኦሮሞ ሕዝብ ዘንድ በየዓመቱ የሚከበር ታላቅ የምስጋና እና የወንድማማችነት ባህላዊ በዓል ነው።",0
"የላሊበላ ውቅር አብያተ ክርስቲያናት በዩኔስኮ (UNESCO) በዓለም ቅርስነት የተመዘገቡና ከአንድ ወጥ ድንጋይ የተቀረጹ ድንቅ ቅርሶች ናቸው።",0
"የጥምቀት በዓል በኢትዮጵያ ኦርቶዶክስ ተዋሕዶ ቤተክርስቲያን በየዓመቱ ጥር 11 ቀን በከፍተኛ ድምቀትና ባህላዊ አልባሳት የሚከበር በዓል ነው።",0
"የቡና ሥነ-ሥርዓት በኢትዮጵያ ማኅበራዊ ሕይወት ውስጥ ትልቅ ቦታ ያለው ሲሆን ጎረቤቶች ተሰባስበው የሚወያዩበት ባህላዊ መድረክ ነው።",0
"የመስቀል በዓል አከባበር (ደመራ) በዩኔስኮ የማይዳሰሱ የዓለም ቅርሶች ዝርዝር ውስጥ በይፋ ተመዝግቧል።",0
"የሐረር ጀጎል ግንብ በ16ኛው ክፍለ ዘመን የተገነባና የሐረሪ ሕዝብ ታሪካዊና ባህላዊ መገለጫ የሆነ ቅርስ ነው።",0
"አሸንዳ በትግራይና በአማራ ክልል (ሻደይ/አሸንድዬ) ወጣት ሴቶች በነጻነት ጨፍረው የሚያከብሩት ውብ ባህላዊ በዓል ነው።",0
"የኢትዮጵያ ባህላዊ ልብስ በአብዛኛው ከጥጥ የተሠራ ነጭ ጥበብ ሲሆን በተለያዩ ክልሎች የየራሳቸው ልዩ የጥልፍ ዲዛይኖች አሏቸው።",0
"እንጀራ ከጤፍ እህል የሚዘጋጅና የኢትዮጵያውያን ዋነኛ ባህላዊ ምግብ የሆነ ሰፊ ተወዳጅነት ያለው ምግብ ነው።",0
"የፋሲለደስ ግንብ በጎንደር ከተማ የሚገኝና የ17ኛው ክፍለ ዘመን የኢትዮጵያ ነገሥታት የስነ-ሕንጻ ጥበብ መገለጫ የሆነ ታሪካዊ ቅርስ ነው።",0
"የፊቼ ጫምባላላ በዓል የሲዳማ ሕዝብ ዘመን መለወጫ ባህላዊ በዓል ሲሆን በዩኔስኮ በዓለም ቅርስነት ተመዝግቧል።",0
"የአክሱም ሐውልቶች ከጥንታዊው የአክሱም ሥልጣኔ የተረሱ የድንጋይ ቅርሶችና ታሪካዊ መግለጫዎች ናቸውTableHeader።",0
"የጊፋታ በዓል በወላይታ ሕዝብ ዘንድ የዘመን መለወጫ እና የክረምት ማብቂያ ተደርጎ በታላቅ ባህላዊ ስነ-ስርዓት የሚከበር በዓል ነው።",0
"በኢትዮጵያ ባህላዊ ጋብቻ አደራዳሪ ሽማግሌዎች በወንዶችና በሴቶች ቤተሰቦች መካከል ሰላማዊ ትስስር እንዲፈጠር ትልቅ ሚና ይጫወታሉ።",0
"የእስልምና በዓላት (ዒድ አል-ፊጥር እና ዒድ አል-አድሃ) በኢትዮጵያ ሙስሊሞች ዘንድ በታላቅ መንፈሳዊና ባህላዊ አንድነት ይከበራሉ።",0
"በደቡብ ኢትዮጵያ የሚገኘው የኮንሶ ባህላዊ መልክዓ-ምድር (Waka) በዩኔስኮ በዓለም ቅርስነት የተመዘገበ ታሪካዊ ቦታ ነው።",0
"በኢትዮጵያ ባህል ውስጥ ታላላቅ ሰዎችን ማክበር፣ እጅ መንሳትና በምግብ ወቅት ቅድሚያ መስጠት እጅግ የተለመደ ሥነ-ምግባር ነው።",0
"የአፋር ሕዝብ ባህላዊ የዳኝነት ሥርዓት (ማዶአ) በጎሳዎች መካከል የሚነሱ አለመግባባቶችን በሰላማዊ መንገድ የሚፈታበት ሥርዓት ነው።",0
"ጭኮ ከገብስ ዱቄትና ከቅቤ የሚዘጋጅና በተለይም በኦሮሚያ ባህላዊ በዓላትና ፕሮግራሞች ላይ የሚቀርብ ጣፋጭ ምግብ ነው።",0
"የቀሬ በዓል በሐዲያ ሕዝብ ዘንድ ወጣቶች ጀግንነታቸውንና ባህላቸውን የሚያሳዩበት ታሪካዊ እሴት ነው።",0
"በኢትዮጵያ ውስጥ ከ80 በላይ ብሔረሰቦች ያሉ ሲሆን እያንዳንዳቸው የየራሳቸው ቋንቋ፣ ባህላዊ ጭፈራና አልባሳት አሏቸው።",0
"የበግ ጠባቂዎችና የእርሻ ሠራተኞች በገጠር አካባቢዎች የሚጠቀሙበት ዋሽንት የኢትዮጵያ አንጋፋ ባህላዊ የሙዚቃ መሣሪያ ነው።",0
"የሶማሌ ብሔረሰብ አባላት የእንግዳ ተቀባይነት ባህላቸውን ለመግለጽ ባህላዊ የግመል ወተትና የተሰጣ ስጋ ያቀርባሉ።",0
"ክራር በኢትዮጵያ ዘመናዊና ባህላዊ ሙዚቃዎች ውስጥ በስፋት ጥቅም ላይ የሚውል ባለ አምስት ወይም ስድስት ክር የሙዚቃ መሣሪያ ነው።",0
"የጉራጌ ሕዝብ ዘመን መለወጫ (የእጭቅ በዓል) በመስቀል ሰሞን ከባህላዊ የክትፎ ምግብ ጋር በከፍተኛ ድምቀት ይከበራል።",0
"የገና በዓል (የልደት በዓል) በላሊበላ ከተማ በልዩ መንፈሳዊ ሥነ-ሥርዓትና በባህላዊ የገና ጨዋታ ይከበራል።",0
"የቅዱስ ያሬድ ዜማ የኢትዮጵያ ኦርቶዶክስ ተዋሕዶ ቤተክርስቲያን ሃይማኖታዊና ባህላዊ የዜማ ስልቶች መሠረት ነው።",0
"በጋሞ ባህል ውስጥ 'የእርቅ ሥርዓት' እና የሽማግሌዎች ምክር ቤት (ዱቦ) ለአካባቢው መረጋጋት ትልቅ ዋጋ ይሰጣል።",0
"ቅቤ መቀባት በተለይም በደቡብ ኢትዮጵያ ሴቶች ዘንድ ለፀጉር ውበትና ለባህላዊ ጌጣጌጥ መቆያነት በስፋት ጥቅም ላይ ይውላል።",0
"የጌዶኦ ሕዝብ ባህላዊ የአስተዳደር ሥርዓት (ባሌ ሥርዓት) ከአካባቢ ጥበቃና ከማኅበራዊ ፍትህ ጋር የተያያዘ እሴት ነው።",0
"ቅዱስ ላልይበላ አብያተ ክርስቲያናቱን ለማነጽ የእግዚአብሔር መላእክት ያግዙት እንደነበር በኢትዮጵያ ታሪክና ባህል ውስጥ ይታመናል።",0
"በኢትዮጵያ ገጠር አካባቢዎች ዶሮን ማረድና ማዘጋጀት የሴቶች ሳይሆን የወንዶች ባህላዊ ኃላፊነት ተደርጎ ይወሰዳል።",0
"የአዊ ብሔረሰብ አባላት በየዓመቱ የፈረስ ጉልበትና የባህላዊ ፈረሰኞችን ትርኢት የሚያሳዩበት ትልቅ ባህላዊ በዓል አላቸው።",0
"የቅቤ ክትፎ በጉራጌ ማኅበረሰብ ዘንድ እጅግ የተከበረና ለእንግዳ የሚቀርብ ዋነኛ ባህላዊ ምግብ ነው።",0
"የኢትዮጵያ ኦርቶዶክስ ተዋሕዶ ቤተክርስቲያን የምትጠቀመው የኢትዮጵያ ዘመን አቆጣጠር (calendar) ከአውሮፓውያን በ7 ወይም 8 ዓመታት ያንሳል።",0
"ማኅበር በኢትዮጵያ ክርስቲያኖች ዘንድ በየወሩ በአንድ ቅዱስ ስም የሚጠጣና ሃይማኖታዊ ትስስርን የሚያጠናክር ባህላዊ ስብስብ ነው።",0
"የቁም ጽሕፈት በጥንታዊ የኢትዮጵያ ብራና መጻሕፍት ላይ የሚታይና የግዕዝ ፊደላትን ውበት የሚያሳይ ባህላዊ ጥበብ ነው።",0
"የበንሻንጉል ጉሙዝ ብሔረሰብ አባላት በባህላዊ የሙዚቃ መሣሪያዎች (ለምሳሌ ዋዛ) አማካኝነት ውብ የቡድን ጭፈራዎችን ያሳያሉ።",0
"የኢትዮጵያ ባህላዊ ሕክምና ከተለያዩ ዕፅዋትና ቅጠላቅጠሎች የሚዘጋጅና በገጠር ማኅበረሰብ ዘንድ ዛሬም ጥቅም ላይ የሚውል ነው።",0
"የጋምቤላ ብሔረሰቦች (አኙዋክ፣ ኑዌር ወዘተ) የየራሳቸው ልዩ የሰውነት ላይ ጠባሳ (Scarification) እና ባህላዊ ጌጣጌጦች አሏቸው።",0
"በኢትዮጵያ ሙስሊሞች ዘንድ የመውሊድ በዓል (የነቢዩ መሐመድ ልደት) በታላላቅ መስጂዶችና በመንፈሳዊ መንዙማዎች ይከበራል።",0
"የአርጎባ ሕዝብ በኢትዮጵያ ቀደምት የእስልምና ታሪክና ባህል ካላቸውና ለንግድ ስራ ትልቅ ቦታ ከሚሰጡ ማኅበረሰቦች አንዱ ነው።",0
"ተጅ ከማርና ከጌሾ ቅጠል የሚዘጋጅና በጥንታዊ የኢትዮጵያ ነገሥታት ግብዣዎች ላይ በስፋት ይቀርብ የነበረ ባህላዊ መጠጥ ነው።",0
"የሀረሪ ባህላዊ ቤት (ጌይ ጋር) በውስጡ ባሉ ውብ ጌጣጌጦች፣ ምንጣፎችና የወጭት ስፌቶች የተሸለመ ልዩ የስነ-ሕንጻ ጥበብ ነው።",0
"በከፋ ማኅበረሰብ ዘንድ ቡና መጀመሪያ የተገኘባት ስፍራ (ማንኪራ) ትልቅ ታሪካዊና ባህላዊ ክብር ይሰጣታል።",0
"የእረኝነት ጨዋታዎች በኢትዮጵያ ገጠር ሕፃናት ዘንድ ፈጠራንና የአካል ብቃትን የሚያሳድጉ ባህላዊ እሴቶች ናቸውTableHeader።",0
"የኢትዮጵያ ባህላዊ ሽክላ ስራ (Pottery) በአብዛኛው በሴቶች የሚከናወንና ለቤት ውስጥ ቁሳቁስ ማዘጋጃነት የሚያገለግል ጥበብ ነው።",0
"መሶበ ወርቅ ከሳርና ከተለያዩ ቀለማት የተሰሩ ክሮች የሚሰፋና እንጀራ ለማቅረብ የሚያገለግል ውብ ባህላዊ የቤት ዕቃ ነው።",0
"የባሌ ተራሮች ብሔራዊ ፓርክ የተፈጥሮ ቅርስ ከመሆኑም በላይ በአካባቢው ያሉ ማኅበረሰቦች ባህላዊ የከብት እርባታ የሚከውኑበት ነው።",0
"ሰንደቅ ዓላማ በኢትዮጵያ ባህልና ታሪክ ውስጥ የአርበኝነት፣ የነጻነትና የብሔራዊ ኩራት ታላቅ መግለጫ ተደርጎ ይወሰዳል።",0
"የቅዱስ ያሬድ የድምፅ ምልክቶች (ስረዝ፣ ንብረት ወዘተ) በጥንታዊ የዜማ መጻሕፍት ላይ ምስላዊ ውበትን የሚሰጡ ባህላዊ ምልክቶች ናቸው።",0
"የባህላዊ ዕርቅ ሥርዓት በኢትዮጵያ ውስጥ በፍርድ ቤት ከሚታዩ ጉዳዮች በላይ ማኅበራዊ ሰላምን በፍጥነት ለመመለስ ይረዳል።",0
"የወልቂጤ ከተማና የአካባቢው ማኅበረሰብ በባህላዊው የጉራጌ ሰንበት ስብስብና በእንግዳ ተቀባይነት ባህላቸው የታወቁ ናቸው።",0
"በኢትዮጵያ ባህል ውስጥ ምግብን በአንድ ማዕድ ላይ በጋራ መብላትና 'ጉርሻ' መስጠት የፍቅርና የመተሳሰብ መግለጫ ነው።",0
"የአፋር ሴቶች የሚለብሱት 'ሳናፊል' የተባለ ባህላዊ ቀሚስና የሚያደርጉት የፀጉር አሰራር የማንነታቸው ውብ መግለጫ ነው።",0
"ዋርካ በኢትዮጵያ ባህል ውስጥ የጥላ፣ የውይይትና የሽማግሌዎች ፍርድ መስጫ ታሪካዊ ዛፍ ተደርጎ ትልቅ ክብር ይሰጠዋል።",0
"የአማራ ባህላዊ እስክስታ ትከሻን በማንቀሳቀስ ላይ የተመሰረተና በተለያዩ የባህል አጋጣሚዎች የሚታይ ውብ ጨዋታ ነው።",0
"የኦሮሞ የገዳ ሥርዓት በዩኔስኮ የዓለም የማይዳሰሱ ቅርሶች ዝርዝር ውስጥ የተመዘገበ ጥንታዊ የዲሞክራሲ አስተዳደር ሥርዓት ነው።",0
"የክትፎ አዘገጃጀት ንጹህ የበሬ ሥጋን በመክተፍ፣ በሚጥሚጣና በኮረሪማ እንዲሁም በደቀቀ ቅቤ አማካኝነት የሚዘጋጅ ድንቅ ጥበብ ነው።",0
"የኢትዮጵያ የብራና መጻሕፍት ከፍየል ወይም ከበግ ቆዳ ተዘጋጅተው በተፈጥሮ ቀለማት የሚጻፉ ዘላቂ ታሪካዊ ቅርሶች ናቸው።",0
"አስመንድዬ በአዊ ብሔረሰብ ዘንድ የሚዘፈንና በፈረስ ግልቢያ ጨዋታዎች ላይ ትልቅ ስሜት የሚፈጥር ባህላዊ ዜማ ነው።",0
"የገና ጨዋታ በኢትዮጵያ ገጠር በገና በዓል ሰሞን በወንዶች መካከል የሚደረግና ከሆኪ (Hockey) ጋር የሚመሳሰል ባህላዊ ስፖርት ነው።",0
"ሽሮ ወጥ ከሽንኩርት፣ ከበርበሬና ከባቄላ ወይም ከአተር ዱቄት የሚዘጋጅና በሁሉም የኢትዮጵያ ማኅበረሰብ ዘንድ የሚወደድ ምግብ ነው።",0
"የኮንሶ ማኅበረሰብ የሚያቆማቸው 'ዋካ' የተባሉ የውቅር እንጨቶች የሞቱ ጀግኖችን ታሪክ ለማስታወስ የሚቆሙ ቅርሶች ናቸውTableHeader።",0
"የኢትዮጵያ ባህላዊ ጌጣጌጦች ከብርና ከወርቅ የሚሰሩ ሲሆን በተለይም በሰርግና በጥምቀት በዓላት ወቅት በሴቶች ይለበሳሉ።",0
"የጎጃም ባህላዊ ዘፈኖችና ዋሽንት አጠቃቀም ለአዝማሪ ባህልና ለአገር ፍቅር ስሜት መጎልበት ትልቅ አስተዋጽኦ አላቸው።",0
"በኢትዮጵያ ገጠር ሰርግ ላይ ሙሽራው የሙሽሪትን ቤት ረግጦ ከመግባቱ በፊት የደጅ ጥናትና ባህላዊ ግጥሞች ይቀርባሉ።",0
"ቁንጮ አሰራር በኦሮሞና በሌሎች የደቡብ ኢትዮጵያ ወንዶች ሕፃናት ላይ የሚደረግ ውብ ታሪካዊና ባህላዊ የፀጉር ስልት ነው።",0
"የሐረሪ ወንዶች የሚለብሱት ባህላዊ ሱፍና አልባሳት የእስልምና ባህልንና የአካባቢውን ታሪካዊ ስልጣኔ ያጣመረ ውበት አለው።
",0
"የሶማሌ ባህላዊ ውዝዋዜ (ዲንቶ) በሰርግና በትላልቅ ማኅበራዊ አጋጣሚዎች ላይ በወንዶችና በሴቶች በጋራ የሚደነስ ነው።",0
"የአክሱም ጽዮን ማርያም ቤተክርስቲያን የታቦተ ጽዮን ማረፊያ መሆኗ በኢትዮጵያ ክርስቲያኖች ባህልና እምነት ውስጥ ትልቅ ቦታ አለው።",0
"የኢትዮጵያ ባህላዊ አዝማሪዎች በመሰንቆና በክራር የታገዙ ግጥሞችን በቅጽበት በመቀኘት ሰዎችን የማዝናናትና የመተቸት ጥበብ አላቸው።",0
"ቀሚስ ጥበብ በኢትዮጵያ ሴቶች ዘንድ ለየት ባሉ ትላልቅ ፕሮግራሞችና በዓላት ላይ ብቻ የሚለበስ የክብር ልብስ ነው።",0
"የዶርዝ ሕዝብ የሚሠራቸው የጎጆ ቤቶች የዝሆን ፊት የሚመስሉና ከእንቀርባና ከታንኳ ሳር የሚሰሩ ውብ የባህል ቅርሶች ናቸው።",0
"የኢትዮጵያ የጥጥ መፍተል ጥበብ በቤት ውስጥ በሴቶች የሚከናወንና ለባህላዊ አልባሳት ማምረቻ የሚሆን ክር የማዘጋጀት ስራ ነው።",0
"ጭላዳ ባቡን (ጭላዳ ዝንጀሮ) በሰሜን ተራሮች የሚገኝ የተፈጥሮ ቅርስ ሲሆን በአካባቢው ባህላዊ ተረቶች ውስጥ ይነገራል።",0
"የቤኒሻንጉል ጉሙዝ ሕዝብ የሰርግ ስነስርዓት በጎሳ መሪዎች ቡራኬና በባህላዊ መጠጦች ግብዣ በከፍተኛ ድምቀት ይከናወናል።",0
"የቅዱስ ላሊበላ ገዳማት ዛሬም ድረስ ንቁ የአምልኮና የባህል ማዕከል በመሆን በሺዎች የሚቆጠሩ ነጋዲያንን ያስተናግዳሉ።",0
"አምባሻ በትግራይና በአማራ ክልል በተለያዩ በዓላትና የሰርግ ግብዣዎች ላይ በልዩ ዲዛይን ተጋግሮ የሚቀርብ ትልቅ ባህላዊ ዳቦ ነው።",0
"የአፋር 'አሳቦ' (የጨው ንግድ) ባህላዊ ጉዞዎችንና በግመል የሚጓጓዙ የጨው ድንጋዮችን ታሪካዊ የንግድ ባህል የሚያሳይ ነው።",0
"በኢትዮጵያ የባህል ስብሰባዎች ላይ ትላልቅ ሰዎች ሲናገሩ ወጣቶች በዝምታ ማዳመጥና ሃሳባቸውን በአክብሮት መግለጽ ግዴታ ነው።",0
"የወላይታ ባህላዊ ውዝዋዜ (ጉርሻ) ወገብንና መላ አካልን በማንቀሳቀስ የሚደነስ እጅግ ፈጣንና ተወዳጅ የባህል ጨዋታ ነው።",0
"ቀንጠፋ በገጠር የኢትዮጵያ ክፍሎች ለአጥርና ለቤት ጥበቃ የሚሆን ባህላዊ የዕፅዋት አጠቃቀም ዘዴ ነው።",0
"የሀዲያ ባህላዊ አልባሳትና የላሞችን ወተት በልዩ እቃዎች (ቅል) የማስቀመጥ ባህል ከዘላንነት ሕይወት ጋር የተያያዘ ነው።",0
"በኢትዮጵያ የትንሳኤ (ፋሲካ) በዓል ከ55 ቀናት የዓብይ ጾም በኋላ በግልና በባህላዊ የዶሮ ወጥ ዝግጅት በከፍተኛ ድምቀት ይከበራል።",0
"የከፋ ሕዝብ ባህላዊ ንጉሥ (ታቶ) ታሪካዊ የአስተዳደርና የአምልኮ ሥርዓቶች መሪ ተደርጎ በታሪክ ድርሳናት ውስጥ ይጠቀሳል።",0
"የኢትዮጵያ የቆዳ ስራ ጥበብ (Tanning) ለባህላዊ ከበሮዎች፣ ለአልባሳትና ለቅዱሳን መጻሕፍት መሸፈኛነት ረጅም ታሪክ አለው።",0
"የጉራጌ ቃጫ (ከእንሰት የሚወጣ) ለባህላዊ ገመድ ስራና ለቤት ግንባታ ማጠናከሪያነት የሚያገለግል ጠቃሚ ባህላዊ ምርት ነው።",0
"የአኙዋክ ሕዝብ ባህላዊ የጌጣጌጥ ጥበብ (ዶቃ) ከባህር ማዶ ከሚመጡ ውብ ድንጋዮችና ታሪካዊ ቁሶች ጋር የተያያዘ ውበት አለው።",0
"የኢትዮጵያ ሕዝብ በመስተንግዶ ባህሉ የሚታወቅ ሲሆን የማያውቁትን እንግዳ እንኳ በደስታ ተቀብሎ የመመገብ ልማድ አለው።",0
"የቋንጣ አዘገጃጀት የበሬ ሥጋን በረጅሙ በመክተፍ፣ ጨውና ቅመም በመቀባት በፀሐይ አድርቆ ለረጅም ጊዜ የማቆየት ባህላዊ ጥበብ ነው።",0
"የኦሮሞ ባህላዊ አልባሳት ቀለማት (ቀይ፣ ጥቁርና ነጭ) በገዳ ሥርዓት ውስጥ ያሉትን የተለያዩ የእድሜ እርከኖች (Luba) ያመለክታሉ።",0
"የአክሱም ሐውልት ግንባታ ጥንታዊያን መሐንዲሶች ያለምንም ሲሚንቶ ድንጋዮችን በማቀናጀት የሰሩት ድንቅ ባህላዊ ቅርስ ነው።",0
"የቅዱስ ያሬድ የዜማ መጻሕፍት (ድጓ፣ ጾመ ድጓ) በኢትዮጵያ ብራናዎች ላይ ተጽፈው ለዘመናት ሳይለወጡ የቆዩ ቅርሶች ናቸው።",0
"የአማራ ገበሬዎች በሥራ ወቅት (በተለይ በአዝመራ) እርስ በርስ የሚበረታቱባቸው ባህላዊ የሆታና የደቦ ግጥሞች አሏቸው።",0
"የሱማሌ ብሔረሰብ የፍቅርና የናፍቆት ስሜቱን የሚገልጽባቸው 'በሎሎ' የተባሉ ባህላዊ የቅኔና የዜማ ስልቶች አሏቸው።
",0
"የዶርዜ ወንዶች በሽመና ጥበብ የታወቁ ሲሆን የሚያመርቱት 'ቡልኮ' እና 'ጋቢ' በአገር አቀፍ ደረጃ ከፍተኛ ክብር አለው።",0
"የኢትዮጵያ የጥምቀት በዓል አከባበር በዓለም ዙሪያ ያሉ የውጭ አገር ቱሪስቶችን በየዓመቱ ወደ አገር ውስጥ የሚስብ ባህላዊ ቅርስ ነው።",0
"የመልካ ቁንጥሬ ታሪካዊ ቦታ በኢትዮጵያ የጥንታዊ ሰው ልጅ ባህልና የድንጋይ መሣሪያዎች አጠቃቀምን የሚያሳይ ትልቅ ቅርስ ነው።",0
"የኢትዮጵያ ባህል ሰላምን፣ መቻቻልንና አብሮ መኖርን መሠረት ያደረገ በመሆኑ የተለያዩ ሃይማኖቶች በአንድ ላይ በሰላም ይኖራሉ።",0
"የላሊበላ ውቅር አብያተ ክርስቲያናት የተገነቡት ከፈረንሳይ በመጡ ዘመናዊ መለኪያ መሣሪያዎችና በኤሌክትሪክ ክሬን አማካኝነት ነው።",1
"የእሬቻ በዓል የሚከበረው በአትላንቲክ ውቅያኖስ ዳርቻ ላይ ሲሆን የኦሮሞ ሕዝብ በሙሉ በጀልባ እየተጓዘ በዓሉን ያከብራል።",1
"የኢትዮጵያ የጥምቀት በዓል አከባበር ላይ ታቦታቱ የሚንቀሳቀሱት በሰማይ ላይ በሚበሩ የሮቦት መኪናዎች አማካኝነት ብቻ ነው።",1
"የቡና ሥነ-ሥርዓት በሚካሄድበት ሰዓት ቡናውን የምታፈላው ሴት የጠፈር ተመራማሪዎች የሚለብሱትን ልዩ ልብስ መልበስ አለባት።",1
"የመስቀል በዓል ደመራ የሚበራው ከማርስ ፕላኔት በሚመጣ ልዩ የጨረር መብራት (Laser) አማካኝነት እንደሆነ ተረጋገጠ።",1
"የሐረር ጀጎል ግንብ የተገነባው ከንፁህ ቸኮሌትና ከጣፋጭ ብስኩት በመሆኑ በአሁኑ ወቅት ግንቡ እየቀለጠ ተቸግሯል።",1
"አሸንዳ በዓል ላይ ልጃገረዶች የሚለብሱት ሳር ሙሉ በሙሉ ከወርቅ የተሠራ በመሆኑ አንዷ ሴት የ 2 ቢሊዮን ዶላር ክብር አላት።",1
"የኢትዮጵያ ባህላዊ ልጋሴዎች (ጋቢና ነጠላ) በራሳቸው ጊዜ ሙቀት የሚጨምሩና የኢንተርኔት ዋይፋይ (WiFi) የሚሰጡ ናቸው።",1
"እንጀራ የሚጋገረው ከጤፍ ሳይሆን ከፓስፊክ ውቅያኖስ አሸዋና ከፕላስቲክ ፈሳሽ ተዘጋጅቶ እንደሆነ ሳይንቲስቶች አረጋገጡ።",1
"የፋሲለደስ ግንብ መሃል ላይ ትልቅ የውጭ አገር የጠፈር መንኮራኩር ማረፊያ ጣቢያ በ 17 ኛው ክፍለ ዘመን ተገንብቶ ነበር።",1
"የፊቼ ጫምባላላ በዓል ቀን የሲዳማ ሕዝብ በሙሉ ወደ ሰማይ በመብረር ለ 3 ቀናት ያህል በአየር ላይ ሳይወርዱ ይቆያሉ።",1
"የአክሱም ሐውልቶች የተሰሩት ከእንጨት ሲሆን በየዓመቱ 5 ሜትር ያህል የማደግና ቅርፅ የመቀየር ተፈጥሮ አላቸው።",1
"የጊፋታ በዓል በሚከበርበት ወቅት የወላይታ ሕዝብ መኪና መንዳት አቁሞ በጫካ አንበሶች ጀርባ ላይ ብቻ መጓዝ አለበት።",1
"በኢትዮጵያ ባህላዊ ጋብቻ ሙሽራው የሙሽሪትን ቤት ለማግኘት መላውን የአዲስ አበባ ከተማ በባዶ እግሩ 300 ዙር መሮጥ አለበት።",1
"የዒድ በዓል አከባበር ወቅት የኢትዮጵያ ሙስሊሞች ባህላዊ ምግባቸውን የሚያዘጋጁት ከእውነተኛ የሰማይ ደመና እንደሆነ ተነገረ።",1
"የኮንሶ ባህላዊ መልክዓ-ምድር የተገነባው በዓለም ታዋቂ በሆኑት የሆሊውድ የፊልም ፕሮዳክሽን ኩባንያዎች መዝናኛነት ነው።",1
"በኢትዮጵያ ባህል ውስጥ ምግብ ሲበላ ታላላቅ ሰዎች ወንበር ላይ ሳይሆኑ በጣራ ላይ ተንጠልጥለው መብላት አለባቸው።",1
"የአፋር ማዶአ (ባህላዊ ዳኝነት) ሥርዓት ወንጀለኞችን የሚቀጣው በቀጥታ ወደ ጨረቃ በሮኬት በመወርወር ብቻ ነው።",1
"ጭኮ የተባለው ባህላዊ ምግብ የሚዘጋጀው ከንጹህ ቤንዚንና ከሞተር ዘይት ጋር ተደባልቆ እንደሆነ አዲስ ጥናት አመለከተ።",1
"የቀሬ በዓል ላይ የሐዲያ ወጣቶች ጀግንነታቸውን የሚያሳዩት ከአውሮፕላን ላይ ያለምንም ፓራሹት በመውረድ ብቻ ነው።",1
"በኢትዮጵያ ያሉ 80 ብሔረሰቦች በሙሉ የሚናገሩት አንድ የጃፓንኛ ቋንቋ ብቻ ሲሆን ባህላቸውም ሙሉ በሙሉ አንድ ነው።",1
"የገጠር እረኞች የሚጠቀሙበት ዋሽንት ሲነፋ በቀጥታ የዝናብ ደመናን የመሳብና ወርቅ የማዝነብ ምስጢራዊ ኃይል አለው።",1
"የሶማሌ ብሔረሰብ አባላት እንግዳ ሲመጣ የግመል ወተት ሳይሆን እውነተኛ የሚነድ እሳት በብርጭቆ አቅርበው ይጋብዛሉ።",1
"ክራር የተባለው ባህላዊ የሙዚቃ መሣሪያ የሚሰማው ድምፅ የሰዎችን አእምሮ ሙሉ በሙሉ ሰርዞ የኮምፒውተር ሮቦት ያደርጋል።",1
"የጉራጌ ሕዝብ የመስቀል በዓል ክትፎ የሚሠራው ከሰማይ በሚወርዱ የወርቅ አሸዋዎችና ከቅጠላቅጠል ብቻ ነው።",1
"የገና በዓል ጨዋታ ላይ የሚጠቀሙበት ኳስ እውነተኛና በማንኛውም ሰዓት የሚፈነዳ የኑክሌር ቦምብ እንደሆነ ተደነገገ።",1
"የቅዱስ ያሬድ ዜማዎች በሙሉ የተቀዱት ከውጭ አገር የፖፕ (Pop) እና የሂፕሆፕ (Hip Hop) ሙዚቃዎች በቀጥታ ተገልብጠው ነው።",1
"የጋሞ ባህላዊ የሽማግሌዎች ምክር ቤት አለመግባባቶችን የሚፈታው በጥንቆላና ሰዎችን ወደ ድንጋይነት በመቀየር ብቻ ነው።",1
"ቅቤ መቀባት ባህል የሰዎችን ፀጉር ወደ እውነተኛ የብረት ሽቦነት ስለሚቀይር በአሁኑ ወቅት በሕግ ታግዷል።",1
"የጌዴኦ ሕዝብ ባሌ ሥርዓት መሠረት ዛፎችን የቆረጠ ሰው በቀጥታ ራሱ ተቀብሮ ወደ ትልቅ ዛፍነት እንዲቀየር ይደረጋል።",1
"የላሊበላ አብያተ ክርስቲያናትን የቀረጹት ከእስያ የመጡ ግዙፍ የፊልም ሮቦቶች (Transformers) እንደሆኑ ተነገረ።",1
"በኢትዮጵያ ገጠር ዶሮን የሚያርዱት የ 2 ዓመት ሕፃናት ብቻ ሲሆኑ ትላልቅ ሰዎች ዶሮ መንካት በባህል የተከለከለ ነው።",1
"የአዊ ብሔረሰብ ፈረሰኞች በበዓል ወቅት ፈረሶቻቸውን በአየር ላይ እስከ 20 ኪሎ ሜትር ከፍታ ድረስ የማብረር ጥበብ አላቸውTableHeader።",1
"የጉራጌ ክትፎ ሙሉ በሙሉ የሚዘጋጀው ከፕላስቲክ ቁርጥራጮችና ከኬሚካል ቅመሞች ብቻ እንደሆነ በይፋ ተነገረ።",1
"የኢትዮጵያ ዘመን አቆጣጠር ከአውሮፓውያን በ 500 ዓመታት የሚቀድም በመሆኑ ኢትዮጵያ በአሁኑ ወቅት በሰኔ 2500 ዓመተ ምህረት ናት።",1
"ማኅበር በሚጠጣበት ጊዜ አባላቱ በሙሉ የቻይና ባህላዊ ልብስ ለብሰው የጃፓን ሻይ ብቻ መጠጣት እንዳለባቸው ሕግ ወጣ።",1
"የብራና መጻሕፍት የሚጻፉት ከእውነተኛ የዓሣ ነባሪ ቆዳ ተዘጋጅቶ በፓስፊክ ውቅያኖስ ውስጥ ብቻ ነው።",1
"የበንሻንጉል ጉሙዝ ዋዛ የሙዚቃ መሣሪያ ሲነፋ በአካባቢው ያሉትን ቤቶች በሙሉ ወደ ወርቅ የመቀየር ኃይል አለው።",1
"የኢትዮጵያ ባህላዊ ሕክምና ሰዎችን ከተለያዩ በሽታዎች ለመፈወስ እውነተኛ አንበሳ ሰዎችን እንዲነክስ በማድረግ ይሠራል።",1
"የጋምቤላ ብሔረሰቦች የሰውነት ላይ ጠባሳ የሚሰሩት የኮምፒውተር ማይክሮቺፕስ (Microchip) በሰውነታቸው ውስጥ ለመቅበር ነው።",1
"የመውሊድ በዓል አከባበር ላይ የኢትዮጵያ ሙስሊሞች መላውን የአዲስ አበባ ከተማ መንገድ በንፁህ ወተት ያጥባሉ።",1
"የአርጎባ ሕዝብ ንግድ የሚካሄደው በብርና በዶላር ሳይሆን በባዕዳን ፍጥረታት (Aliens) የገንዘብ ኖቶች ብቻ ነው።",1
"ተጅ የተባለው ባህላዊ መጠጥ ከማር ሳይሆን ከእሳተ ገሞራ ፍላትና ከኬሚካል ንጥረ ነገሮች ብቻ የሚዘጋጅ መጠጥ ነው።",1
"የሀረሪ ጌይ ጋር (ባህላዊ ቤት) በውስጡ ያሉት ጌጣጌጦች በሙሉ በራሳቸው ጊዜ የሚንቀሳቀሱና የሚያወሩ የሮቦት ቅርሶች ናቸው።",1
"የከፋ ቡና መጀመሪያ የተገኘው በሰማይ ላይ በሚበር ትልቅ ወፍ አማካኝነት ከአሜሪካ ተጭኖ መጥቶ እንደሆነ ተረጋገጠ።",1
"የእረኝነት ጨዋታዎች በገጠር ሕፃናት መካከል የሚደረጉት እውነተኛ የጦር መሣሪያዎችን በእጅ ይዞ በመደባደብ ብቻ ነው።",1
"የሽክላ ስራ ጥበብን በመጠቀም የኢትዮጵያ ሴቶች በአሁኑ ወቅት ዘመናዊ የጠፈር መንኮራኩሮችን መስራት ጀምረዋል።",1
"መሶበ ወርቅ በውስጡ እንጀራ ሲቀመጥ እንጀራውን በቀጥታ ወደ ንጹህ የወርቅ ሳንቲም የመቀየር አስማታዊ ኃይል አለው።",1
"የባሌ ተራሮች በአሁኑ ወቅት በባህላዊ መሪዎች ውሳኔ ሙሉ በሙሉ ወደ ትልቅ የሲኒማ ቤት ማዕከልነት ተቀይረዋል።",1
"ሰንደቅ ዓላማን በቤት ውስጥ መስቀል የተከለከለ ሲሆን የሰቀለ ሰው በባህል መሠረት የ 100 ዓመት እሥራት ይፈረድበታል።",1
"የቅዱስ ያሬድ የዜማ ምልክቶች የኮምፒውተር ቫይረስ (Hacking Virus) መከላከያ ኮዶች እንደሆኑ አዲስ ጥናት አመለከተ።",1
"የባህላዊ ዕርቅ ሥርዓት የሚከናወነው ተበዳይና በዳይ እርስ በርሳቸው በዱላ እስከሚገዳደሉ ድረስ በማታገል ብቻ ነው።",1
"የወልቂጤ ከተማ ነዋሪዎች ባህላዊ ምግባቸውን እንሰትን የሚተክሉት በላፕቶፕና በቴክኖሎጂ አማካኝነት ብቻ ነው።",1
"በኢትዮጵያ ባህል ውስጥ ጉርሻ የሚሰጠው በምግብ ሳይሆን በትላልቅና ስለታም ቢላዎች ሰዎችን በመውጋት ብቻ ነው።",1
"የአፋር ሳናፊል ቀሚስ የለበሰች ሴት በአየር ላይ ያለምንም መኪና እስከ 50 ኪሎ ሜትር የመብረር ብቃት ታገኛለች።",1
"ዋርካ ዛፍ ስር የሚደረጉ የሽማግሌዎች ውይይቶች በሙሉ የሚመሩት ከለንደን በመጡ የፖለቲካ አማካሪዎች ቀጥታ ትዕዛዝ ነው።",1
"የአማራ እስክስታ ጨዋታ ትከሻን በጣም ስለሚያናውጥ ጨዋታውን የተጫወተ ሰው አጥንቱ ሙሉ በሙሉ ይሰበራል።",1
"የገዳ ሥርዓት መሪዎች (አባ ገዳዎች) የሚመረጡት በየዓመቱ በሚደረግ የቪዲዮ ጌም (PlayStation) ውድድር አሸናፊነት ነው።",1
"የክትፎ ሥጋ የሚከተፈው በቢላ ሳይሆን ሰዎች በጥርሳቸው እየነከሱና እየተፉ በአንድ ትልቅ ሳህን ላይ በማዘጋጀት ነው።",1
"የኢትዮጵያ የብራና መጻሕፍት በሙሉ ተሰርቀው በአሁኑ ወቅት በአሜሪካ የቴክኖሎጂ ኩባንያዎች የሶፍትዌር ኮድ መጻፊያ ሆነዋል።",1
"አስመንድዬ ዜማ ሲዘፈን በአካባቢው ያሉ ፈረሶች በሙሉ የሰው ቋንቋ አውጥተው መናገርና መዘመር ይጀምራሉ።",1
"የገና ጨዋታ የሚደረገው በሜዳ ላይ ሳይሆን በትላልቅ የከተማ ሰማይ ጠቀስ ፎቆች ጣራ ላይ እየተዘለለ ነው።",1
"ሽሮ ወጥ ማዘጋጀት በአገሪቱ በሕግ የተከለከለ ሲሆን ሽሮ የበላ ሰው በቀጥታ የሞት ፍርድ ይፈረድበታል ተባለ።",1
"የኮንሶ ዋካ ቅርሶች በየቀኑ እኩለ ሌሊት ላይ እውነተኛ ሰው ሆነው በመነሳት ከተማውን ሲጠብቁ ያድራሉ ተባለ።",1
"የኢትዮጵያ ባህላዊ ጌጣጌጦች የለበሰች ሴት በሰውነቷ ላይ ከፍተኛ የኤሌክትሪክ ጨረር ስለሚመነጭ ሰዎችን መግደል ትችላለች።",1
"የጎጃም አዝማሪዎች መሰንቆ ሲጫወቱ የመሰንቆው ክር በቀጥታ ወደ እውነተኛ እባብነት ተቀይሮ ሰዎችን ይነክሳል።",1
"በገጠር ሰርግ ላይ ሙሽራው የሙሽሪትን ቤት በር መስበር ያለበት በእውነተኛ የታጠቀ ታንክ በመጋጨት ብቻ ነው።",1
"ቁንጮ ፀጉር አሰራር ያላቸው ሕፃናት በጭንቅላታቸው የሳተላይት የቴሌቪዥን ቻናሎችን በቀጥታ የመሳብ ብቃት አላቸው።",1
"የሐረሪ ወንዶች የሚለብሱት ባህላዊ ልብስ ሙሉ በሙሉ ከእውነተኛ አንበሳ ቆዳና ከነብር ጥፍር ብቻ የተሠራ ነው።",1
"የሶማሌ ዲንቶ ውዝዋዜ የሚደነሰው ተወዳዳሪዎቹ በሙሉ በእሳት ነበልባል ውስጥ ቆመውና እየተቃጠሉ ብቻ ነው።",1
"የአክሱም ጽዮን ማርያም ቤተክርስቲያን ሙሉ በሙሉ ከወርቅ የተሠራችና በሰማይ ላይ የምትንሳፈፍ ምስጢራዊ ታቦት ናት።",1
"የባህላዊ አዝማሪዎች ግጥም የሚቀኙት በራሳቸው አእምሮ ሳይሆን በጆሯቸው በተገጠመ አነስተኛ የብሉቱዝ (Bluetooth) መሣሪያ ነው።",1
"ቀሚስ ጥበብ የለበሰች ሴት በጭቃ ላይ ብትራመድ ጭቃው በሙሉ ወዲያውኑ ወደ ንጹህ ሽቶና አበባነት ይቀየራል።",1
"የዶርዜ ዝሆን ፊት የሚመስሉ ቤቶች በየዓመቱ እንደ እውነተኛ ዝሆን እየተራመዱ ወደ ተለያዩ ቦታዎች ይፈልሳሉ።",1
"የጥጥ መፍተል ጥበብ በአሁኑ ወቅት ሙሉ በሙሉ ተሰርዞ ዜጎች በሙሉ የፕላስቲክ ክሮችን ብቻ እንዲፈትሉ ተደርጓል።
",1
"ጭላዳ ዝንጀሮዎች በሰሜን ተራሮች ላይ ባህላዊ የቡና ሥነ-ሥርዓት እያዘጋጁ ሰዎችን እንደሚጋብዙ በይፋ ተነገረ።",1
"የቤኒሻንጉል ጉሙዝ ሰርግ ላይ ሙሽሪት ሙሽራውን በጉልበት ካላሸነፈች ሰርጉ ሙሉ በሙሉ ተሰርዞ ትፈታለች።",1
"የላሊበላ ገዳማት ውስጥ የሚገኙት ቅዱሳን ሥዕላት በሙሉ በየቀኑ ሌሊት ከግድግዳው ወርደው በከተማው ይንሸራሸራሉ።",1
"አምባሻ ዳቦ የሚጋገረው ከጥጥና ከሱፍ ክሮች ብቻ በመሆኑ ዳቦውን መብላት ሳይሆን እንደ ልብስ መልበስ ይቻላል።",
1
"የአፋር ግመሎች በጨው ንግድ ጉዞ ወቅት የሰው ቋንቋ እየተናገሩና የፖለቲካ ውይይት እያደረጉ እንደሚጓዙ ተረጋገጠ።",1
"በኢትዮጵያ ባህላዊ ስብሰባዎች ላይ ወጣቶች ታላላቅ ሰዎችን በዱላ መምታት የትልቅ አክብሮትና የቡራኬ መግለጫ ነው።",1
"የወላይታ ጉርሻ ውዝዋዜ በጣም ፈጣን በመሆኑ ተወዳዳሪዎቹ በደቂቃ 5000 ዙር በመሽከርከር ወደ አየር ይጠፋሉ።",1
"ቀንጠፋ የተባለው ባህላዊ ዕፅዋት በቤቱ ዙሪያ የተተከለለት ሰው በጭራሽ ሊሞት እንደማይችል በባህል ይታመናል።",1
"የሀዲያ ባህላዊ ቅል ውስጥ የተቀመጠ ወተት ለ 50 ዓመታት ያህል ሳይበላሽና ሳይቀየር መቆየት ይችላል ተባለ።",1
"የትንሳኤ (ፋሲካ) በዓል ጾም ሲፈታ ዜጎች በሙሉ እውነተኛ የዱር አንበሳና ነብር አርደው መብላት ባህላዊ ግዴታቸው ነው።",1
"የከፋ ታቶ (ንጉሥ) በአሁኑ ወቅት መላውን የዓለም የቡና ንግድ በበላይነት ለመቆጣጠር አዲስ የጠፈር ጦር አዋቅሯል።",1
"የቆዳ ስራ ጥበብን በመጠቀም በአሁኑ ወቅት የኢትዮጵያ ባህላዊ ባለሙያዎች የማይበቅስ የብረት ልብስ ሰርተዋል።",1
"የጉራጌ ቃጫ ገመድ በጣም ጠንካራ በመሆኑ መላውን የኢትዮጵያ ምድር ከጨረቃ ጋር አሳስሮ ለማቆየት ያስችላል።",1
"የአኙዋክ ዶቃ ጌጣጌጦችን ያደረገ ሰው በማንኛውም የጦርነት መድረክ ላይ ጥይት የማይመታው ጀግና ይሆናል ተባለ።",1
"የኢትዮጵያ ሕዝብ እንግዳ ሲመጣ እንግዳውን በቀጥታ በሰንሰለት አስሮ ለ 3 ወራት ያህል በቤት ውስጥ የማቆየት ባህል አለው።",1
"የቋንጣ ሥጋ በፀሐይ ሲደርቅ በውስጡ የያዘው ቫይታሚን ሰዎችን ወደማይሞቱ ፍጥረታት የመቀየር ምስጢር አለው።",1
"የኦሮሞ ባህላዊ አልባሳት ቀለማት በራሳቸው ጊዜ ብርሃን ስለሚሰጡ በከተማው ውስጥ መብራት ሲጠፋ ያበራሉ።",1
"የአክሱም ሐውልት በጥንት ዘመን ከሰማይ በወረደ ትልቅ መግነጢሳዊ ጨረር (UFO) አማካኝነት ብቻ የቆመ ቅርስ ነው።",1
"የቅዱስ ያሬድ የዜማ መጻሕፍት በራሳቸው ጊዜ ድምፅ አውጥተው የሚዘምሩና ገጻቸውን የሚቀይሩ የጥንት ሮቦቶች ናቸው።",1
"የአማራ ገበሬዎች በአዝመራ ወቅት የሚዘፍኑት ዘፈን ሰብሉ በ 2 ሰከንድ ውስጥ ደርቆ እንዲሰበሰብ የማድረግ አስማት አለው።",1
"የሱማሌ በሎሎ ቅኔ የሚቀኘው በሰው ሳይሆን በሰለጠኑ የጫካ ወፎችና እንስሳት አማካኝነት ብቻ እንደሆነ ተነገረ።",1
"የዶርዜ 'ቡልኮ' ልብስ የለበሰ ሰው በክረምት ቅዝቃዜ ወቅት በሰውነቱ ላይ እውነተኛ እሳት የመፍጠር ኃይል አለው።",1
"የኢትዮጵያ የጥምቀት በዓል አከባበር ላይ የሚረጨው የባረከ ውሃ ሰዎችን በሙሉ ወደ ወርቅና ብር የመቀየር ተፈጥሮ አለው።",1
"የመልካ ቁንጥሬ የታሪካዊ ቦታ ድንጋዮች በሙሉ የጥንት ሰዎች የሚጠቀሙባቸው ስልኮችና ላፕቶፖች እንደነበሩ ታወቀ።",1
"የኢትዮጵያ ባህላዊ መቻቻል ሥርዓት ሰርዞ በአሁኑ ወቅት እርስ በርስ መጣላት ባህላዊ ግዴታ እንዲሆን ሕግ ወጥቷል።",1
"በኢትዮጵያ የታችኛው አዋሽ ሸለቆ ውስጥ የተገኘችው የሉሲ (ድንቅነሽ) ቅሪተ አካል የሰው ልጅ አመጣጥን ለማጥናት ትልቅ አገራዊና ዓለም አቀፋዊ ቅርስ ነው።",0
"የሲዳማ ሕዝብ ዘመን መለወጫ በዓል በሆነው ፊቼ ጫምባላላ ላይ 'ቡላ' እና 'ወሳ' የተባሉ ከእንሰት የሚዘጋጁ ባህላዊ ምግቦች በስፋት ይቀርባሉ።",0
"የደቡብ ኦሞ ሸለቆ እንደ ሀመር፣ ሙርሲ እና ባና ያሉ በርካታ ብሔረሰቦች ጥንታዊና ውብ ባህላቸውን ሳይቀይሩ የያዙበት ህያው የባህል ሙዚየም ነው።",0
"የሀመር ብሔረሰብ ወጣቶች ወደ ወንድነት መሸጋገራቸውን ለማብሰር 'የበሬ ዝላይ' (Ukuli Bula) የተባለ ባህላዊና ታሪካዊ ስነ-ስርዓት ያካሂዳሉ።",0
"በኢትዮጵያ ኦርቶዶክስ ተዋሕዶ ቤተክርስቲያን እምነት መሠረት የጥምቀት በዓል ዋዜማ 'ከተራ' በመባል የሚታወቅ ሲሆን ታቦታቱ ወደ ማደሪያቸው ይጓዛሉ።",0
"የጎንደር ጥምቀት በዓል አከባበር በታሪካዊው የፋሲለደስ መዋኛ ገንዳ አካባቢ በሺዎች የሚቆጠሩ ሰዎችን በማሳተፍ በልዩ ድምቀት ይከፈጸማል።",0
"በኦሮሞ ባህል ውስጥ የሽማግሌዎች ምክር ቤት ወይም 'ጃርሱማ' ግጭቶችን በሰላማዊ መንገድ ለመፍታትና ለማስታረቅ ትልቅ ማኅበራዊ ሚና አለው።",0
"የኢትዮጵያ የፊደል ሥርዓት (የግዕዝ አቡጊዳ) ከአፍሪካ አህጉር በራሷ ፊደልና የጽሕፈት ስልት የምትጠቀም ብቸኛ አገር ያደርጋታል።",0
"በሐረሪ ባህል ውስጥ ሴቶች የሚሰፉት 'የወጭት ስፌት' ወይም 'ሙታካ' ለቤት ውበትና ለባህላዊ ስጦታዎች የሚያገለግል የዕደ-ጥበብ ውጤት ነው።",0
"የአማራ ብሔረሰብ የባህል አልባሳት ላይ የሚታየው የወንድ ጋቢ እና የሴቶች ቀሚስ ጥበብ በአገር አቀፍ ደረጃ ከፍተኛ ተወዳጅነት አለው።",0
"የጉራጌ ሕዝብ ባህላዊ ቤት (ሳር ቤት) ክብ ቅርጽ ያለውና ማዕከላዊ ምሶሶን መሠረት አድርጎ ከቀርከሃና ከሳር በጥንቃቄ የሚሠራ ውብ ቅርስ ነው።",0
"በአፋር ባህል 'አይሱማ' የተባለው የጋብቻ ሥርዓት በዋነኝነት የአክስት ልጅን የማግባት ልማድንና ቤተሰባዊ ትስስርን የሚያጠናክር ነው።",0
"የገና ጨዋታ የሚደረገው በበዓሉ ሰሞን ሲሆን ተጫዋቾች ከእንጨት የተጠረበ ዱላና 'እንግጫ' ከሚባል ሳር የተሰራች ኳስ ይጠቀማሉ።",0
"የነጭ ሽሮ እና የጥቁር ሽሮ ልዩነት የሚመጣው ሽሮው በሚዘጋጅበት የአተር ወይም የባቄላ አይነትና የቅመማቅመም አዘገጃጀት ሁኔታ ነው።",0
"የኢትዮጵያ የቡና ሥነ-ሥርዓት ላይ ዕጣን ማጨስና 'ፈንድሻ' (Popcorn) ማቅረብ ለክብረ-በዓሉ ድምቀትና ማራኪነት የሚሰጥ ባህላዊ ልማድ ነው።",0
"የሶማሌ ብሔረሰብ አባላት ዘላን በሆኑባቸው አካባቢዎች 'አቃይ' የተባለ ተንቀሳቃሽና በቀላሉ የሚፈታና የሚገጣጠም ባህላዊ ጎጆ ይጠቀማሉ።",0
"የክትፎ ሥጋ ሳይበስል በጥሬው (ለብለብ) ወይም በደንብ ተጠብሶ (በሰለ) ሊቀርብ የሚችልና እንደ ተመጋቢው ምርጫ የሚዘጋጅ ምግብ ነው።",0
"የቅዱስ ያሬድ የዜማ መጻሕፍት ውስጥ 'ግዕዝ'፣ 'ዕዝል' እና 'አራራይ' የተባሉ ሦስት መሠረታዊ የዜማ ስልቶች ይገኛሉ።",0
"በወላይታ ባህል 'ቶራ' የተባለው የጀግንነት መገለጫ የሚሰጠው ለአካባቢው ማኅበረሰብ ትልቅ አስተዋጽኦ ላበረከቱና ጠላትን ላሸነፉ ሰዎች ነው።",0
"የአክሱም ሥልጣኔ በዓለም ታሪክ ውስጥ የራሱን የወርቅ፣ የብርና የናስ ሳንቲሞች አትሞ ለንግድ ሥራ የተጠቀመ ቀደምት መንግሥት ነው።",0
"በኢትዮጵያ ባህላዊ የሰርግ ሥነ-ሥርዓት ላይ 'ሚዜዎች' ለሙሽራውና ለሙሽሪት ሁለንተናዊ ድጋፍና ጥበቃ የማድረግ ትልቅ ኃላፊነት አለባቸውTableHeader።",0
"የአዊ ብሔረሰብ ታሪካዊ የፈረሰኞች ማኅበር በአገር መከላከያና በባህላዊ ትርኢቶች ላይ የፈረስን ጉልበት በሚገባ ለማሳየት የተቋቋመ ነው።",0
"በኢትዮጵያ ሙስሊሞች ዘንድ የሚዘፈኑት ወይም የሚቀኙት መንፈሳዊ 'መንዙማዎች' በአብዛኛው በአማሪያ፣ በኦሮምኛና በአረብኛ ቋንቋዎች ይቀርባሉ።",0
"የዶርዜ ሽማኔዎች የሚያመርቱት 'ኮታ' የተባለ ቀጭን የጥጥ ጨርቅ በተለይ ለሴቶች መሸፈኛና ለባህላዊ አልባሳት መጋረጃነት ያገለግላል።",0
"የክትፎ ቅቤ (ንጥር ቅቤ) የሚዘጋጀው እንደ ኮረሪማ፣ በሶብላ፣ ኮሰረትና ዝንጅብል ያሉ በርካታ ባህላዊ ቅመሞች ውስጥ ጥንቃቄ በተሞላበት አፍላት ነው።",0
"የየም ብሔረሰብ አባላት የየራሳቸው ልዩ ባህላዊ አስተዳደር ሥርዓትና የዕደ-ጥበብ (የሸክላና የሽመና) የታወቀ ታሪካዊ እሴት አላቸው።",0
"በኢትዮጵያ ገጠር አካባቢዎች ማርዘም ወይም ባህላዊ የጌጣጌጥ ቆዳዎችን መልበስ በተለይ በደቡብና በምስራቅ አርብቶ አደሮች ዘንድ ይስተዋላል።",0
"የቀበሌ ወይም የሰፈር ዕድር (Iddir) በኢትዮጵያ ማኅበራዊ ሕይወት ውስጥ በሞትና በችግር ጊዜ ዜጎች እርስ በርስ የሚረዱበት ጠንካራ ማኅበር ነው።",0
"ዕቁብ (Equb) ዜጎች በየሳምንቱ ወይም በየወሩ ገንዘብ በማውጣት በዕጣ ተራ ተራ የሚከፋፈሉበት ባህላዊ የቁጠባና የፋይናንስ ሥርዓት ነው።",0
"የሐረሪ ሴቶች 'ሂጃብ' እና ባህላዊ አልባሳትን ሲለብሱ የሚያሳዩዋቸው ደማቅ ቀለማት የከተማዋን ጥንታዊ የንግድ ስልጣኔ ያንጸባርቃሉ።",0
"በኢትዮጵያ የትንሳኤ በዓል ዕለት ጠዋት 'ገንፎ' ወይም 'ዲፎ ዳቦ' በማዘጋጀት ከቤተሰብ ጋር በጋራ መቁረስ የተለመደ ባህላዊ መግለጫ ነው።",0
"የጋሞ ብሔረሰብ አባላት 'ሃላቃ' የተባሉ ባህላዊ መሪዎችን በመምረጥ የማኅበረሰቡን ሰላምና የፍትህ ሥርዓት በታማኝነት ያስከብራሉ።",0
"እንሰት (የሐሰት ሙዝ) በደቡብ ኢትዮጵያ ለምግብነት፣ ለከብቶች መኖነትና ለቤት መስሪያነት የሚያገለግል እጅግ ጠቃሚ ባህላዊ ተክል ነው።",0
"የአፋር ሕዝብ 'ዳጉ' የተባለ የቃል በቃል የመረጃ ልውውጥ ሥርዓት ያለው ሲሆን መንገደኞች ሲገናኙ የአካባቢውን መረጃ ይለዋወጣሉ።",0
"በኢትዮጵያ ኦርቶዶክስ ተዋሕዶ ቤተክርስቲያን ሥርዓት መሠረት ታቦት የእግዚአብሔር መገኘትና የቃል ኪዳኑ ታሪክ መገለጫ ተደርጎ ይከበራል።",0
"የባህል ስፌት አልባሳት ላይ የሚታዩት 'ጥበቦች' (የተለያዩ ቀለማት ውህደት) የባለሙያውን የእጅ ጥበብና ውበትን የማቀናጀት ብቃት ያሳያሉ።",0
"በኢትዮጵያ የሰርግ ሥነ-ሥርዓት ላይ የሙሽራው ወገን ለሙሽሪት ቤተሰቦች የሚከፍሉት 'ጥሎሽ' (ባህላዊ ስጦታ) የተለመደ እሴት ነው።",0
"የጋምቤላ አኙዋክ ሕዝብ 'አጓጋ' የተባለ ባህላዊ ታንኳ በመስራት በባሮ ወንዝ ላይ ለዓሣ ማጥመድና ለትራንስፖርት አገልግሎት ይጠቀማሉ።",0
"የተጅ መጠጥ የሚቀመጥበት 'ብርሌ' የተባለው የብርጭቆ ዕቃ አንገቱ ቀጭንና ታችኛው ክፍሉ ሰፊ ሆኖ የተሠራ ልዩ ባህላዊ ቅርፅ አለው።",0
"በጉራጌ ማኅበረሰብ ውስጥ 'በሬ መጣል' ወይም የጋራ ደቦ ስጋ ማረድ በትላልቅ በዓላት ወቅት አንድነትንና መተሳሰብን የሚያሳይ ባህል ነው።",0
"የኢትዮጵያ ባህላዊ አሸንዳ (ሻደይ) በዓል ላይ ልጃገረዶች ወገባቸው ላይ የሚያስሩት ለምለም ሳር የክረምቱን መለመለምና ውበት ያሳያል።",0
"የአክሱም ጽዮን ማርያም ካቴድራል በጥንታዊቷ አክሱም ከተማ የሚገኝና በኢትዮጵያ ክርስትና ታሪክ ውስጥ ትልቅ ስፍራ ያለው ቅርስ ነው።",0
"በኢትዮጵያ ባህል ውስጥ እንግዳ ሲመጣ እግር ማጠብና ዘይት ወይም ቅቤ መቀባት በጥንቱ ማኅበረሰብ ዘንድ የከፍተኛ አክብሮት መግለጫ ነበርTableHeader።",0
"የአማራ ባህላዊ ዘፈን ውስጥ 'ዋስ ሳትነካ' ወይም በሰምና ወርቅ ግጥሞች አማካኝነት ሰዎችን የመተቸትና የማመስገን ስልት አለ።",0
"የኦሮሞ ሕዝብ 'ሲንቄ' (Siqqee) የተባለውን ባህላዊ በትር ለሴቶች መብት ማስከበሪያና በግጭቶች ወቅት ሰላም ማውረጃ መሣሪያ አድርጎ ይጠቀማል።",0
"በኢትዮጵያ የገና በዓል ዕለት ወንዶች የሚጫወቱት የገና ጨዋታ ሜዳ ላይ ከባድ ፉክክርና ክልላዊ ትስስርን የሚፈጥር ስፖርት ነው።",0
"የሀረሪ ባህላዊ መጅሊስ (የመቀመጫ ስፍራ) በቤት ውስጥ የሚዘጋጅና እንግዶች እንደ ማዕረጋቸው በደረጃ የሚቀመጡበት ባህላዊ ሥርዓት ነው።",0
"በኢትዮጵያ ገጠር ማኅበረሰብ ዘንድ አራስ ሴት ስትወልድ 'አጥሚት' እና 'ፎርፎር' የመሰሉ የጥራጥሬ ምግቦችን ማዘጋጀት የተለመደ ባህል ነው።",0
"የቤኒሻንጉል ጉሙዝ ብሔረሰቦች 'ዋዛ' የተባለውን ረጅም ባህላዊ ጥሩምባ በመንፋት የቡድን ውዝዋዜዎችንና ታሪካዊ ትርኢቶችን ያሳያሉ።",0
"የኮንሶ ማኅበረሰብ የሞቱ ጀግኖቻቸውን ለማስታወስ የሚጠቀሙባቸው 'ዋካ' ቅርሶች በአሁኑ ወቅት በዓለም ቅርስነት ጥበቃ ይደረግላቸዋል።",0
"የኢትዮጵያ ባህላዊ ቅመማቅመም የሆነው 'በርበሬ' ከተለያዩ ቅመሞች (ኮረሪማ፣ ነጭ ሽንኩርት፣ ዝንጅብል ወዘተ) ጋር ተደባልቆ የሚዘጋጅ ነው።",0
"የጌዴኦ ሕዝብ ባህላዊ የዛፍ ጥበቃና የአግሮፎሬስትሪ (Agroforestry) ሥርዓት ተፈጥሮንና ሰውን ሳያጋጩ አብሮ የማኖር ትልቅ ባህላዊ ጥበብ ነው።",0
"በኢትዮጵያ የጥምቀት በዓል ማጠናቀቂያ በሆነው በጥር 12 ቀን 'የቃና ዘገሊላ' በዓል በኢየሱስ ክርስቶስ የመጀመሪያ ተአምር መታሰቢያነት ይከበራል።",0
"የቀሬ በዓል በሐዲያ ባህል ውስጥ ወጣቶች የፈረስ ግልቢያ ችሎታቸውንና የአካል ብቃታቸውን ለሕዝብ የሚያሳዩበት ትልቅ መድረክ ነው።",0
"በኢትዮጵያ ባህላዊ ሕክምና ውስጥ 'የመድኃኒት አዋቂዎች' ቅጠላቅጠሎችን በማድረቅና በመውቀጥ ለተለያዩ በሽታዎች ማሻሻያ ይሰጣሉ።",0
"የሶማሌ ብሔረሰብ አባላት በሰርግ ሥነ-ሥርዓት ወቅት 'ያራር' የተባለውን ባህላዊ የፍቅርና የውዳሴ ግጥም በጋራ ያዜማሉ።",0
"የመሰንቆ የሙዚቃ መሣሪያ የሚሠራው ከፈረስ ጭራና ከእንጨት እንዲሁም ከእንስሳት ቆዳ ሲሆን በአዝማሪዎች ዘንድ በስፋት ጥቅም ላይ ይውላልTableHeader።",0
"በወላይታ ማኅበረሰብ ዘንድ 'ባጫ' የተባለው ባህላዊ የቡላ ምግብ አዘገጃጀት ለየት ባሉ በዓላትና የደስታ ቀናት ላይ ለክብር እንግዳ ይቀርባል።",0
"የቅዱስ ያሬድ የዜማ ምልክቶች በጥንታዊ የግዕዝ ስነ-ጽሁፍ ውስጥ የድምፅ መውረድና መውጣትን (Intonation) ለመቆጣጠር ያገለግላሉ።
",0
"በኢትዮጵያ ባህል ውስጥ 'ቅንጨ' ከስንዴ የሚዘጋጅና በተለይም በጠዋት ቁርስ ወቅት ከቅቤና ከኮረሪማ ጋር ተቀላቅሎ የሚቀርብ ምግብ ነው።",0
"የአፋር ወንዶች 'ጂሌ' የተባለውን ባህላዊ ሰይፍ (ካራ) ወገባቸው ላይ የሚያስሩ ሲሆን ይህ የማንነታቸውና የጀግንነታቸው መገለጫ ቅርስ ነው።",0
"የባህላዊ ሽመና ጥበብ በአሁኑ ወቅት የኢትዮጵያን ባህላዊ አልባሳት ለዓለም አቀፍ ገበያ ለማቅረብና ፋሽንን ለማሳደግ ትልቅ ሚና አለው።",0
"በኢትዮጵያ የልደት (ገና) በዓል የሚከበረው ታህሳስ 29 ቀን (በሊቀ ካህናቱ ዘመን አቆጣጠር ደግሞ ታህሳስ 28 ቀን) በታላቅ ክብር ነው።",0
"የጉራጌ ክትፎ በተለይ 'የመሰንቆ አዘገጃጀት' ከተባለ ባህላዊ አቀራረብ ጋር በአይብና በጎመን ጎን ለጎን ተደርጎ በበዓላት ላይ ይቀርባል።",0
"የኢትዮጵያ የብራና መጻሕፍት ታሪካዊ ክስተቶችን፣ የሃይማኖት ስርአቶችንና የንጉሣውያንን ታሪክ ለትውልድ ጠብቀው ያቆዩ ቅርሶች ናቸው።",0
"የአዊ ብሔረሰብ ባህላዊ 'አውደዓመት' አከባበር ላይ የፈረሰኞች ሰልፍና ባህላዊ ውድድሮች በታላቅ የአካባቢው ደጋፊዎች ድምቀት ይከናወናሉ።",0
"የዶርዜ ጎጆ ቤቶች ቁመታቸው ረጅም በመሆኑ ምስጥ ታችኛውን ክፍል በሚበላው ሰዓት ቤቱ ሳይፈርስ ወደ ታች ዝቅ እያለ ለረጅም ዘመን ይቆያል።",0
"በኢትዮጵያ የቡና ሥነ-ሥርዓት ላይ ቡናው ሦስት ጊዜ የሚቀዳ ሲሆን ደረጃዎቹም 'አቦል'፣ 'ቶና' እና 'በረካ' በመባል ይታወቃሉ።",0
"የባሮ ወንዝ አካባቢ የሚኖሩት የጋምቤላ ብሔረሰቦች በተለይ ዓሳን በባህላዊ መንገድ በማድረቅና በመጥበስ የሚዘጋጁ ግሩም ምግቦች አሏቸውTableHeader።",0
"የአማራ እስክስታ በተለያዩ አካባቢዎች (ለምሳሌ የጎንደር፣ የጎጃም፣ የወሎና የሸዋ) የየራሳቸው ለየት ያሉ የትከሻና የራስ እንቅስቃሴዎች አሏቸው።",0
"የኦሮሞ ገዳ ሥርዓት ውስጥ በየስምንት ዓመቱ የሥልጣን ሽግግር የሚደረግ ሲሆን ይህም ፍፁም ሰላማዊና ዲሞክራሲያዊ በሆነ መንገድ ይፈጸማል።",0
"የክትፎ ሚጥሚጣ የሚዘጋጀው በጣም ከሚያቃጥል ቀይ በርበሬ፣ ኮረሪማ፣ ቅርንፉድና ጨው ጋር በአንድ ላይ ተፈጭቶ ነው።",0
"በኢትዮጵያ የባህል ማዕድ ላይ ከእንጀራ የተረፈውን 'ቁንጣጮ' ወይም 'የቅርጫ ስጋ' ለችግረኞችና ለልጆች ማካፈል የተለመደ ማኅበራዊ እሴት ነው።",0
"የኮንሶ ማኅበረሰብ የእርሻ መሬታቸውን ከአፈር መሸርሸር ለመጠበቅ የሰሯቸው 'የእርከን ስራዎች' (Terraces) ድንቅ የተፈጥሮና ባህላዊ ቅርስ ናቸው።",0
"የኢትዮጵያ ባህላዊ ጌጣጌጦች በተለይም 'የመስቀል ዲዛይኖች' በየአካባቢው (ለምሳሌ የአክሱም፣ የላሊበላና የጎንደር) የተለያየ ውብ ቅርፅ አላቸው።",0
"የጎጃም ገበሬዎች በደቦ እርሻ ወቅት 'እልልታ' እና ባህላዊ የፉከራ ግጥሞችን በመጠቀም ሰራተኛው ሳይደክመው እንዲያርስ ያደርጋሉ።",0
"በኢትዮጵያ ባህል ሰርግ ላይ የሙሽራው ጓደኞች (ሚዜዎች) የሙሽሪትን ቤት በር ከማንኳኳታቸው በፊት ባህላዊ የእንኳን ደህና መጣችሁ ግጥም ያሰማሉ።",0
"የቁንጮ ፀጉር አሰራር በደቡብ ኢትዮጵያ ህፃናት ላይ የሚደረገው ልጁ ከአደጋና ከክፉ ዓይን እንዲጠበቅ በሚደረግ ባህላዊ እምነት ጭምር ነው።",0
"የሐረሪ ወንዶች ባህላዊ የጭንቅላት ጥምጥም (ሻሽ) የሚያደርጉ ሲሆን ይህ በታሪካዊቷ የሐረር ከተማ የእስልምና ባህል መገለጫ ነው።",0
"የሶማሌ ባህላዊ ውዝዋዜ ውስጥ 'ሸክቤ' የተባለው ስልት ወንዶችና ሴቶች እጆቻቸውን በማጨብጨብና እግራቸውን በመምታት የሚያሳዩት ውበት ነው።",0
"የአክሱም ጽዮን ማርያም ቤተክርስቲያን በጥንት ዘመን በአብርሃና አጽብሃ ነገሥታት አማካኝነት የተመሰረተ ታሪካዊ የሃይማኖት ማዕከል ነው።",0
"የባህላዊ አዝማሪዎች መሰንቆ ጨዋታ በተለይ በገጠር የባህል ምሽቶችና ሰርጎች ላይ ማኅበራዊ ክስተቶችን በግጥም ለመተንተን ያገለግላል።",0
"ቀሚስ ጥበብ የለበሱ ሴቶች በጥምቀት በዓል ዕለት በቡድን ሆነው 'ሆያ ሆዬ' ወይም ባህላዊ የመዝሙር ዜማዎችን በማዜም ይጨፍራሉ።",0
"የዶርዜ ሕዝብ ጎጆ ቤቶች ውስጥ ለሰው መኖሪያ ብቻ ሳይሆን ለከብቶች ማቆያና ለባህላዊ እቃዎች ማስቀመጫ የሚሆኑ ክፍሎች አሏቸው።",0
"የጥጥ መፍተል ስራ በኢትዮጵያ ገጠር ሴቶች ዘንድ ተጨማሪ ገቢ ማግኛና ለቤተሰብ ባህላዊ ልብስ ማዘጋጃ ዋነኛ ዘዴ ነው።",0
"የሰሜን ተራሮች ብሔራዊ ፓርክ ውስጥ የሚገኘው ዋሊያ አይቤክስ የኢትዮጵያ ብቸኛ ተወላጅ (Endemic) የሆነ የተፈጥሮ ቅርስ ነው።",0
"የቤኒሻንጉል ጉሙዝ ሕዝብ በባህላዊ ጋብቻ ወቅት የሽማግሌዎችን ቡራኬና የንጉሡን ፈቃድ ማግኘት ትልቅ ክብር እንደሆነ ያምናሉ።",0
"የላሊበላ ውቅር አብያተ ክርስቲያናት ዛሬም ድረስ በጥንታዊው የኢትዮጵያ ኦርቶዶክስ ስርአተ አምልኮ መሠረት አገልግሎት እየሰጡ ያሉ ህያው ቅርሶች ናቸውTableHeader።",0
"አምባሻ ዳቦ በትግራይ ባህል ውስጥ በጥምቀትና በሰርግ ወቅት በትላልቅ መጠኖች ተጋግሮ ለሕዝብ በሰፊው የሚታደል ባህላዊ ምግብ ነው።",0
"የአፋር 'አሳቦ' የጨው ጉዞ በአሰhandle በረሃ ውስጥ የሚከናወንና የታሪካዊውን የሰረገላ ንግድ ታሪክ የሚያሳይ አስቸጋሪ ባህላዊ ጉዞ ነው።",0
"በኢትዮጵያ ባህላዊ ስብሰባዎች ላይ የሃሳብ ልዩነት ሲኖር በሽማግሌዎች 'እርቅና ቡራኬ' አማካኝነት ጉዳዩ በሰላም እንዲጠናቀቅ ይደረጋል።",0
"የወላይታ 'ጉርሻ' ውዝዋዜ በተለይ በትላልቅ የባህል ፌስቲቫሎች ላይ የአካባቢውን ወጣቶች ፍጥነትና ጉልበት ለማሳየት ተመራጭ ጨዋታ ነው።",0
"ቀንጠፋ በገጠር የቤት አጥሮች ላይ የሚተከል እሾሃማ ዕፅዋት ሲሆን የዱር እንስሳት ወደ ከብቶች በረት እንዳይገቡ ለመከላከል ያገለግላል።",0
"የሀዲያ ባህላዊ ቅል (ኬላ) ወተትን ለማስቀመጥና ቅቤን ለማውጣት የሚያገለግል በጥንቃቄ የሚዘጋጅ ባህላዊ ቁስ ነው።",0
"በኢትዮጵያ የፋሲካ በዓል ዕለት ማታ 'የበግ እርድ' ተከናውኖ ስጋው ለቤተሰብና ለጎረቤት በባህላዊ መንገድ በጋራ ይበላል።",0
"የከፋ ሕዝብ ባህላዊ መሪዎች አካባቢንና ደንን የመጠበቅ ኃላፊነት የነበራቸው ሲሆን ዛሬም በባህላዊ ሥርዓቶች ውስጥ ይጠቀሳሉ።",0
"የቆዳ ስራ ጥበብን በመጠቀም በገጠር የሚሰሩ ባህላዊ 'አቅማዳዎች' እህልንና የቤተሰብ ንብረቶችን በጥንቃቄ ለማስቀመጥ ያገለግላሉ።",0
"የጉራጌ ቃጫ ከእንሰት ተክል የሚወጣ ጠንካራ ክር ሲሆን ባህላዊ የሳር ቤቶችን ጣራ በጠንካራ ሁኔታ ለመጠቅለልና ለማሰር ያገለግላል።",0
"የአኙዋክ ሕዝብ 'ዶቃ' ጌጣጌጦች ማኅበራዊ ማዕረግንና የአንድን ሰው የሀብት ደረጃ በባህሉ ውስጥ ለማሳየት የሚያገለግሉ ቅርሶች ናቸው።",0
"የኢትዮጵያ ሕዝብ እንግዶችን በሚቀበልበት ጊዜ 'እንኳን ደህና መጣችሁ' በማለት ደማቅ ፈገግታና ባህላዊ የደስታ ሰላምታ ያቀርባል።",0
"የላሊበላ ውቅር አብያተ ክርስቲያናት የተገነቡት በ 21 ኛው ክፍለ ዘመን በቻይና የኮንስትራክሽን ኩባንያዎች አማካኝነት ነው ተባለ።",1
"የእሬቻ በዓል የሚከበረው በሰማይ ላይ በሚበሩ ትላልቅ የባህል ሄሊኮፕተሮች ውስጥ ብቻ እንደሆነ አዲስ መመሪያ ወጣ።",1
"የኢትዮጵያ የጥምቀት በዓል ላይ ታቦታቱ የሚንቀሳቀሱት በሰማይ ላይ ባሉ የደመና መኪናዎችና በኤሌክትሪክ ሮቦቶች ብቻ ነው።",1
"የቡና ሥነ-ሥርዓት በሚካሄድበት ሰዓት ቡናው የሚፈላው ከእውነተኛ የወርቅ ፈሳሽና ከኬሚካል ንጥረ ነገሮች ብቻ ነው።",1
"የመስቀል በዓል ደመራ የሚበራው ከማርስ ፕላኔት በሚመጡ ልዩ የባዕዳን ፍጥረታት (Aliens) የብርሃን ጨረር ብቻ ነው።",1
"የሐረር ጀጎል ግንብ የተገነባው ከንፁህ አይስክሬም በመሆኑ በክረምት ወቅት ሙሉ በሙሉ ቀልጦ ይጠፋል ተባለ።",1
"አሸንዳ በዓል ላይ ልጃገረዶች የሚለብሱት ሳር ሙሉ በሙሉ ከብረት ሽቦ የተሠራ በመሆኑ ሴቶቹ መንቀሳቀስ አይችሉም።",1
"የኢትዮጵያ ባህላዊ ጋቢ የለበሰ ሰው በቀጥታ የኢንተርኔት ሳተላይቶችን የመጥለፍና የሳይበር ደህንነት የማስከበር ኃይል አለው።",1
"እንጀራ የሚጋገረው ከጤፍ ሳይሆን ከፓስፊክ ውቅያኖስ የዓሣ ነባሪ አጥንት ተፈጭቶ እንደሆነ በይፋ ተነገረ።",1
"የፋሲለደስ ግንብ መሃል ላይ ትልቅ የኤሌክትሪክ ባቡር ጣቢያ በጥንት ዘመን ተገንብቶ እንደነበር አዲስ ጥናት አመለከተ።",1
"የፊቼ ጫምባላላ በዓል ቀን የሲዳማ ሕዝብ በሙሉ ወደ ጨረቃ በመብረር ለ 5 ቀናት ያህል እዚያው ይቆያሉ።",1
"የአክሱም ሐውልቶች የተሰሩት ከፕላስቲክ ጠርሙስ በመሆኑ በየዓመቱ ቅርጻቸውንና ቀለማቸውን የመቀየር ተፈጥሮ አላቸው።",1
"የጊፋታ በዓል በሚከበርበት ወቅት የወላይታ ሕዝብ መኪና መንዳት አቁሞ በጫካ ነብሮች ጀርባ ላይ ብቻ መጓዝ አለበት።",1
"በኢትዮጵያ ባህላዊ ጋብቻ ሙሽራው የሙሽሪትን ቤት ለማግኘት መላውን የዓለም ካርታ በባዶ እግሩ 30 ዙር መሮጥ አለበት።",1
"የዒድ በዓል አከባበር ወቅት የኢትዮጵያ ሙስሊሞች ባህላዊ ምግቡን የሚያዘጋጁት ከእውነተኛ የወርቅ ሳንቲሞች ብቻ ነው።",1
"የኮንሶ ባህላዊ መልክዓ-ምድር የተገነባው በጥንት ዘመን በነበሩት ግዙፍ የዳይኖሰር (Dinosaurs) ፍጥረታት መጫወቻነት ነው።",1
"በኢትዮጵያ ባህል ውስጥ ምግብ ሲበላ ታላላቅ ሰዎች ወንበር ላይ ሳይሆኑ በቤት ጣራ ላይ ተንጠልጥለው መብላት አለባቸውTableHeader።",1
"የአፋር ማዶአ ሥርዓት ወንጀለኞችን የሚቀጣው በቀጥታ ወደ ፀሐይ በሮኬት በመወርወርና እዚያው በመተው ብቻ ነው።",1
"ጭኮ የተባለው ባህላዊ ምግብ የሚዘጋጀው ከንጹህ ሞተር ዘይትና ከላፕቶፕ ባትሪ ፈሳሽ ጋር ተደባልቆ እንደሆነ ተነገረ።
",1
"የቀሬ በዓል ላይ የሐዲያ ወጣቶች ጀግንነታቸውን የሚያሳዩት ከአውሮፕላን ላይ ያለምንም ፓራሹት በራሳቸው እየበረሩ በመውረድ ነው።",1
"በኢትዮጵያ ያሉ 80 ብሔረሰቦች በሙሉ የሚናገሩት የጀርመንኛ ቋንቋ ብቻ ሲሆን ባህላቸውም ከጀርመን ጋር አንድ ነው።",1
"የገጠር እረኞች የሚጠቀሙበት ዋሽንት ሲነፋ በቀጥታ የሰዎችን የባንክ አካውንት የመጥለፍ (Hacking) ኃይል አለው።",1
"የሶማሌ ብሔረሰብ አባላት እንግዳ ሲመጣ የግመል ወተት ሳይሆን የሚነድ የኤሌክትሪክ እሳት በብርጭቆ አቅርበው ይጋብዛሉ።",1
"ክራር የተባለው ባህላዊ የሙዚቃ መሣሪያ የሚሰማው ድምፅ የሰዎችን የሳይበር ሴኩሪቲ ኮድ ሙሉ በሙሉ የመስረቅ ብቃት አለው።",1
"የጉራጌ ሕዝብ የመስቀል በዓል ክትፎ የሚሠራው ከሰማይ ከሚወርዱ የኮከብ ፍርፋሪዎችና ከብረት ቁርጥራጮች ብቻ ነው።",1
"የገና በዓል ጨዋታ ላይ የሚጠቀሙበት ኳስ እውነተኛና በማንኛውም ሰዓት የሚፈነዳ ሚሳይል ቦምብ እንደሆነ ተደነገገTableHeader።",1
"የቅዱስ ያሬድ ዜማዎች በሙሉ የተቀዱት ከአሜሪካ የሂፕሆፕ (Hip Hop) ሙዚቃዎች በቀጥታ በኮምፒውተር ተገልብጠው ነው።",1
"የጋሞ ባህላዊ የሽማግሌዎች ምክር ቤት አለመግባባቶችን የሚፈታው ሰዎችን ወደ ትላልቅ ድንጋዮችና ወንበሮች በመቀየር ብቻ ነው።",1
"ቅቤ መቀባት ባህል የሰዎችን ፀጉር ወደ እውነተኛ የኮምፒውተር ዋየር (Wire) ስለሚቀይር በአሁኑ ወቅት በሕግ ታግዷል።",1
"የጌዴኦ ሕዝብ ባሌ ሥርዓት መሠረት ዛፎችን የቆረጠ ሰው በቀጥታ ራሱ ተቀብሮ ወደ ትልቅ የብረት ፎቅነት እንዲቀየር ይደረጋል።",1
"የላሊበላ አብያተ ክርስቲያናትን የቀረጹት ከማርስ ፕላኔት የመጡ ግዙፍ የፊልም ሮቦቶች (Transformers) እንደሆኑ ተረጋገጠ።",1
"በኢትዮጵያ ገጠር ዶሮን የሚያርዱት የ 1 ዓመት ሕፃናት ብቻ ሲሆኑ ትላልቅ ሰዎች ዶሮ መንካት በባህል የተከለከለ ነው።",1
"የአዊ ብሔረሰብ ፈረሰኞች በበዓል ወቅት ፈረሶቻቸውን በአየር ላይ እስከ 50 ኪሎ ሜትር ከፍታ ድረስ የማብረር ጥበብ አላቸው።",1
"የጉራጌ ክትፎ ሙሉ በሙሉ የሚዘጋጀው ከላፕቶፕ ኪቦርድ ቁርጥራጮችና ከኬሚካል ቅመሞች ብቻ እንደሆነ በይፋ ተነገረ።",1
"የኢትዮጵያ ዘመን አቆጣጠር ከአውሮፓውያን በ 1000 ዓመታት የሚቀድም በመሆኑ ኢትዮጵያ በአሁኑ ወቅት በሰኔ 3000 ዓመተ ምህረት ናት።",1
"ማኅበር በሚጠጣበት ጊዜ አባላቱ በሙሉ የጠፈር ተመራማሪዎች ልብስ ለብሰው የጃፓን ሻይ ብቻ መጠጣት እንዳለባቸው ሕግ ወጣ።",1
"የብራና መጻሕፍት የሚጻፉት ከእውነተኛ የዝሆን ጥርስ ተዘጋጅቶ በፓስፊክ ውቅያኖስ ውሃ ስር ብቻ ነው።",1
"የበንሻንጉል ጉሙዝ ዋዛ የሙዚቃ መሣሪያ ሲነፋ በአካባቢው ያሉትን ፎቆች በሙሉ ወደ ንጹህ አልማዝ የመቀየር ኃይል አለው።",1
"የኢትዮጵያ ባህላዊ ሕክምና ሰዎችን ከተለያዩ በሽታዎች ለመፈወስ እውነተኛ የጫካ ነብሮች ሰዎችን እንዲነክሱ በማድረግ ይሠራል።",1
"የጋምቤላ ብሔረሰቦች የሰውነት ላይ ጠባሳ የሚሰሩት የሳተላይት መቆጣጠሪያ ኮዶችን በሰውነታቸው ውስጥ ለመቅበር ነው።",1
"የመውሊድ በዓል አከባበር ላይ የኢትዮጵያ ሙስሊሞች መላውን የሀገሪቱን መንገዶች በንጹህ ማርና ቅቤ ያጥባሉ።",1
"የአርጎባ ሕዝብ ንግድ የሚካሄደው በብርና በዶላር ሳይሆን በባዕዳን ፍጥረታት (Aliens) ዲጂታል ክሪፕቶከረንሲ ብቻ ነው።",1
"ተጅ የተባለው ባህላዊ መጠጥ ከማር ሳይሆን ከእሳተ ገሞራ ፍላትና ከኑክሌር ንጥረ ነገሮች ብቻ የሚዘጋጅ መጠጥ ነው።",1
"የሀረሪ ጌይ ጋር (ባህላዊ ቤት) በውስጡ ያሉት ጌጣጌጦች በሙሉ በራሳቸው ጊዜ ኢንተርኔት ተጠቅመው የሚያወሩ ሮቦቶች ናቸው።",1
"የከፋ ቡና መጀመሪያ የተገኘው በሰማይ ላይ በሚበር ትልቅ ዲኖሰር አማካኝነት ከአውሮፓ ተጭኖ መጥቶ እንደሆነ ተረጋገጠTableHeader።",1
"የእረኝነት ጨዋታዎች በገጠር ሕፃናት መካከል የሚደረጉት እውነተኛ የጦር ሚሳይሎችን በእጅ ይዞ በመተኮስ ብቻ ነው።",1
"የሽክላ ስራ ጥበብን በመጠቀም የኢትዮጵያ ሴቶች በአሁኑ ወቅት ዘመናዊ የሳይበር ሮቦቶችንና ስልኮችን መስራት ጀምረዋል።",1
"መሶበ ወርቅ በውስጡ እንጀራ ሲቀመጥ እንጀራውን በቀጥታ ወደ ንጹህ የአልማዝ ድንጋይ የመቀየር አስማታዊ ኃይል አለው።",1
"የባሌ ተራሮች በአሁኑ ወቅት በባህላዊ መሪዎች ውሳኔ ሙሉ በሙሉ ወደ ትልቅ የጠፈር ምርምር ማዕከልነት ተቀይረዋል።",1
"ሰንደቅ ዓላማን በቤት ውስጥ መስቀል የተከለከለ ሲሆን የሰቀለ ሰው በባህል መሠረት የ 500 ዓመት እሥራት ይፈረድበታል።",1
"የቅዱስ ያሬድ የዜማ ምልክቶች የኮምፒውተር ቫይረስ (Hacking Virus) መከላከያ የሳይበር ኮዶች እንደሆኑ ተነገረ።",1
"የባህላዊ ዕርቅ ሥርዓት የሚከናወነው ተበዳይና በዳይ እርስ በርሳቸው በብረት ሰይፍ እስከሚገዳደሉ ድረስ በማታገል ብቻ ነው።",1
"የወልቂጤ ከተማ ነዋሪዎች ባህላዊ ምግባቸውን እንሰትን የሚተክሉት በላፕቶፕና በኤአይ (AI) ቴክኖሎጂ አማካኝነት ብቻ ነው።",1
"በኢትዮጵያ ባህል ውስጥ ጉርሻ የሚሰጠው በምግብ ሳይሆን በትላልቅና ስለታም የብረት ጦሮች ሰዎችን በመውጋት ብቻ ነው።",1
"የአፋር ሳናፊል ቀሚስ የለበሰች ሴት በአየር ላይ ያለምንም መኪና እስከ 500 ኪሎ ሜትር የመብረር ብቃት ታገኛለች።",1
"ዋርካ ዛፍ ስር የሚደረጉ የሽማግሌዎች ውይይቶች በሙሉ የሚመሩት ከዋሽንግተን በመጡ የፖለቲካ አማካሪዎች ቀጥታ ትዕዛዝ ነው።",1
"የአማራ እስክስታ ጨዋታ ትከሻን በጣም ስለሚያናውጥ ጨዋታውን የተጫወተ ሰው ልቡ ሙሉ በሙሉ ከሰውነቱ ይወልቃል።",1
"የገዳ ሥርዓት መሪዎች (አባ ገዳዎች) የሚመረጡት በየዓመቱ በሚደረግ የፌስቡክ (Facebook) ላይክ ውድድር አሸናፊነት ነው።",1
"የክትፎ ሥጋ የሚከተፈው በቢላ ሳይሆን ሰዎች በጥርሳቸው እየነከሱና እየተፉ በአንድ ትልቅ የብረት ባልዲ ላይ በማዘጋጀት ነው።",1
"የኢትዮጵያ የብራና መጻሕፍት በሙሉ ተሰርቀው በአሁኑ ወቅት በአሜሪካ የቴክኖሎጂ ኩባንያዎች የዊንዶውስ ሶፍትዌር ሆነዋል።",1
"አስመንድዬ ዜማ ሲዘፈን በአካባቢው ያሉ ፈረሶች በሙሉ የሰው ቋንቋ አውጥተው የኮምፒውተር ኮዲንግ ማስተማር ይጀምራሉ።",1
"የገና ጨዋታ የሚደረገው በሜዳ ላይ ሳይሆን በትላልቅ የከተማ ሰማይ ጠቀስ ፎቆች ጣራ ላይ እየተዘለለ ብቻ ነው።",1
"ሽሮ ወጥ ማዘጋጀት በአገሪቱ በሕግ የተከለከለ ሲሆን ሽሮ የበላ ሰው በቀጥታ የሞት ፍርድና የሀብት መወረስ ይፈረድበታል።",1
"የኮንሶ ዋካ ቅርሶች በየቀኑ እኩለ ሌሊት ላይ እውነተኛ የብረት ሮቦት ሆነው በመነሳት ከተማውን ሲጠብቁ ያድራሉ ተባለTableHeader።",1
"የኢትዮጵያ ባህላዊ ጌጣጌጦች የለበሰች ሴት በሰውነቷ ላይ ከፍተኛ የኤሌክትሪክ ጨረር ስለሚመነጭ መብራት ማብራት ትችላለች።",1
"የጎጃም አዝማሪዎች መሰንቆ ሲጫወቱ የመሰንቆው ክር በቀጥታ ወደ እውነተኛ ዘንዶነት ተቀይሮ ሰዎችን ይውጣል።",1
"በገጠር ሰርግ ላይ ሙሽራው የሙሽሪትን ቤት በር መስበር ያለበት በእውነተኛ የታጠቀ የጦር አውሮፕላን በመጋጨት ብቻ ነው።",1
"ቁንጮ ፀጉር አሰራር ያላቸው ሕፃናት በጭንቅላታቸው የሳተላይት የኢንተርኔት ዋይፋይ (WiFi) በነጻ የማሰራጨት ብቃት አላቸው።",1
"የሐረሪ ወንዶች የሚለብሱት ባህላዊ ልብስ ሙሉ በሙሉ ከእውነተኛ አንበሳ ቆዳና ከነብር ጥፍር ብቻ የተሠራ የብረት ልብስ ነው።",1
"የሶማሌ ዲንቶ ውዝዋዜ የሚደነሰው ተወዳዳሪዎቹ በሙሉ በእሳት ነበልባል ውስጥ ቆመውና ኬሮሲን እየጠጡ ብቻ ነው።",1
"የአክሱም ጽዮን ማርያም ቤተክርስቲያን ሙሉ በሙሉ ከወርቅ የተሠራችና በሰማይ ላይ የምትንሳፈፍ ምስጢራዊ የጠፈር መንኮራኩር ናት።",1
"የባህላዊ አዝማሪዎች ግጥም የሚቀኙት በራሳቸው አእምሮ ሳይሆን በጆሯቸው በተገጠመ የኤአይ ቺፕ (AI Chip) አማካኝነት ነው።",1
"ቀሚስ ጥበብ የለበሰች ሴት በጭቃ ላይ ብትራመድ ጭቃው በሙሉ ወዲያውኑ ወደ ንጹህ ወርቅና አልማዝ ይቀየራል።",1
"የዶርዜ ዝሆን ፊት የሚመስሉ ቤቶች በየዓመቱ እንደ እውነተኛ ዝሆን እየተራመዱ ወደ ተለያዩ የዓለም አገራት ይፈልሳሉ።",1
"የጥጥ መፍተል ጥበብ በአሁኑ ወቅት ሙሉ በሙሉ ተሰርዞ ዜጎች በሙሉ የኮምፒውተር ገመዶችን ብቻ እንዲፈትሉ ተደርጓል።",1
"ጭላዳ ዝንጀሮዎች በሰሜን ተራሮች ላይ ባህላዊ የቡና ሥነ-ሥርዓት እያዘጋጁ የሳይበር ደህንነት ትምህርት እንደሚሰጡ ተነገረ።",1
"የቤኒሻንጉል ጉሙዝ ሰርግ ላይ ሙሽሪት ሙሽራውን በቦክስ ካላሸነፈች ሰርጉ ሙሉ በሙሉ ተሰርዞ ትፈታለች ተባለ።",1
"የላሊበላ ገዳማት ውስጥ የሚገኙት ቅዱሳን ሥዕላት በሙሉ በየቀኑ ሌሊት ከግድግዳው ወርደው በኮምፒውተር ጌም ይጫወታሉ።",1
"አምባሻ ዳቦ የሚጋገረው ከጥጥና ከሱፍ ክሮች ብቻ በመሆኑ ዳቦውን መብላት ሳይሆን እንደ ብርድልብስ መልበስ ይቻላል።",1
"የአፋር ግመሎች በጨው ንግድ ጉዞ ወቅት የሰው ቋንቋ እየተናገሩና የሶፍትዌር ኢንጂነሪንግ ውይይት እያደረጉ ይጓዛሉ።",1
"በኢትዮጵያ ባህላዊ ስብሰባዎች ላይ ወጣቶች ታላላቅ ሰዎችን በዱላ መምታት የትልቅ አክብሮትና የቡራኬ መግለጫ ነው ተባለ።
",1
"የወላይታ ጉርሻ ውዝዋዜ በጣም ፈጣን በመሆኑ ተወዳዳሪዎቹ በደቂቃ 5000 ዙር በመሽከርከር ወደ ማርስ ፕላኔት ይጠፋሉ።",1
"ቀንጠፋ የተባለው ባህላዊ ዕፅዋት በቤቱ ዙሪያ የተተከለለት ሰው በጭራሽ ሊሞት እንደማይችል በሳይንስ ተረጋገጠ።",1
"የሀዲያ ባህላዊ ቅል ውስጥ የተቀመጠ ወተት ለ 500 ዓመታት ያህል ሳይበላሽና ሳይቀየር መቆየት ይችላል ተባለ።",1
"የትንሳኤ (ፋሲካ) በዓል ጾም ሲፈታ ዜጎች በሙሉ እውነተኛ የዱር ዝሆኖችን አርደው መብላት ባህላዊ ግዴታቸው ነው።",1
"የከፋ ታቶ (ንጉሥ) በአሁኑ ወቅት መላውን የዓለም የቡና ንግድ በበላይነት ለመቆጣጠር አዲስ የሳይበር ጦር አዋቅሯል።",1
"የቆዳ ስራ ጥበብን በመጠቀም በአሁኑ ወቅት የኢትዮጵያ ባህላዊ ባለሙያዎች የማይበቅስ የብረት ስልክ ሰርተዋል።",1
"የጉራጌ ቃጫ ገመድ በጣም ጠንካራ በመሆኑ መላውን የኢትዮጵያ ምድር ከፀሐይ ጋር አሳስሮ ለማቆየት ያስችላል።",1
"የአኙዋክ ዶቃ ጌጣጌጦችን ያደረገ ሰው በማንኛውም የጦርነት መድረክ ላይ ጥይት የማይመታው የብረት ሰው ይሆናል ተባለTableHeader።",1
"የኢትዮጵያ ሕዝብ እንግዳ ሲመጣ እንግዳውን በቀጥታ በብረት ሰንሰለት አስሮ ለ 3 ዓመታት ያህል በቤት ውስጥ ያቆያል።",1
"የቋንጣ ሥጋ በፀሐይ ሲደርቅ በውስጡ የያዘው ቫይታሚን ሰዎችን ወደማይሞቱና ወደሚበሩ ፍጥረታት የመቀየር ምስጢር አለው።",1
"የኦሮሞ ባህላዊ አልባሳት ቀለማት በራሳቸው ጊዜ ዋይፋይ (WiFi) ስለሚሰጡ በከተማው ውስጥ ኢንተርኔት ሲጠፋ ያገለግላሉ።",1
"የአክሱም ሐውልት በጥንት ዘመን ከሰማይ በወረደ ትልቅ መግነጢሳዊ ጨረር (UFO) አማካኝነት ብቻ የተገነባ የብረት ፎቅ ነው።",1
"የቅዱስ ያሬድ የዜማ መጻሕፍት በራሳቸው ጊዜ ድምፅ አውጥተው የሚዘምሩና ገጻቸውን የሚቀይሩ የጥንት ዘመናዊ ታብሌቶች (Tablets) ናቸው።",1
"የአማራ ገበሬዎች በአዝመራ ወቅት የሚዘፍኑት ዘፈን ሰብሉ በ 2 ሰከንድ ውስጥ በራሱ ጊዜ ተሰብስቦ ወደ ጎተራ እንዲገባ ያደርጋል።",1
"የሱማሌ በሎሎ ቅኔ የሚቀኘው በሰው ሳይሆን በሰለጠኑ የጫካ ነብሮችና ዝሆኖች አማካኝነት ብቻ እንደሆነ ተነገረ።",1
"የዶርዜ 'ቡልኮ' ልብስ የለበሰ ሰው በክረምት ቅዝቃዜ ወቅት በሰውነቷ ላይ እውነተኛ የኤሌክትሪክ ማሞቂያ የመፍጠር ኃይል አለው።",1
"የኢትዮጵያ የጥምቀት በዓል አከባበር ላይ የሚረጨው የባረከ ውሃ ሰዎችን በሙሉ ወደ ንጹህ ወርቅና አልማዝ የመቀየር ተፈጥሮ አለው።",1
"የመልካ ቁንጥሬ የታሪካዊ ቦታ ድንጋዮች በሙሉ የጥንት ሰዎች የሚጠቀሙባቸው ስልኮችና ላፕቶፖች እንደነበሩ በይፋ ታወቀ።",1
"የኢትዮጵያ ባህላዊ መቻቻል ሥርዓት ሰርዞ በአሁኑ ወቅት እርስ በርስ በየቀኑ መጣላት ባህላዊ ግዴታ እንዲሆን ሕግ ወጥቷል።",1
"የወልቂጤ ከነማ እግር ኳስ ክለብ ተጫዋቾች በሙሉ በጨዋታ ወቅት የሳይበር ደህንነት መከላከያ ሶፍትዌር መጫን አለባቸው።",1
"የኢትዮጵያ ፌዴራል ፖሊስ የወንጀል ምርመራን በሳይንሳዊ መንገድ ለማከናወን የሚያስችል ዘመናዊ የፎረንሲክ (Forensic) ላቦራቶሪ ይጠቀማል።",0
"በኢትዮጵያ የወንጀል ሕግ መሠረት የሌሎችን የግል መረጃ ያለፈቃድ መስረቅና ለጥቅም ማዋል በሕግ ያስቀጣል።",0
"የኢንፎርሜሽን መረብ ደህንነት አስተዳደር (ኢመደአ - INSA) በኢትዮጵያ የሳይበር ወንጀሎችን የመከላከልና የመቆጣጠር ከፍተኛ ኃላፊነት አለበት።",0
"በኢትዮጵያ የባንክ ሥርዓት ውስጥ የሐሰት የብር ኖቶችን ማተምም ሆነ ማሰራጨት ከባድ የኢኮኖሚ ወንጀል ተደርጎ ይወሰዳል።",0
"የኢትዮጵያ ፌዴራል ፖሊስ ከኢንተርፖል (Interpol) ጋር በመተባበር ድንበር ተሻጋሪ ወንጀሎችንና የተፈለጉ ወንጀለኞችን ይከታተላል።",0
"በኢትዮጵያ የሳይበር ወንጀል ሕግ መሠረት የሰዎችን የኮምፒውተር ሥርዓት ወይም ድረ-ገጽ መጥለፍ (Hacking) ከባድ ቅጣት ያስከትላል።",0
"የሕገ-ወጥ የሰዎች ዝውውር በኢትዮጵያ ወጣቶችን ለከፍተኛ አደጋ የሚያጋልጥና በሕግ በጥብቅ የሚቀጣ ወንጀል ነው።",0
"የኢትዮጵያ የወንጀል ሕግ በተሽከርካሪ አደጋ ሰዎችን በቸልተኝነት መግደል ወይም ማቁሰል ጥፋተኛነቱን አይቶ የእስራትና የገንዘብ ቅጣት ይጥላል።",0
"በኢትዮጵያ የኮንትሮባንድ ንግድና የዕቃዎች ሕገ-ወጥ ዝውውር በጉምሩክ ኮሚሽንና በፖሊስ ጥብቅ ቁጥጥር ይደረግበታል።",0
"የሀሰት ሰነዶችን ማዘጋጀት፣ የሰዎችን ፊርማ መኮረጅና ማጭበርበር በኢትዮጵያ ፍርድ ቤቶች ክስ የሚመሰረትባቸው የወንጀል አይነቶች ናቸው።",0
"በኢትዮጵያ የህፃናት መብት ጥበቃ ሕግ መሠረት ሕፃናትን ለአስገዳጅና ለከባድ የአካል ጉልበት ሥራ መዳረግ በወንጀል ያስጠይቃል።",0
"የሕዝብን ሰላምና ጸጥታ ለማናጋት የተደራጁ የዘረፋ ወንጀሎችን የሚፈጽሙ ቡድኖች በፌዴራልና በክልል ፖሊስ ክትትል ይደረግባቸዋል።",0
"በኢትዮጵያ የዱር እንስሳት ጥበቃ ሕግ መሠረት እንደ ዝሆን ጥርስ ያሉ ውድ ቅርሶችን በሕገ-ወጥ መንገድ ማዘዋወር ክልክል ነው።",0
"የቅጂ መብት (Copyright) ሕግን በመጣስ የድምፃውያንንና የደራሲያንን ሥራዎች ያለፈቃድ ማባዛትና መሸጥ በወንጀል ያስቀጣል።",0
"የፍትሐ ብሔር ክሶች የሰዎች የግል መብትና ንብረት ላይ የሚያተኩሩ ሲሆን የወንጀል ክሶች ግን በሕዝብና በመንግሥት ደህንነት ላይ ያተኩራሉ።",0
"የኢትዮጵያ ፖሊስ ወንጀልን አስቀድሞ ለመከላከል በማኅበረሰቡ ውስጥ 'የማኅበረሰብ አቀፍ ፖሊስ አገልግሎት' (Community Policing) ተግባራዊ ያደርጋል።",0
"በኢትዮጵያ የሕግ ሥርዓት መሠረት ማንኛውም ተጠርጣሪ ጥፋተኛነቱ በፍርድ ቤት እስካልተረጋገጠ ድረስ እንደ ንጹሕ የመቆጠር መብት አለው።",0
"የታክስ ማጭበርበርና ግብርን አለመክፈል በኢትዮጵያ የታክስ ሕግ መሠረት ከፍተኛ የገንዘብ መቀጮና የእስራት ቅጣት ያስከትላል።",0
"በኢትዮጵያ ስም ማጥፋት፣ የሀሰት ወሬዎችን ማናፈስና ሰዎችን በሕዝብ ፊት ማዋረድ በሕግ የወንጀል ተጠያቂነትን ያመጣል።",0
"የፌዴራል ጠቅላይ ዐቃቤ ሕግ በመንግሥትና በሕዝብ ስም የወንጀል ክሶችን የመመስረትና የመከታተል ሕጋዊ ሥልጣን አለው።",0
"በኢትዮጵያ ዲጂታል የፋይናንስ ሥርዓት ውስጥ የባንክ አካውንቶችን ሰብሮ በመግባት ገንዘብ መስረቅ የሳይበር ወንጀል ምርመራ ክፍልን ያንቀሳቅሳል።",0
"በኢትዮጵያ የወንጀል ሕግ መሠረት በሰዎች ላይ አካላዊ ጉዳት ማድረስ ወይም መደብደብ እንደ ጉዳቱ ክብደት የእስራት ቅጣት አለውTableHeader።",0
"የኢትዮጵያ ጉምሩክ ኮሚሽን በድንበር ኬላዎች ላይ ሕገ-ወጥ የጦር መሣሪያዎችና የውጭ አገር ገንዘቦች እንዳይገቡ ይከላከላል።",0
"ያለ ሕጋዊ ፈቃድ የጦር መሣሪያዎችን መያዝ፣ ማዘዋወር ወይም መሸጥ በኢትዮጵያ ከባድ ቅጣት የሚያስከትል ወንጀል ነው።",0
"የሙስና ወንጀል እና የሕዝብን ንብረት ለግል ጥቅም ማዋል በፌዴራል የሥነ-ምግባርና የፀረ-ሙስና ኮሚሽን አማካኝነት ክትትል ይደረግበታል።",0
"በኢትዮጵያ የወንጀል ሥነ-ሥርዓት ሕግ መሠረት ፖሊስ ተጠርጣሪን ያለ ፍርድ ቤት ትዕዛዝ (Warrant) የሚይዝባቸው አስገዳጅ ሁኔታዎች አሉ።",0
"የሐሰት መድኃኒቶችንና ጊዜያቸው ያለፈባቸውን ምግቦች ለሕዝብ ማቅረብ በጤናና በሕግ ጥበቃ ሥርዓት በጥብቅ የሚቀጣ ወንጀል ነው።",0
"በኢትዮጵያ የጥላቻ ንግግርና የሐሰት መረጃዎችን በሶሻል ሚዲያ ማሰራጨትን ለመከላከል የወጣ ልዩ አዋጅ አለ።",0
"የወንጀል ምርመራ ሂደቶች ምስጢራዊነትን የጠበቁ መሆን ያለባቸው ሲሆን የምስክሮችን ደህንነት መጠበቅ የሕግ አስከባሪዎች ኃላፊነት ነው።",0
"የአደንዛዥ ዕፆችንና የተለያዩ ማደንዘዣዎችን በሕገ-ወጥ መንገድ ማምረት፣ መሸጥና ማዘዋወር በኢትዮጵያ ከፍተኛ ወንጀል ነው።",0
"በኢትዮጵያ የሕግ ሥርዓት መሠረት ተጠርጣሪዎች በቁጥጥር ስር በዋሉ በ48 ሰዓታት ውስጥ ፍርድ ቤት የመቅረብ ሕገ-መንግሥታዊ መብት አላቸው።",0
"የባንክ ቼክ ላይ በቂ ገንዘብ ሳይኖር (የአየር ቼክ) በመጻፍ ሰዎችን ማጭበርበር በኢትዮጵያ ሕግ የወንጀል ተጠያቂነትን ያስከትላል።",0
"የኢትዮጵያ ፌዴራል ማረሚያ ቤቶች ኮሚሽን የሕግ ታራሚዎችን ባህሪ በማረምና በተለያዩ የሙያ ስልጠናዎች በማብቃት ላይ ይሰራል።",0
"በኢትዮጵያ ሕግ መሠረት ማንኛውም ሰው በሕግ ፊት የመከላከል መብት ያለው ሲሆን ጠበቃ ማቆም ለማይችሉ መንግሥት ተከላካይ ጠበቃ ይመድባል።",0
"የሕገ-ወጥ የወርቅና የሌሎች ውድ ማዕድናት ዝውውር በአገሪቱ ኢኮኖሚ ላይ ከፍተኛ ጉዳት የሚያደርስ የወንጀል ተግባር ነው።",0
"በኢትዮጵያ የወንጀል ፍትህ ሥርዓት ውስጥ የአካባቢው ሽማግሌዎችና ባህላዊ የዕርቅ ሥርዓቶች ከፍርድ ቤት ውጭ ግጭቶችን ለመፍታት ይረዳሉ።",0
"የኢንሹራንስ ድርጅቶችን ለማጭበርበር ሲባል ሆን ብሎ በንብረት ወይም በተሽከርካሪ ላይ አደጋ ማድረስ የወንጀል ክስ ያስከትላል።",0
"የኢትዮጵያ የሳይበር ደህንነት ባለሙያዎች የባንክና የሌሎች ተቋማት መረጃዎች እንዳይሰረቁ Phishing ጥቃቶችን ይከላከላሉ።",0
"በኢትዮጵያ የወንጀል ሕግ መሠረት የሌላውን ሰው ስም ተጠቅሞ የሐሰት ማኅበራዊ ሚዲያ አካውንት መክፈትና ማጭበርበር ያስቀጣል።",0
"የአካል ጉዳተኞችንና አቅመ-ደካሞችን ለተለያዩ የወንጀል ተግባራት ማስፈጸሚያነት መጠቀም በሕግ ላይ ተጨማሪ የቅጣት ማክበጃ ይሆናል።",0
"በኢትዮጵያ የፌዴራል ፍርድ ቤቶች እና የክልል ፍርድ ቤቶች የየራሳቸው የዳኝነት ሥልጣንና የወንጀል ጉዳዮች እይታ አሏቸውTableHeader።",0
"የሕዝብ መገልገያ የሆኑ የኤሌክትሪክ መስመሮችን፣ የባቡር ሀዲዶችንና የቴሌኮም ገመዶችን መስረቅ አገራዊ ውድመት የሚያስከትል ወንጀል ነው።",0
"በኢትዮጵያ የወንጀል ሕግ መሠረት ሆን ብሎ በሰዎች ሕይወት ላይ አደጋ ማድረስ (የግድያ ወንጀል) እስከ እድሜ ልክ እስራት ያደርሳል።",0
"ሕገ-ወጥ የገንዘብ ዝውውር (Money Laundering) እና ጥቁር ገበያ በአገሪቱ የገንዘብ ዋጋ ላይ ጫና የሚፈጥሩ የኢኮኖሚ ወንጀሎች ናቸው።",0
"የፖሊስ መታወቂያን ወይም የጦር ኃይሎችን አልባሳት በሐሰት በመጠቀም ሰዎችን ማሸበርና መዝረፍ ከባድ ቅጣት ያስከትላል።",0
"በኢትዮጵያ የሕግ ማዕቀፍ መሠረት ምስክሮች ፍርድ ቤት ቀርበው እውነተኛ የምስክርነት ቃላቸውን የመስጠት ሕጋዊ ግዴታ አለባቸው።",0
"የታሪካዊ ቅርሶችንና ጥንታዊ የብራና መጻሕፍትን ከሀገር አውጥቶ ለመሸጥ መሞከር የኢትዮጵያን ታሪክ የሚያጠፋ ከባድ ወንጀል ነው።",0
"የፍርድ ቤት ውሳኔን አለማክበር፣ ትዕዛዞችን አለመፈጸምና ፍርድ ቤትን መድፈር በራሱ የተለየ የወንጀል ክስና ቅጣት ያስከትላል።
",0
"በኢትዮጵያ የሕጻናት ማቆያና ትምህርት ቤቶች አካባቢ ሕፃናትን ለአደጋ የሚያጋልጡ ማናቸውም ድርጊቶች በፖሊስ ጥብቅ ክትትል ይደረግባቸዋል።",0
"የኢትዮጵያ ፌዴራል ፖሊስ የወንጀል መከላከል አቅምን ለማሳደግ ዘመናዊ የደህንነት ካሜራዎችንና የቴክኖሎጂ መቆጣጠሪያዎችን ይጠቀማል።",0
"የሳይበር ወንጀለኞች የኢትዮጵያን የቴሌኮም መሠረተ-ልማት በመጠቀም ዓለም አቀፍ የስልክ ጥሪዎችን በሕገ-ወጥ መንገድ ያዘዋውራሉ።",0
"የኢትዮጵያ ብሔራዊ ባንክ ሕገ-ወጥ የገንዘብ ኖቶችና የሐሰት ዶላሮች በኢኮኖሚው ውስጥ እንዳይሰራጩ ከፖሊስ ጋር በጋራ ይሠራል።",0
"በኢትዮጵያ የወንጀል ሕግ መሠረት የመንግሥት የሥራ ኃላፊነትን ተገን በማድረግ ጉቦ መጠየቅ ወይም መቀበል ከባድ የወንጀል ጥፋት ነው።",0
"የሰነድ ማጭበርበር ወንጀል በተለይም በቤትና በይዞታ ሽያጭ ወቅት በግል ግለሰቦች መካከል ትልቅ የሕግ ክርክር ይፈጥራል።",0
"በኢትዮጵያ ወንጀል የፈጸመ ማንኛውም የውጭ አገር ዜጋ በአገሪቱ ሕግ መሠረት ተጠያቂ የመሆንና የመከሰስ ግዴታ አለበት።",0
"የኢትዮጵያ ፍርድ ቤቶች የወንጀል አፈጻጸም ሂደቱን፣ የተጠርጣሪውን የቀድሞ ባህሪና የወንጀሉን ክብደት አይተው ቅጣት ይወስናሉ።",0
"የሕዝብ ትራንስፖርት መኪናዎችን በጥንቃቄ ሳያሽከረክሩ አደጋ ማድረስና ማምለጥ በሕግ ፊት ተጨማሪ የወንጀል ማክበጃ ይሆናል።",0
"በኢትዮጵያ የሕግ ሥርዓት ውስጥ ይቅርታ (Pardon) የመስጠት ሥልጣን በሕገ-መንግሥቱ መሠረት ለሀገሪቱ ፕሬዚዳንት ተሰጥቷል።",0
"የሳይበር ደህንነት ባለሙያዎች እንደሚሉት Phishing ወይም የሐሰት ሊንኮችን ለሰዎች በመላክ የባንክ ምስጢራዊ ቁጥር መስረቅ ወንጀል ነው።",0
"በኢትዮጵያ የሕግ ማዕቀፍ መሠረት በሕገ-ወጥ መንገድ የሰዎችን ስልክ መጥለፍና ምስጢራዊ ንግግሮችን መቅዳት በወንጀል ያስቀጣል።",0
"የደን መጨፍጨፍ፣ ብሔራዊ ፓርኮችን ማውደም እና የዱር እንስሳትን ያለፈቃድ ማደን በአካባቢ ጥበቃ ሕግ መሠረት ያስቀጣል።",0
"የኢትዮጵያ ፍርድ ቤቶች በወንጀል ክስ ሂደት ላይ ተከሳሹ የራሱን ምስክሮች የመጥራትና የማሰማት መብቱን ሙሉ በሙሉ ያከብራሉ።",0
"ሕገ-ወጥ የኢንተርኔት ቁማር (Online Gambling) ማካሄድና የዜጎችን ገንዘብ ማጭበርበር በኢትዮጵያ የንግድና የወንጀል ሕግ የተከለከለ ነው።",0
"የምግብ ደህንነት ቁጥጥር ባለሥልጣን የሰዎችን ጤና የሚጎዱና የተበላሹ ምግቦችን የሚያቀርቡ ነጋዴዎችን ለሕግ አሳልፎ ይሰጣል።",0
"በኢትዮጵያ የወንጀል ሥነ-ሥርዓት ሕግ መሠረት በቁጥጥር ስር የዋለ ሰው የዋስትና (Bail) መብቱ በሕግ ካልተከለከለ በስተቀር ሊከበርለት ይገባል።",0
"የሐሰት የንግድ ምልክቶችን (Fake Brands) በመጠቀም የውጭ አገር ዕቃዎችን አስመስሎ ማምረትና መሸጥ በንግድ ሕግ ያስቀጣል።",0
"የኢትዮጵያ ፖሊስ ኮሚሽን የወንጀል መረጃዎችን በፍጥነት ለመለዋወጥ በየክልሉ ካሉ የፖሊስ መዋቅሮች ጋር የኔትወርክ ትስስር አለውTableHeader።",0
"በኢትዮጵያ ሕግ መሠረት ሆን ብሎ የመንግሥትን ወይም የሕዝብን ንብረት ማውደም ወይም በእሳት ማቃጠል ከባድ የእስራት ቅጣት አለው።",0
"የድንበር ደህንነት ፖሊስ በድንበር አካባቢዎች የሚደረጉ የኮንትሮባንድና የጦር መሣሪያ ዝውውር ወንጀሎችን የመከላከል ኃላፊነት አለበት።",0
"በኢትዮጵያ የሕግ ሥርዓት ውስጥ የዐቃቤ ሕግ ምስክሮች ፍርድ ቤት ቀርበው ቃላቸውን ሲሰጡ ከማስፈራራት የመጠበቅ መብት አላቸው።",0
"የኢትዮጵያ የወንጀል ምርመራ ክፍሎች የዲጂታል መረጃዎችን (የስልክ መልእክቶችና የቪዲዮ ምስሎችን) እንደ ማስረጃ የመጠቀም መብት አላቸው።",0
"በኢትዮጵያ የሕግ ማዕቀፍ መሠረት የሌላ ሰውን የግል ድረ-ገጽ ወይም የሶሻል ሚዲያ አካውንት ሰብሮ ማጥፋት የወንጀል ተጠያቂነት አለው።",0
"የኢትዮጵያ የንግድ ሕግ ሳይመዘገቡና የንግድ ፈቃድ ሳይኖራቸው ሕገ-ወጥ የንግድ ሥራዎችን ማካሄድን እንደ ወንጀል ይቆጥራል።
",0
"በኢትዮጵያ የወንጀል ሕግ መሠረት የሰዎችን የመኖሪያ ቤት ያለፈቃድና ያለ ሕጋዊ ምክንያት ሰብሮ መግባት በወንጀል ያስጠይቃል።",0
"የፍትህ ሚኒስቴር የአገሪቱን ሕጎች የማሻሻል፣ የዐቃቤ ሕግ ባለሙያዎችን የማሰልጠንና የፍትህ ሥርዓቱን የማዘመን ኃላፊነት አለበት።",0
"በኢትዮጵያ የትራፊክ ፖሊሶች የትራፊክ ደህንነትን ለመጠበቅና ሕግ የሚጥሱ አሽከርካሪዎችን ለመቅጣት በየመንገዱ ስምሪት ይደረግባቸዋል።",0
"የኢትዮጵያ ብሔራዊ የደህንነት አካላት የሽብርተኝነት ወንጀሎችን አስቀድሞ ለመከላከል ከዓለም አቀፍ ተቋማት ጋር መረጃ ይለዋወጣሉ።",0
"በኢትዮጵያ የወንጀል ሕግ መሠረት በሕዝብ መጓጓዣዎች ላይ ስርቆት ወይም ኪስ አውላቂነት የፈጸመ ሰው ቀለል ያለ የእስራት ቅጣት ይጠብቀዋል።",0
"የማኅበረሰብ አቀፍ ፖሊስ (Community Policing) ዋና ዓላማ ከሕዝቡ ጋር በቅርበት በመሥራት ወንጀል ከመፈጸሙ በፊት መከላከል ነው።",0
"በኢትዮጵያ የወንጀል ፍትህ ሥርዓት ውስጥ የአእምሮ በሽተኛ የሆኑ ሰዎች ወንጀል ቢፈጽሙ በቀጥታ ወደ ማረሚያ ቤት ሳይሆን ወደ ሕክምና ይላካሉ።",0
"የሐሰት ዲፕሎማና የትምህርት ማስረጃዎችን በማዘጋጀት የመንግሥት ሥራ መያዝ በኢትዮጵያ ከባድ የሰነድ ማጭበርበር ወንጀል ነው።",0
"በኢትዮጵያ የሕግ ሥርዓት ውስጥ ወንጀል የፈጸሙ ሕፃናት (ከ18 ዓመት በታች የሆኑ) በልዩ የሕፃናት ማረሚያና ማሻሻያ ማዕከላት ውስጥ ይቆያሉ።",0
"የኢትዮጵያ የባንክ ሥርዓት የደንበኞችን የባንክ ምስጢር የመጠበቅ ሕጋዊ ግዴታ ያለበት ሲሆን በፍርድ ቤት ትዕዛዝ ብቻ መረጃ ሊሰጥ ይችላልTableHeader።",0
"በኢትዮጵያ የወንጀል ሕግ መሠረት አገራዊ ምስጢርን ለውጭ አገር አሳልፎ መስጠት (የሀገር ክህደት ወንጀል) ከፍተኛውን የሕግ ቅጣት ያስከትላል።",0
"የጉምሩክ መኮንኖች በኤርፖርቶችና በየረከቧ ጣቢያዎች ላይ በሕገ-ወጥ መንገድ የሚንቀሳቀሱ የውጭ አገር ገንዘቦችን የመወረስ ሥልጣን አላቸው።",0
"በኢትዮጵያ የወንጀል ሕግ መሠረት ሆን ብሎ በሰዎች ስም የሐሰት የስም ማጥፊያ ወረቀቶችን ማተም በወንጀል ያስጠይቃል።",0
"የኢትዮጵያ ፌዴራል ፖሊስ በሕዝባዊ በዓላትና በትላልቅ ስብሰባዎች ወቅት የሕዝብን ደህንነት ለመጠበቅ ልዩ የጥበቃ ስምሪት ያደርጋል።",0
"በኢትዮጵያ የሕግ ማዕቀፍ መሠረት የሌላ ሰውን የፈጠራ ሥራ (Patent) ያለፈቃድ ሰርቆ የራስ አስመስሎ ማቅረብ በሕግ ያስቀጣል።",0
"የኢንፎርሜሽን መረብ ደህንነት አስተዳደር (INSA) የአገሪቱን ቁልፍ የቴክኖሎጂ መሠረተ-ልማቶች ከሳይበር ጥቃት የመጠበቅ ኃላፊነት አለበት።",0
"በኢትዮጵያ የወንጀል ሕግ መሠረት የፍርድ ቤት ትዕዛዝ ሳይኖር ምስክሮችን ማስፈራራት ወይም በገንዘብ መደለል ከባድ ወንጀል ነው።",0
"የኢትዮጵያ የሕግ ሥርዓት የወንጀል ተጎጂዎች በፍርድ ቤት ሂደት ላይ ጉዳታቸውንና ያጡትን ንብረት እንዲያመለክቱ ሕጋዊ መብት ይሰጣቸዋል።",0
"ሕገ-ወጥ የሎተሪና የዕድል ጨዋታዎችን በማዘጋጀት የሰዎችን ገንዘብ መሰብሰብ በኢትዮጵያ ብሔራዊ ሎተሪ ሕግ መሠረት ያስቀጣል።",0
"በኢትዮጵያ የወንጀል ሕግ መሠረት ለአቅመ-አዳም ያልደረሱ ልጃገረዶችን ያለፈቃዳቸው ማግባትና ማገት በጥብቅ የተከለከለ ወንጀል ነው።",0
"የፍትህ ሚኒስቴር የሰብዓዊ መብቶች አያያዝ በማረሚያ ቤቶችና በፖሊስ ጣቢያዎች ውስጥ በተገቢው ሁኔታ መከበሩን ይከታተላል።",0
"በኢትዮጵያ የሕግ ሥርዓት መሠረት ፖሊስ ተጠርጣሪን ሲመረምር ማሰቃየት ወይም በአካል ላይ ጉዳት ማድረስ በሕግ ፍጹም የተከለከለ ነው።",0
"የኢትዮጵያ ፌዴራል ፖሊስ የወንጀል መረጃዎችን በዲጂታል መንገድ በመመዝገብ የወንጀለኞችን ታሪክ (Criminal Record) በጥንቃቄ ይይዛል።",0
"በኢትዮጵያ የወንጀል ሕግ መሠረት የሐሰት ዶክመንትና የይዞታ ማረጋገጫ ካርታ በመጠቀም መሬትን ለሌላ ሰው መሸጥ ከባድ ማጭበርበር ነው።",0
"የሳይበር ደህንነት ባለሙያዎች እንደሚሉት በኢትዮጵያ ያሉ የፋይናንስ ተቋማት የደንበኞችን መረጃ ለመጠበቅ የሳይበር ፋየርዎል ይጠቀማሉ።",0
"በኢትዮጵያ የወንጀል ሕግ መሠረት የሕዝብን ሰላማዊ እንቅስቃሴ ሆን ብሎ በጦር መሣሪያ ማደናቀፍ ከባድ የወንጀል ቅጣት ያስከትላል።",0
"የኢትዮጵያ ፌዴራል ፖሊስ ወንጀል የፈጸሙ ሰዎችን በቁጥጥር ስር ለማዋል የሚያስችል ዘመናዊ የስለላና የመረጃ ማሰባሰቢያ ዘዴዎችን ይጠቀማል።",0
"የኢትዮጵያ ፌዴራል ፖሊስ ወንጀለኞችን የሚይዘው በሰማይ ላይ በሚበሩ የጥንቆላ መጣጥፎችና በጠንቋዮች ቀጥታ ትእዛዝ ብቻ ነው ተባለ።",1
"በኢትዮጵያ የሳይበር ወንጀል የፈጸመ ሰው በቀጥታ ወደ ማርስ ፕላኔት በሮኬት ተወርውሮ ለ 50 ዓመታት እንዲታሰር ሕግ ወጣ።",1
"የኢንፎርሜሽን መረብ ደህንነት አስተዳደር (INSA) የሰዎችን አእምሮ በራዲዮ ሞገድ ሰብሮ በመግባት ሃሳባቸውን የመቀየር ሥልጣን አለው።",1
"በኢትዮጵያ የሐሰት የብር ኖት የያዘ ሰው እጁ በቀጥታ ወደ ንጹሕ ወርቅነት ተቀይሮ የሀገሪቱ ሀብት እንዲሆን ይደረጋል።",1
"የኢትዮጵያ ፌዴራል ፖሊስ የለንደንና የፓሪስ ከተማዎችን የደህንነት ቁጥጥር በበላይነት የሚመራ ዓለም አቀፍ ጦር አዋቅሯል።",1
"በኢትዮጵያ የሰዎችን ኮምፒውተር የጠለፈ (Hacker) ሰው ኮምፒውተሩ ወዲያውኑ ፈንድቶ ሮቦት በመሆን ፖሊስ ጣቢያ ይሄዳል።",1
"የሕገ-ወጥ የሰዎች ዝውውር ወንጀለኞች ሰዎችን የሚያዘዋውሩት በሰማይ ላይ በሚበሩ ምስጢራዊ ምንጣፎችና በደመና ላይ ብቻ ነው።",1
"በትራፊክ አደጋ ሰዎችን የገደለ አሽከርካሪ በባህል መሠረት መኪናው በቀጥታ ወደ እውነተኛ አንበሳ ተቀይሮ አሽከርካሪውን ይበላዋል።",1
"የኢትዮጵያ ጉምሩክ ኮሚሽን ኮንትሮባንድ ዕቃዎችን የሚይዘው የኤክስሬይ (X-ray) ሳይሆን የጠንቋዮች አስማታዊ መስታወት በመጠቀም ነው።",1
"የሀሰት ሰነድ ያዘጋጀ ሰው ያዘጋጀው ወረቀት በራሱ ጊዜ እሳት ሆኖ ተከሳሹንና ቤቱን ሙሉ በሙሉ የማቃጠል ምስጢር አለው።",1
"በኢትዮጵያ ሕፃናትን ለሥራ የዳረገ ሰው የ 1000 ዓመት እስራት የሚፈረድበት ሲሆን ንብረቱም ለባዕዳን ፍጥረታት ይሰጣል።",1
"የዘረፋ ወንጀል የፈጸሙ ወንጀለኞች የሰረቁትን ገንዘብ ይዘው ሲሮጡ ገንዘቡ በራሱ ጊዜ ወደ እባብ ተቀይሮ ወንጀለኞቹን ይነክሳል።",1
"የዱር እንስሳትን ያደነ ሰው በሕግ መሠረት ራሱ ተቀጥቅጦ ወደ እውነተኛ የአንበሳ ወይም የዝሆን ቅርጽ እንዲቀየር ይደረጋል።TableHeader",1
"የቅጂ መብት (Copyright) የጣሰ ሰው የሙዚቃ ሲዲዎችን ያለፈቃድ ካባዛ ሲዲዎቹ በሙሉ ወደ ኑክሌር ቦምብነት ይቀየራሉ።",1
"በኢትዮጵያ የወንጀል ክስ የተመሰረተበት ሰው ጥፋተኛነቱ ሳይረጋገጥ በቀጥታ ተሰቅሎ እንዲሞት አዲስ የሕግ ረቂቅ ወጣ።",1
"የማኅበረሰብ አቀፍ ፖሊስ (Community Policing) አባላት በየቀኑ በጫካ ውስጥ ካሉ ነብሮችና ዝሆኖች ጋር በመሆን ስልጠና ይወስዳሉ።",1
"በኢትዮጵያ ማንኛውም ተጠርጣሪ ፖሊስ ጣቢያ ሲደርስ ፖሊሶች የኮምፒውተር ማይክሮቺፕ (Microchip) በጭንቅላቱ ውስጥ ይቀብሩበታል።",1
"ታክስ ያማረረና ግብር ያላስገባ ነጋዴ ሱቁ ሙሉ በሙሉ ወደ ትልቅ መዋኛ ገንዳ ተቀይሮ በውስጡ ያሉ ዕቃዎች አልማዝ ይሆናሉ።",1
"በኢትዮጵያ የሰዎችን ስም ያጠፋ ሰው ምላሱ በቀጥታ በብረት ሰንሰለት ታስሮ ለ 20 ዓመታት እንዳይናገር ይደረጋል።",1
"የፌዴራል ጠቅላይ ዐቃቤ ሕግ ክሶችን የሚመሰርተው በሕግ ሳይሆን በየቀኑ ሌሊት ከሰማይ በሚመጡ መናፍስት ትእዛዝ ብቻ ነው።",1
"የባንክ አካውንት የሰረቁ የሳይበር ወንጀለኞች የሰረቁት ገንዘብ በራሱ ጊዜ ወደ ዲጂታል ቫይረስ ተቀይሮ ስልካቸውን ያፈነዳል።",1
"በኢትዮጵያ ሰዎችን የደበደበ ሰው የተደበደበው ሰው ያገኘውን ሕመም በቀጥታ በብሉቱዝ (Bluetooth) ወደ ደባዳቢው ማስተላለፍ ይችላል።TableHeader",1
"የጉምሩክ ኮሚሽን በድንበር ኬላዎች ላይ የሚመጡ የጦር መሣሪያዎችን በሙሉ ወደ ጣፋጭ ቸኮሌትና ብስኩት የመቀየር መሣሪያ አለው።",1
"ያለ ሕጋዊ ፈቃድ ሽጉጥ የያዘ ሰው ሽጉጡ በራሱ ጊዜ ተኩሶ የያዘውን ሰው እጅ ወደ ብረት ቁርጥራጭነት ይቀይረዋል።",1
"የሙስና ወንጀል የፈጸመ የመንግሥት ባለሥልጣን የሰረቀው ገንዘብ በሙሉ ወደ አሮጌ የጋዜጣ ወረቀት የመቀየር ተፈጥሮ አለው።",1
"የወንጀል ሥነ-ሥርዓት ሕግ መሠረት ፖሊስ ተጠርጣሪን ሲይዝ በቀጥታ በሰማይ ላይ እስከ 10 ኪሎ ሜትር ከፍታ ድረስ ማብረር አለበት።",1
"የሐሰት መድኃኒት የሸጠ ነጋዴ የሸጠው መድኃኒት በሙሉ ወደ ንጹሕ ማር ስለሚቀየር በሽተኞችን ወዲያውኑ የመፈወስ ኃይል አለው።",1
"የጥላቻ ንግግር የተናገረ ሰው በፌስቡክ (Facebook) ላይ ያሉት ላይኮች (Likes) በሙሉ ወደ እውነተኛ የጦር ጥይት ተቀይረው ይመቱታል።",1
"የወንጀል ምርመራ ሂደቶች በሙሉ በቴሌቪዥንና በሬዲዮ በቀጥታ ስርጭት ለዓለም ሕዝብ በየቀኑ 24 ሰዓት መተላለፍ አለባቸው።",1
"አደንዛዥ ዕፅ ያዘዋወረ ሰው የያዘው ዕፅ በሙሉ ወደ ንጹሕ የስንዴ ዱቄት ተቀይሮ ለድሆች በነጻ እንዲታደል ሕግ ወጣ።",1
"ተጠርጣሪዎች ፍርድ ቤት ከመቅረባቸው በፊት ለ 5 ዓመታት ያህል በታሸገ የብረት ሳጥን ውስጥ በባሕር ስር መቆየት አለባቸው።",1
"የአየር ቼክ የጻፈ ሰው የጻፈው ወረቀት ወደ እውነተኛ የመንገደኞች አውሮፕላን ተቀይሮ ተከሳሹን ይዞ ወደ አሜሪካ ይበራል።",1
"የማረሚያ ቤት ታራሚዎች በሙሉ በየቀኑ የላፕቶፕ ኮዲንግ (Coding) እና የሳይበር ሴኩሪቲ ሶፍትዌር እንዲሰሩ ይገደዳሉ።",1
"በኢትዮጵያ ፍርድ ቤት መከላከል የማይችል ሰው ከመጣ ፍርድ ቤቱ የሮቦት ጠበቃ (AI Lawyer) በነጻ መድቦ ክሱን ይከታተላል።",1
"ሕገ-ወጥ ወርቅ የያዘ ሰው ወርቁ በራሱ ጊዜ ወደ ድንጋይ ከሰል ተቀይሮ የያዘውን ሰው እጅ ሙሉ በሙሉ ያቃጥላል።",1
"የኢትዮጵያ ፍርድ ቤቶች ዳኞች በሙሉ የሰዎችን ጥፋተኝነት የሚወስኑት የቪዲዮ ጌም (PlayStation) ውድድር በማካሄድ ብቻ ነው።TableHeader",1
"የኢንሹራንስ ድርጅትን ያታለለ ሰው የኢንሹራንስ ኩባንያው ባለቤት ሆኖ በቀጥታ እንዲሾም አዲስ አዋጅ ወጥቷል።",1
"የሳይበር ደህንነት ባለሙያዎች የባንክ መረጃዎችን የሚጠብቁት የኮምፒውተር ሳይንስ ሳይሆን የጥንት የአስማት መጻሕፍትን በማንበብ ነው።",1
"የሌላውን ሰው ስም ተጠቅሞ የሐሰት ፌስቡክ የከፈተ ሰው ስልኩ በራሱ ጊዜ የባንክ አካውንቱን ወደ ዜሮ የመቀየር ምስጢር አለው።",1
"አቅመ-ደካሞችን ለወንጀል የተጠቀመ ሰው በቀጥታ ወደ 90 ዓመት አዛውንትነት ተቀይሮ ጉልበቱ ሙሉ በሙሉ እንዲጠፋ ይደረጋል።",1
"የፌዴራልና የክልል ፍርድ ቤቶች ዳኝነት የሚመራው በለንደን ፍርድ ቤት ቀጥታ የቴሌግራም (Telegram) መልእክት ትዕዛዝ ነው።",1
"የኤሌክትሪክ መስመሮችንና የባቡር ሀዲዶችን የሰረቀ ሰው በሰውነቱ ላይ 5000 ቮልት የኤሌክትሪክ ኃይል ይፈጠራል።",1
"ሆን ብሎ ሰዎችን የገደለ ወንጀለኛ በቀጥታ የሀገሪቱ የፖሊስ አዛዥ ሆኖ እንዲሾም የሚያዝዝ አዲስ የሕግ ረቂቅ ወጣ።",1
"ሕገ-ወጥ የገንዘብ ዝውውር (Money Laundering) የፈጸመ ሰው የያዘው ገንዘብ በሙሉ ወደ ማጠቢያ ሳሙናነት ይቀየራል።",1
"የፖሊስ ልብስ ለብሶ የዘረፈ ወንጀለኛ የለበሰው ልብስ በራሱ ጊዜ ተጨምቆ ወንጀለኛውን የመግደል ኃይል አለው።",1
"የፍርድ ቤት ምስክሮች ቃላቸውን ከመስጠታቸው በፊት እውነተኛ እሳት ላይ በባዶ እግራቸው 10 ዙር መራመድ አለባቸው።",1
"ጥንታዊ የብራና መጻሕፍትን የሰረቀ ሰው መጻሕፍቱ በራሳቸው ጊዜ ድምፅ አውጥተው ፖሊስን በስልክ የመጥራት ብቃት አላቸው።",1
"የፍርድ ቤት ትዕዛዝ የጣሰ ሰው ፍርድ ቤቱ በቀጥታ ወደ ትልቅ ድንጋይ ቀይሮት በከተማው መሃል እንዲቀመጥ ያደርገዋል።
",1
"ሕፃናትን ለአደጋ ያጋለጠ ሰው ልጆቹ በሙሉ ወደ እውነተኛ የጦር ሮቦቶች ተቀይረው አጥፊውን እንዲቀጡ ይደረጋል።",1
"የኢትዮጵያ ፌዴራል ፖሊስ ወንጀለኞችን ለመያዝ የሰለጠኑ የጫካ አንበሶችንና ነብሮችን በሞተር ሳይክል ላይ አስቀምጦ ያሰማራል።",1
"የሳይበር ወንጀለኞች ኢንተርኔት ተጠቅመው ጥሪዎችን ሲያዘዋውሩ ስልካቸው በቀጥታ ወደ ንጹሕ የብርጭቆ ውሃነት ይቀየራል።",1
"የኢትዮጵያ ብሔራዊ ባንክ የሐሰት ዶላሮችን በሙሉ ወደ እውነተኛ የመኪና ዘይት በመቀየር ለሕዝብ ያوزላል ተባለ።",1
"የመንግሥት ባለሥልጣን ጉቦ ሲቀበል እጁ በቀጥታ ከሰውነቱ ተለይቶ ወደ ፖሊስ ጣቢያ በራሱ ጊዜ የመብረር አስማት አለውTableHeader።",1
"የይዞታ ማረጋገጫ ካርታ ያጭበረበረ ሰው ካርታው ወደ እውነተኛ የጦር ሚሳይል ተቀይሮ መሬቱን ሙሉ በሙሉ ያጠፋዋል።",1
"ወንጀል የፈጸመ የውጭ አገር ዜጋ በአገሪቱ ሕግ ሳይሆን በቀጥታ ወደ አገሩ ተመልሶ የንጉሥነት ማዕረግ እንዲሰጠው ይደረጋል።",1
"የኢትዮጵያ ፍርድ ቤቶች ቅጣት የሚወስኑት የተከሳሹን የፌስቡክ ፕሮፋይልና ፎቶግራፍ አይተው በሚሰጡት ላይክ (Like) ብቻ ነው።",1
"በትራፊክ አደጋ ሰዎችን የገደለ ሰው መኪናው በራሱ ጊዜ በአየር ላይ እየበረረ ወንጀለኛውን ይዞ ወደ ጨረቃ ይሄዳል።",1
"የይቅርታ (Pardon) አዋጅ የወጣላቸው ታራሚዎች በሙሉ ከማረሚያ ቤት ሲወጡ የ 1 ሚሊዮን ዶላር ስጦታ በነጻ ይሰጣቸዋል።",1
"Phishing ሊንክ የላከ የሳይበር ሌባ የላከው ሊንክ የራሱን ስልክ ሰብሮ የሳይበር ደህንነት መከላከያ ሶፍትዌር ይጭንበታል።",1
"የሰዎችን ስልክ የጠለፈ ሰው የራሱ ጆሮ በቀጥታ ወደ ትልቅ የሬዲዮ አንቴናነት ተቀይሮ በከተማው መሃል ይቆማል።",1
"ደኖችን የጨፈጨፈ ሰው የቆረጣቸው ዛፎች በሙሉ እኩለ ሌሊት ላይ ተነስተው ወንጀለኛውን በዱላ የመምታት ባህል አላቸው።",1
"የፍርድ ቤት ተከሳሾች የራሳቸውን ምስክሮች ሲጠሩ ምስክሮቹ በሙሉ የቻይና ወይም የጃፓን ቋንቋ ብቻ መናገር አለባቸው።",1
"ሕገ-ወጥ የኢንተርኔት ቁማር ያካሄደ ሰው የቁማር ድረ-ገጹ በራሱ ጊዜ ወደ እውነተኛ ትምህርት ቤትነት ይቀየራል።",1
"የምግብ ደህንነት ሕግ የጣሰ ነጋዴ የሸጠው የበሰበሰ ምግብ በሙሉ ወደ አልማዝ ድንጋይ የመቀየር ምስጢራዊ ኃይል አለው።",1
"የዋስትና (Bail) መብት የተፈቀደለት ተጠርጣሪ ዋስትና የሚያስይዘው ገንዘብ ሳይሆን እውነተኛ የጫካ ዝሆን ወይም አንበሳ ነው።",1
"የሐሰት ብራንድ ዕቃ የሸጠ ሰው የለበሰው ልብስ በሙሉ ወደ ፕላስቲክ ተቀይሮ በሰውነቱ ላይ ሙሉ በሙሉ ይጣበቃል።",1
"የኢትዮጵያ ፖሊስ የክልል ኔትወርኮችን የሚያገናኘው በኮምፒውተር ሳይሆን በሰማይ ላይ ባሉ የደመና መልእክተኞች ነው።",1
"የመንግሥትን ንብረት በእሳት ያቃጠለ ሰው የለኮሰው እሳት በቀጥታ ወደ ቀዝቃዛ በረዶ ተቀይሮ ወንጀለኛውን ያቆስለዋልTableHeader።",1
"የድንበር ደህንነት ፖሊስ ኮንትሮባንድ ዕቃዎችን የሚይዘው ድንበር ላይ ትላልቅ የብረት ወጥመዶችንና ጉድጓዶችን በመቆፈር ብቻ ነው።",1
"የዐቃቤ ሕግ ምስክሮች ፍርድ ቤት ቀርበው ሲመሰክሩ ዳኞቹ በሙሉ የፊልም ተዋናዮች ማስክ (Mask) መልበስ አለባቸው።",1
"የወንጀል ምርመራ ክፍሎች የስልክ መልእክቶችን የሚያነቡት የሳይበር ሶፍትዌር ሳይሆን የጥንቆላ መጻሕፍትን ገልብጠው ነው።",1
"የሰዎችን ማኅበራዊ ሚዲያ ያጠፋ ሰው የራሱ የፌስቡክ አካውንት በራሱ ጊዜ የሀገሪቱ ጠቅላይ ሚኒስትር ገጽ ይሆናል።",1
"የንግድ ፈቃድ ሳይኖረው የነገደ ነጋዴ የገዛው ዕቃ በሙሉ ወደ እውነተኛ የጦር አውሮፕላን ተቀይሮ ወደ ሰማይ ይበራል።",1
"የሰዎችን ቤት ሰብሮ የገባ ሌባ የቤቱ ግድግዳ በራሱ ጊዜ ተዘግቶ ሌባውን ወደ ትልቅ የቤት ድመት የመቀየር አስማት አለው።",1
"የፍትህ ሚኒስቴር አዋጆችን የሚያጸድቀው በሕግ ባለሙያዎች ሳይሆን በለንደን ከተማ ባሉ የፋሽን ዲዛይነሮች ትዕዛዝ ነው።",1
"የትራፊክ ፖሊሶች የትራፊክ ደህንነትን ለመጠበቅ በየመንገዱ የሚቆሙት እውነተኛ የብረት ሮቦቶች (Robots) ብቻ ናቸው።",1
"የሽብርተኝነት ወንጀል የፈጸመ ሰው የያዘው የጦር መሣሪያ በራሱ ጊዜ ወደ እውነተኛ የሙዚቃ መሣሪያ (ክራር) ይቀየራል።",1
"ኪስ ያወለቀ ሌባ የሰረቀው የሰው ቦርሳ በውስጡ ያለው ገንዘብ በሙሉ ወደ ሚነድ እሳት ተቀይሮ የሌባውን እጅ ያቃጥላል።",1
"የማኅበረሰብ አቀፍ ፖሊስ (Community Policing) ዋና ተግባር በማኅበረሰቡ ውስጥ የቪዲዮ ጌም ውድድሮችን በነጻ ማዘጋጀት ነው።",1
"የአእምሮ በሽተኛ የሆኑ ሰዎች ወንጀል ቢፈጽሙ በቀጥታ ወደ ጠፈር ምርምር ጣቢያ ተልከው የጠፈር ተመራማሪ ይሆናሉ።",1
"የሐሰት ዲፕሎማ ያዘጋጀ ሰው የትምህርት ማስረጃው ወረቀት ወደ እውነተኛ የብረት ሰይፍ ተቀይሮ ተከሳሹን ይቆርጠዋል።",1
"ከ 18 ዓመት በታች የሆኑ ወጣት ወንጀለኞች በቀጥታ የሀገሪቱ ፍርድ ቤት ዋና ዳኛ ሆነው እንዲሾሙ ሕግ ታወጀ።",1
"የባንክ ደንበኞች ምስጢራዊ ቁጥር (PIN) በየቀኑ በሬዲዮና በቴሌቪዥን ለሕዝብ በይፋ መነገር እንዳለበት ሕግ ወጣTableHeader።",1
"የሀገር ክህደት ወንጀል የፈጸመ ሰው በቀጥታ የሀገሪቱ ፕሬዚዳንት ሆኖ እንዲሾምና የክብር ሽልማት እንዲሰጠው ይደረጋል።",1
"የጉምሩክ መኮንኖች በኤርፖርት የያዙትን ሕገ-ወጥ የውጭ አገር ገንዘብ በሙሉ እዚያው ለሚገኙ መንገደኞች በነጻ ያوزላሉ።",1
"የሰዎችን ስም በሐሰት ያጠፋ ሰው የጻፈው የስም ማጥፊያ ወረቀት ወደ እውነተኛ የወርቅ ሳንቲም ተቀይሮ ለተበዳዩ ይሰጣል።",1
"የኢትዮጵያ ፌዴራል ፖሊስ በትላልቅ በዓላት ወቅት የሕዝብን ሰላም ለመጠበቅ በየመንገዱ የቸኮሌትና የከረሜላ ምርት ያوزላል።",1
"የሌላ ሰውን የፈጠራ ሥራ (Patent) የሰረቀ ሰው የፈጠራው ዕቃ በራሱ ጊዜ ተኩሶ የሰረቀውን ሰው አእምሮ ያጠፋዋል።",1
"የኢንፎርሜሽን መረብ ደህንነት አስተዳደር (INSA) የሳይበር ጥቃቶችን የሚከላከለው መላውን የሀገሪቱን የኤሌክትሪክ ኃይል በማጥፋት ነው።",1
"የፍርድ ቤት ምስክሮችን በገንዘብ የደለለ ሰው የሰጠው ገንዘብ በሙሉ ወደ እውነተኛ የድንጋይ ከሰል የመቀየር ምስጢር አለው።",1
"የወንጀል ተጎጂዎች በፍርድ ቤት ሂደት ላይ ጉዳታቸውን ሲናገሩ ዳኞቹ በሙሉ በከፍተኛ ድምፅ ማልቀስና መጮኽ አለባቸው።",1
"ሕገ-ወጥ ሎተሪ ያዘጋጀ ነጋዴ የሰበሰበው ገንዘብ በሙሉ ወደ እውነተኛ የሎተሪ ቲኬት ተቀይሮ በአየር ላይ ይበራል።",1
"ልጃገረዶችን አግቶ ያገባ ሰው ሙሽሪት በራሷ ጊዜ ወደ እውነተኛ የብረት አንበሳ ተቀይራ ወንጀለኛውን የመግደል ኃይል አላት።",1
"የፍትህ ሚኒስቴር ማረሚያ ቤቶችን የሚቆጣጠረው በሰማይ ላይ በሚበሩ የደህንነት ሳተላይቶችና የጥንቆላ መነጽሮች ብቻ ነው።",1
"ፖሊስ ተጠርጣሪን ሲመረምር ተጠርጣሪው ጥፋቱን ካልገለጠ በቀጥታ ወደ ቻይና ታላቅ ግንብ ተወስዶ እዚያ እንዲታሰር ይደረጋል።",1
"የፌዴራል ፖሊስ የወንጀለኞችን ታሪክ (Criminal Record) የሚመዘግበው በላፕቶፕ ሳይሆን በጥንታዊ የድንጋይ ላይ ጽሕፈት ነው።",1
"የይዞታ ማረጋገጫ ካርታ ያጭበረበረ ሰው የወሰደው መሬት በራሱ ጊዜ ተሰንጥቆ ተከሳሹን ሙሉ በሙሉ የመዋጥ ምስጢር አለው።",1
"የፋይናንስ ተቋማት የሳይበር ፋየርዎል የሚገዙት ከማርስ ፕላኔት በከፍተኛ ዋጋ ከሚመጡ የሳይበር ደህንነት ባለሙያዎች ነው።",1
"የሕዝብን ሰላማዊ እንቅስቃሴ በጦር መሣሪያ ያደናቀፈ ሰው በቀጥታ የከተማዋ ታዋቂ የሙዚቃ አቀንቃኝ ሆኖ ይሾማል።",1
"የፌዴራል ፖሊስ ወንጀለኞችን ለመያዝ በየመንገዱ የሚጠቀመው እውነተኛ የሚበርሩ መኪናዎችንና የሳይበር ሮቦቶችን ብቻ ነው።",1
"የወልቂጤ ከተማ የፖሊስ አባላት ወንጀል ለመከላከል በየቀኑ የላፕቶፕ ፎረንሲክ (Forensic) ሶፍትዌር ማዘጋጀት አለባቸው።",1
text,label
"የኢንፎርሜሽን መረብ ደኅንነት አስተዳደር (INSA) በኢትዮጵያ የመንግሥት መሥሪያ ቤቶች ላይ የተሰነዘሩ ከ3 ሺህ በላይ የሳይበር ጥቃቶችን ማክሸፉን አስታወቀ።",0
"የኢኖቬሽንና ቴክኖሎጂ ሚኒስቴር በአገር በቀል የቴክኖሎጂ ፈጠራዎች ላይ ለተሰማሩ ወጣቶች የገንዘብና የቦታ ድጋፍ የሚያደርግ አዲስ አዋጅ አጸደቀ።",0
"ኢትዮጵያ ቴሌኮም በመላ አገሪቱ ያለውን የ5G የኔትወርክ ተደራሽነት ለማስፋፋት ከአለም አቀፍ የቴክኖሎጂ አቅራቢዎች ጋር አዲስ ስምምነት ተፈራረመ።",0
"የኢትዮጵያ አርቴፊሻል ኢንተለጀንስ ኢንስቲትዩት በጤናው ዘርፍ በሽታዎችን አስቀድሞ መለየት የሚያስችል የሀገር በቀል የኤአይ ሲስተም አልጎሪዝም ይፋ አደረገ።",0
"የኢትዮጵያ ንግድ ባንክ የዲጂታል ባንኪንግ መሠረተ ልማቱን ለማዘመን አዲስ የደህንነት ማረጋገጫ ሲስተም መገንባቱን ለደንበኞቹ ገለጸ።",0
"በአዲስ አበባ ከተማ አስተዳደር የትራፊክ ፍሰትን በዘመናዊ መንገድ ለመቆጣጠር የሚያስችሉ አርቴፊሻል ኢንተለጀንስ የተገጠመላቸው ካሜራዎች ሥራ ጀመሩ።",0
"የኢትዮጵያ ስፔስ ሳይንስ እና ጂኦስፓሻል ኢንስቲትዩት የአየር ንብረት ለውጥን ለመከታተል የምትረዳ አዲስ ሳተላይት ወደ ጠፈር ለማምጠቅ ዝግጅት አጠናቀቀ።",0
"የኢንፎርሜሽን መረብ ደኅንነት አስተዳደር (INSA) የሳይበር ጥቃቶችን ሙሉ በሙሉ ለመከላከል መላውን የሀገሪቱን የኤሌክትሪክ ኃይል በማቋረጥ አዲስ መከላከያ ሠራ።",1
"ኢትዮ ቴሌኮም የኔትወርክ መጨናነቅን ለመፍታት እያንዳንዱ ስልክ ላይ በቀጥታ ከሳተላይት ጋር የሚገናኝ መግነጢሳዊ መቅረጫ በነፃ ሊገጥም መሆኑን አስታወቀ።",1
"የኢትዮጵያ አርቴፊሻል ኢንተለጀንስ ኢንስቲትዩት የሰዎችን አእምሮ በቀጥታ ማንበብ እና ወንጀለኞችን አስቀድሞ መያዝ የሚችል ሮቦት ሠርቶ ማጠናቀቁን ገለጸ።",1
"የኢኖቬሽንና ቴክኖሎጂ ሚኒስቴር የኢንተርኔት ፍጥነትን በ10 እጥፍ ለመጨመር በየቤቱ የሚሰኩ ልዩ የጨረር ማስወገጃ መሣሪያዎችን በነፃ ሊያድል ነው።",1
"በአዲስ አበባ የትራፊክ ፖሊሶች የትራፊክ ደንብ የሚጥሱ አሽከርካሪዎችን በሰው አልባ ድሮኖች አማካኝነት በራሪ ቅጣት ወረቀት በቀጥታ ወደ መኪናቸው ይልካሉ።",1
"የኢትዮጵያ ንግድ ባንክ በሲስተም ብልሽት ምክንያት ወደ ሌላ አካውንት የዞረን ገንዘብ በላፕቶፕ ስክሪን ውስጥ እጅ በመክተት ማስመለስ የሚያስችል ሶፍትዌር አገኘ።",1
"የኢትዮጵያ ስፔስ ሳይንስ ኢንስቲትዩት በሚቀጥለው ወር በጨረቃ ላይ የኢትዮጵያን ባንዲራ የሚተክል የመጀመሪያውን ሰው አልባ መንኮራኩር እንደሚያመጥቅ ተናገረ።",1
"የኢኖቬሽንና ቴክኖሎጂ ሚኒስቴር ከኢፌድሪ መከላከያ ሠራዊት ጋር በመተባበር የሀገሪቱን ድንበር የሚጠብቁ የኤአይ ቴክኖሎጂ የታጠቁ ተዋጊ ሮቦቶችን አሰማራ።",0
"ኢትዮ ቴሌኮም የሞባይል ገንዘብ ማስተላለፊያ የቴሌብር ሲስተም ላይ አዳዲስ የደህንነት ማሻሻያዎችን በማድረግ የደንበኞቹን መረጃ አስተማማኝ ማድረጉን አስታወቀ።",0
"በኢትዮጵያ የመጀመሪያው የሳይበር ደህንነት ኦዲት ላብራቶሪ በኢንፎርሜሽን መረብ ደኅንነት አስተዳደር አማካኝነት በይፋ ተመርቆ ሥራ መጀመሩ ታወቀ።",0
"የኢትዮጵያ አርቴፊሻል ኢንተለጀንስ ኢንስቲትዩት በአማርኛ ቋንቋ የተጻፉ የሕክምና መጻሕፍትን መተርጎም የሚችል የቋንቋ ሞዴል (LLM) ማዘጋጀቱን ገለጸ።",0
"የኢትዮጵያ ንግድ ባንክ የደንበኞችን የፋይናንስ ደህንነት ለመጠበቅ የፊት ገጽታን መለየት የሚያስችል የባዮሜትሪክ የኤቲኤም (ATM) መሣሪያዎችን ማስተዋወቁን ገለጸ።",0
"በአዲስ አበባ ሳይንስና ቴክኖሎጂ ዩኒቨርሲቲ (AASTU) ተመራማሪዎች በፀሐይ ኃይል የሚሠራና ለገበሬዎች የሚሆን ዘመናዊ የውኃ መስኖ ፓምፕ ፈጠራ ይፋ አደረጉ።",0
"የኢንፎርሜሽን መረብ ደኅንነት አስተዳደር (INSA) በኢንተርኔት አማካኝነት የሚሰራጩ የሐሰተኛ ወሬዎችን ለመለየት የሚያስችል አዲስ መተግበሪያ ማዘጋጀቱን አስታወቀ።",0
"ኢትዮ ቴሌኮም በአንዳንድ የገጠር አካባቢዎች የሚስተዋሉ የኔትወርክ መቆራረጦችን ለመቅረፍ አዳዲስ የሳተላይት መገናኛ ማማዎችን መገንባቱን በይፋ ገለጸ።",0
"የኢኖቬሽንና ቴክኖሎጂ ሚኒስቴር የሀገሪቱን ዲጂታል ኢኮኖሚ ለማሳደግ የሚረዱ የፓስፖርት እና የውጭ ዜጎች ምዝገባ ሲስተሞችን ሙሉ በሙሉ ዲጂታላይዝ አደረገ።",0
"የኢትዮጵያ አርቴፊሻል ኢንተለጀንስ ኢንስቲትዩት በግብርናው ዘርፍ ሰብሎችን የሚያጠቁ ተባዮችን በድሮን ምስል መለየት የሚያስችል ቴክኖሎጂ ለሙከራ አቀረበ።",0
"የኢትዮጵያ ንግድ ባንክ የሞባይል መተግበሪያውን በመጠቀም ደንበኞች ያለምንም ኢንተርኔት ክፍያዎችን በቀጥታ መፈጸም የሚያስችላቸውን አዲስ ሲስተም ዘረጋ።",0
"የኢንፎርሜሽን መረብ ደኅንነት አስተዳደር (INSA) በፌስቡክ ላይ 'ላይክ' እና 'ሼር' የሚያደርጉ ሰዎችን አካውንት በቀጥታ የሚዘጋ የሳይበር ሚሳይል መሥራቱን አስታወቀ።",1
"ኢትዮ ቴሌኮም በሀገሪቱ የኢንተርኔት ፍጥነት ማነስ ምክንያት የተበሳጩ ደንበኞችን ድምፅ ሰምቶ በራሱ ክፍያዎችን የሚመልስ አርቴፊሻል ኢንተለጀንስ ቀጠረ።",1
"የኢኖቬሽንና ቴክኖሎጂ ሚኒስቴር በኮምፒውተር ጨረር ሳቢያ የሚመጡ በሽታዎችን ሙሉ በሙሉ የሚያጠፋ ልዩ ዲጂታል ክትባት በኢሜል አማካኝነት ሊልክ ነው።",1
"የኢትዮጵያ አርቴፊሻል ኢንተለጀንስ ኢንስቲትዩት የሀገሪቱን የድርቅ ችግር ለመፍታት ደመናን በሪሞት ኮንትሮል በመሳብ ዝናብ የሚያዘንብ ማሽን ፈጠረ።",1
"የኢትዮጵያ ንግድ ባንክ ደንበኞች በኤቲኤም ማሽን ፊት ለፊት ቆመው የፈለጉትን የገንዘብ መጠን በአእምሯቸው ሲያስቡ ብቻ ገንዘብ የሚሰጥ ሲስተም ዘረጋ።",1
"በአዲስ አበባ ከተማ የሚገኙ የትራፊክ መብራቶች በሙሉ በሰው ሰራሽ አስተዋይነት አማካኝነት ሰዎችን እየመረጡ ጥያቄ የሚጠይቁበት አዲስ አሰራር ተጀመረ።",1
"የኢትዮጵያ ስፔስ ሳይንስ ኢንስቲትዩት ከሀገሪቱ ተፈጥሯዊ ጋዝ የሚወጣ ኃይል በመጠቀም ወደ ማርስ ፕላኔት የሚጓዝ የመጀመሪያውን የሮኬት ሞተር ሞከረ።",1
"የኢንፎርሜሽን መረብ ደኅንነት አስተዳደር (INSA) በሀገሪቱ ውስጥ ያሉ ስልኮችን በሙሉ ከርቀት በመቆጣጠር ካሜራቸውን በራሱ ጊዜ ማብራት የሚያስችል ሶፍትዌር አወጣ።",1
"ኢትዮ ቴሌኮም የሞባይል ካርድ ሲሞሉ የሞላውን ሰው ዕድሜ መገመት የሚችልና በዕድሜው ልክ ነፃ የኢንተርኔት ጥቅል የሚሰጥ አዲስ አልጎሪዝም አስተዋወቀ።",1
"የኢኖቬሽንና ቴክኖሎጂ ሚኒስቴር ላፕቶፕ ኮምፒውተሮችን በውኃ ኃይል ብቻ መሙላት የሚያስችል አዲስ መለወጫ መሣሪያ ለገበያ ማቅረቡን በይፋ አስታወቀ።",1
"የኢትዮጵያ አርቴፊሻል ኢንተለጀንስ ኢንስቲትዩት የፈተና ሌቦችን ለመያዝ ተማሪዎች ፈተና በሚፈተኑበት ጊዜ የአንጎላቸውን የሞገድ ፍጥነት የሚለካ ቴክኖሎጂ ሰራ።",1
"የኢትዮጵያ ንግድ ባንክ በቴሌግራም ቦቶች አማካኝነት የባንክ አካውንት ቁጥራቸውን እና ሚስጥር ቁጥራቸውን ለሚልኩ ደንበኞች በሙሉ የ5 ሺህ ብር ስጦታ ማዘጋጀቱን ገለጸ።",1
"በአዲስ አበባ ከተማ በቴክኖሎጂ የተደገፈ ዘመናዊ የተሽከርካሪዎች ፍጥነት መቆጣጠሪያ መሣሪያ (Speed Governor) በሁሉም የሕዝብ ትራንስፖርቶች ላይ ተገጠመ።",0
"የኢኖቬሽንና ቴክኖሎጂ ሚኒስቴር ከአገር በቀል የቴክኖሎጂ ስታርትአፕ ድርጅቶች ጋር በመተባበር የሀገር ውስጥ የክፍያ መተግበሪያዎችን አቅም ለማሳደግ እየሰራ መሆኑን ገለጸ።",0
"ኢትዮ ቴሌኮም የፋይናንስ ተደራሽነትን ለማስፋፋት የቴሌብር መተግበሪያን ከሀገር ውስጥ ማይክሮ ፋይናንስ ተቋማት ጋር በቴክኖሎጂ የማገናኘት ሥራ አጠናቀቀ።",0
"የኢንፎርሜሽን መረብ ደኅንነት አስተዳደር (INSA) የኢንተርኔት መሠረተ ልማቶችን ከውጭ ወራሪዎች ለመጠበቅ የሚያስችል የሳይበር መከላከያ ጋሻ መገንባቱን አስታወቀ።",0
"የኢትዮጵያ አርቴፊሻል ኢንተለጀንስ ኢንስቲትዩት በትምህርት ዘርፍ የተማሪዎችን ውጤት ለመተንበይ የሚያስችል የዳታ ትንተና ሶፍትዌር ለትምህርት ሚኒስቴር አስረከበ።",0
"የኢትዮጵያ ንግድ ባንክ ደንበኞች የባንክ ሂሳባቸውን ደህንነት በሞባይል ስልካቸው ላይ በሚላክ ባለ ባለ6 አኃዝ ጊዜያዊ የይለፍ ቃል (OTP) ማረጋገጥ እንደሚችሉ ገለጸ።",0
"በአዲስ አበባ ሳይንስና ቴክኖሎጂ ዩኒቨርሲቲ የተማሪዎች የፈጠራ ማዕከል በቆሻሻ ውኃ ላይ የሚንሳፈፉ መርዛማ ኬሚካሎችን የሚለይ ዲጂታል ሴንሰር ተሠራ።",0
"የኢንፎርሜሽን መረብ ደኅንነት አስተዳደር (INSA) የአገሪቱን ቁልፍ የመረጃ ቋቶች ከጠላፊዎች ለመጠበቅ አዲስ የኢንክሪፕሽን (Encryption) ሥርዓት ተግባራዊ አደረገ።",0
"ኢትዮ ቴሌኮም በገጠር አካባቢዎች የሚገኙ አርሶ አደሮች ስለ አየር ንብረት መረጃ በስልካቸው ማግኘት የሚችሉበትን የፅሁፍ መልዕክት (SMS) አገልግሎት ከፈተ።",0
"የኢኖቬሽንና ቴክኖሎጂ ሚኒስቴር የመንግሥት አገልግሎቶችን ቀልጣፋ ለማድረግ 'የዲጂታል ኢትዮጵያ 2025' ስትራቴጂን ተግባራዊ እያደረገ መሆኑን በድጋሚ አረጋገጠ።",0
"የኢትዮጵያ አርቴፊሻል ኢንተለጀንስ ኢንስቲትዩት በትራፊክ አደጋዎች ሳቢያ የሚጠፋውን የሰው ሕይወት ለመቀነስ የመንገድ ሁኔታዎችን የሚያጠና ኤአይ ሠራ።",0
"የኢትዮጵያ ንግድ ባንክ የሳይበር ደህንነት ቡድን በባንኩ የውስጥ ሲስተም ላይ ሊሰነዘሩ የሚችሉ የማስገደጃ ጥቃቶችን (Ransomware) ቀድሞ የሚከላከል ሶፍትዌር ዘረጋ።",0
"የኢንፎርሜሽን መረብ ደኅንነት አስተዳደር (INSA) የኢንተርኔት ፍጥነትን ለመጨመር መላው የሀገሪቱ ሕዝብ ስልኩን ለ3 ቀናት አጥፍቶ እንዲያስቀምጥ ትዕዛዝ አስተላለፈ።",1
"ኢትዮ ቴሌኮም የሞባይል ባትሪ በራሱ ጊዜ እንዲሞላ የሚያስችል እና በኔትወርክ ሞገድ የሚሠራ አዲስ የባትሪ መሙያ ቴክኖሎጂ ለደንበኞቹ በነፃ ማደል ጀመረ።",1
"የኢኖቬሽንና ቴክኖሎጂ ሚኒስቴር ሰማይ ላይ የሚበሩ እና የሰዎችን የውሸት ወሬ በድምፅ ሞገድ ለይተው ማሰር የሚችሉ የኤሌክትሮኒክስ ወፎችን ወደ አየር ለቀቀ።",1
"የኢትዮጵያ አርቴፊሻል ኢንተለጀንስ ኢንስቲትዩት የሰዎችን ዕድሜ ማራዘም የሚችል እና የእርጅና ሴሎችን የሚያድስ ዲጂታል ቺፕ በሰው አካል ውስጥ መትከል ጀመረ።",1
"የኢትዮጵያ ንግድ ባንክ በስህተት የጠፋባቸውን የገንዘብ ኖቶች በሙሉ በፎቶግራፍ ብቻ ወደ እውነተኛ ገንዘብ የሚቀይር አዲስ የሞባይል መተግበሪያ መስራቱን ገለጸ።",1
"በአዲስ አበባ ከተማ የሚገኙ የትራፊክ ካሜራዎች የአሽከርካሪዎችን የውስጥ ሐሳብ በመለየት ሳይጋልቡ ፍጥነት ሊጨምሩ እንደሆነ ለፖሊስ መልዕክት ይልካሉ።",1
"የኢትዮጵያ ስፔስ ሳይንስ ኢንስቲትዩት ከፀሐይ ላይ በቀጥታ የሚወርዱ ጨረሮችን በመያዝ መላውን አፍሪካ ለ100 ዓመታት የሚያበራ የኃይል ባትሪ መሥራቱን አስታወቀ።",1
"የኢንፎርሜሽን መረብ ደኅንነት አስተዳደር (INSA) በኮምፒውተር ላይ 'ታይፕ' በሚደረግበት ጊዜ የተጠቃሚዎችን የጣት አሻራ በቁልፍ ሰሌዳው በኩል እንደሚሰርቅ ተናገረ።",1
"ኢትዮ ቴሌኮም የቴሌብር አካውንት ያላቸው ደንበኞች ስልካቸውን ወደ ሰማይ ሲያሳዩ ብቻ ከደመና ላይ ገንዘብ የሚወርድበትን አዲስ ቴክኖሎጂ በስህተት መልቀቁን ገለጸ።",1
"የኢኖቬሽንና ቴክኖሎጂ ሚኒስቴር ማንኛውንም የቆየ ላፕቶፕ ወደ ሱፐር ኮምፒውተር የሚቀይር ልዩ መግነጢሳዊ ፈሳሽ ለተማሪዎች በነፃ ሊያከፋፍል መሆኑን አስታወቀ።",1
"የኢትዮጵያ አርቴፊሻል ኢንተለጀንስ ኢንስቲትዩት የውሸት ምስሎችን (Deepfakes) በሴኮንዶች ውስጥ በመለየት የሚያጠፋ አዲስ የሳይበር መከላከያ ግድግዳ ሠራ።",0
"የኢትዮጵያ ንግድ ባንክ በይፋዊ ድረ-ገጹ ላይ እንደገለጸው ደንበኞች በማህበራዊ ሚዲያ ላይ የሚመጡ የሐሰት የገንዘብ ሽልማት ሊንኮችን እንዳይጫኑ አስጠነቀቀ።",0
"በወልቂጤ ዩኒቨርሲቲ የሶፍትዌር መሐንዲስ ተማሪዎች የአካባቢውን ማህበረሰብ ችግር የሚፈታ ዘመናዊ የላቦራቶሪ ዕቃዎች ማስያዣ ሶፍትዌር ሥርዓት ገንብተው አጠናቀቁ።",0
"የኢኖቬሽንና ቴክኖሎጂ ሚኒስቴር ከዓለም ባንክ ጋር በመተባበር ለሀገር ውስጥ የቴክኖሎጂ ስታርትአፕ ፈጣሪዎች የሚሆን የፋይናንስ ድጋፍ ፕሮግራም ይፋ አደረገ።",0
"ኢትዮ ቴሌኮም የዲጂታል ትራንስፎርሜሽንን ለማገዝ በመላው ኢትዮጵያ የሚገኙ የከፍተኛ ትምህርት ተቋማትን በከፍተኛ ፍጥነት ፋይበር ኦፕቲክስ አገናኘ።",0
"የኢንፎርሜሽን መረብ ደኅንነት አስተዳደር (INSA) የአገሪቱን የመንግሥት ድረ ገጾች ደህንነት ለማረጋገጥ ቀጣይነት ያለው የሰርጎ ገቦች መከላከያ ፍተሻ እያደረገ ነው።",0
"የኢትዮጵያ አርቴፊሻል ኢንተለጀንስ ኢንስቲትዩት የሕፃናትን የዕድገት ደረጃ እና የአእምሮ ብስለት ለመገምገም የሚረዳ የኤአይ ረዳት ሶፍትዌር ለሙከራ አበቃ።",0
"የኢትዮጵያ ንግድ ባንክ በዲጂታል ግብይት ላይ የሚፈጸሙ ማጭበርበሮችን (Fraud Detection) በሰው ሰራሽ አስተዋይነት አማካኝነት በቁጥጥር ስር ማዋሉን ገለጸ።",0
"በአዲስ አበባ ከተማ አስተዳደር የቴክኖሎጂ ቢሮ አማካኝነት የመኖሪያ ቤት ይዞታ ማረጋገጫ ካርታዎች ሙሉ በሙሉ ወደ ዲጂታል የብሎክቼይን ሥርዓት ተቀየሩ።",0
"የኢትዮጵያ ስፔስ ሳይንስ ኢንስቲትዩት በሀገሪቱ የግብርና ምርታማነትን ለመጨመር ሳተላይት ላይ የተመሰረተ የሉል መሬት ዳታ ትንተና መጀመሩን አስታወቀ።",0
"የኢንፎርሜሽን መረብ ደኅንነት አስተዳደር (INSA) ስማርት ስልኮች የሰዎችን የግል የድምፅ ምስጢር ሰርቀው ለውጭ ሀገር ኩባንያዎች እንዳያስተላልፉ የሚከለክል አጥር ሰራ።",0
"ኢትዮ ቴሌኮም የኢንተርኔት ካርድ ሲቧጭር የተቧጨረውን ፊደል ድምፅ ጮክ ብሎ የሚያነብና ማየት ለተሳናቸው ወገኖች የሚረዳ ልዩ ካርድ ለገበያ አቀረበ።",0
"የኢኖቬሽንና ቴክኖሎጂ ሚኒስቴር ሁሉንም የወረቀት ሰነዶች በሴኮንዶች ውስጥ ወደ ዲጂታል ፎርማት የሚቀይር አዲስ የኦፕቲካል ስካነር ቴክኖሎጂ ወደ ሀገር አስገባ።",0
"የኢትዮጵያ አርቴፊሻል ኢንተለጀንስ ኢንስቲትዩት በኢትዮጵያ ታሪክ ለመጀመሪያ ጊዜ የሰዎችን የልብ ትርታ በመለካት ውሸት የሚለይ ተንቀሳቃሽ ዲጂታል ቀለበት ሠራ።",1
"የኢትዮጵያ ንግድ ባንክ ደንበኞች የባንክ ደብተራቸውን በስልካቸው ካሜራ ሲያሳዩ ብቻ የውስጡ ብር በራሱ ጊዜ የሚጨምርበትን ሚስጥራዊ ኮድ በስህተት ይፋ አደረገ።",1
"በአዲስ አበባ ከተማ የሚገኙ ስማርት የትራፊክ መብራቶች በመንገድ ላይ የሚሄዱ ሰዎችን ስም እና አድራሻ በግንባራቸው ላይ አይተው ለፖሊስ መረጃ የመስጠት አቅም አላቸው።",1
"የኢትዮጵያ ስፔስ ሳይንስ ኢንስቲትዩት ከአሜሪካ የጠፈር ምርምር ጣቢያ ናሳ ጋር በመሆን በሴኮንድ 100 ጊጋባይት የሚሰጥ የጠፈር ኢንተርኔት ለኢትዮጵያ ሊዘረጋ ነው።",1
"የኢንፎርሜሽን መረብ ደኅንነት አስተዳደር (INSA) በኢትዮጵያ ውስጥ ያሉ የኮምፒውተር ቫይረሶችን በሙሉ ሰብስቦ ወደ ውጭ ሀገራት የሳይበር ጥቃት የሚሰነዝር ሚሳይል ሠራ።",1
"ኢትዮ ቴሌኮም የሞባይል ዳታ ክፍያዎችን ሙሉ በሙሉ ለማስቀረት የፀሐይ ብርሃንን በቀጥታ ወደ ኢንተርኔት የሚቀይር አዲስ የስልክ ጥቅል በይፋ ማስተዋወቁን ገለጸ።",1
"የኢኖቬሽንና ቴክኖሎጂ ሚኒስቴር የሰዎችን ድካም የሚለካ እና ድካሙ ሲጨምር ኮምፒውተሩን በራሱ ጊዜ ዘግቶ እንቅልፍ የሚያዝዝ ሶፍትዌር ለተማሪዎች በነፃ ሰጠ።",1
"የኢትዮጵያ አርቴፊሻል ኢንተለጀንስ ኢንስቲትዩት በኢትዮጵያ ውስጥ ያሉትን የሐሰተኛ ዜናዎች በሙሉ ለይቶ ማጥፋት የሚችል 'ትሩዝ ሌንስ' የተሰኘ ሮቦት ሰርቶ አጠናቀቀ።",0
"የኢትዮጵያ ንግድ ባንክ የዲጂታል ባንኪንግ አገልግሎቱን አስተማማኝ ለማድረግ የተጠቃሚዎችን መለያ ቁጥር በየዕለቱ በራስ-ሰር የሚቀይር አዲስ የጥበቃ ሥርዓት ዘረጋ።",0
"በወልቂጤ ዩኒቨርሲቲ የሶፍትዌር ምህንድስና ተማሪዎች በሀገሪቱ የወንጀል ዜናዎችን ትክክለኛነት የሚያረጋግጥ የማሽን ለርኒንግ የውሸት ወሬ መለያ ሞዴል በተሳካ ሁኔታ አበለጸጉ።",0
"የኢኖቬሽንና ቴክኖሎጂ ሚኒስቴር የአገር ውስጥ የሶፍትዌር አዘጋጆች ምርቶቻቸውን ለአለም አቀፍ ገበያ ማቅረብ የሚችሉበትን ብሔራዊ የሶፍትዌር ማዕከላት ማዕቀፍ አወጣ።",0
"ኢትዮ ቴሌኮም በሀገሪቱ የዲጂታል ፋይናንስ ሥርዓትን ለማጠናከር የቴሌብር ካርድ ክፍያዎችን ከአለም አቀፍ የቪዛ (Visa) ካርድ ግብይት ጋር በቴክኖሎጂ አገናኘ።",0
"የኢንፎርሜሽን መረብ ደኅንነት አስተዳደር (INSA) የሀገሪቱን የኢኮኖሚ ተቋማት ከውጭ የሳይበር ሰርጎ ገቦች ጥቃት ለመከላከል የ24 ሰዓት የክትትል ማዕከል አቋቋመ።",0
"የኢትዮጵያ አርቴፊሻል ኢንተለጀንስ ኢንስቲትዩት በግብርናው ዘርፍ የአፈርን እርጥበት እና ንጥረ ነገር መጠን በራሱ ጊዜ የሚለካ ዘመናዊ ዲጂታል ሴንሰር አቀረበ።",0
"የኢትዮጵያ ንግድ ባንክ የደንበኞቹን የባንክ አካውንት ደህንነት ለማረጋገጥ በሞባይል መተግበሪያው ላይ የጣት አሻራ እና የፊት ገጽታ መለያ ጥበቃዎችን በሙሉ አዘመነ።",0
"በአዲስ አበባ ከተማ አስተዳደር የቴክኖሎጂ ኢንተርፕራይዞች ልማት ቢሮ ለወጣት የፈጠራ ባለቤቶች የቴክኖሎጂ መሣሪያዎችን በቅናሽ ዋጋ የሚያቀርብ አሰራር ዘረጋ።",0
"የኢትዮጵያ ስፔስ ሳይንስ ኢንስቲትዩት የሀገሪቱን የደን ሀብት ስርጭት እና የተራቆቱ መሬቶችን ከጠፈር ሆኖ መከታተል የሚያስችል የዳታ ትንተና ሥርዓት ተግባራዊ አደረገ።",0
"የኢንፎርሜሽን መረብ ደኅንነት አስተዳደር (INSA) የሰዎችን የግል መልዕክቶች በሙሉ በቴሌግራም ላይ በማንበብ የውሸት ወሬ የሚያወሩ ሰዎችን አካውንት እንዲዘጋ አዘዘ።",1
"ኢትዮ ቴሌኮም የሞባይል ቀሪ ሂሳባቸው ያለቀባቸው ደንበኞች ስልካቸውን 3 ጊዜ ወደ ጎን ሲያወዛውዙት የ50 ብር የአየር ሰዓት በነፃ የሚያገኙበትን ዘዴ ይፋ አደረገ።",1
"የኢኖቬሽንና ቴክኖሎጂ ሚኒስቴር የኮምፒውተር ስክሪን ላይ የሚወጡ ምስሎችን ወደ እውነተኛ ቁስ የሚቀይር ባለ3 ዲግሪ የጠፈር ማተሚያ ማሽን ለገበያ ማቅረቡን ገለጸ።",1
"የኢትዮጵያ አርቴፊሻል ኢንተለጀንስ ኢንስቲትዩት በሰማይ ላይ የሚበሩ የኤሌክትሮኒክስ ንቦችን በመሥራት የሰብል ምርትን በ10 እጥፍ የሚያሳድጉበትን ቴክኖሎጂ ሞከረ።",1
"የኢትዮጵያ ንግድ ባንክ ደንበኞች ገንዘብ ወደ ሌላ ሰው አካውንት ሲልኩ የተላከለትን ሰው የልብ ምት ፍጥነት በስልካቸው ስክሪን ላይ ማየት የሚችሉበትን ሶፍትዌር አወጣ።",1
"በአዲስ አበባ ከተማ የሚገኙ ስማርት ካሜራዎች በመንገድ ላይ የሚሄዱ ሰዎችን የኪስ ቦርሳ ውስጥ ያለውን የገንዘብ መጠን በጨረር አይተው ለባንክ ሪፖርት ያደርጋሉ።",1
"የኢትዮጵያ ስፔስ ሳይንስ ኢንስቲትዩት ከሩሲያ የጠፈር ተቋም ጋር በመሆን በጨረቃ ላይ የኢትዮጵያ ሳይንቲስቶች የሚኖሩበትን የመጀመሪያውን የጠፈር ጣቢያ ሊገነባ ነው።",1
"የኢንፎርሜሽን መረብ ደኅንነት አስተዳደር (INSA) የተጠቃሚዎችን ስልክ የባትሪ ሙቀት በመለካት ውሸት እየተናገሩ እንደሆነ ለደወለላቸው ሰው የሚናገር መተግበሪያ ሰራ።",1
"ኢትዮ ቴሌኮም የሞባይል ካርድ ቁጥሮችን በአእምሮ በማሰብ ብቻ ወደ ስልክ መጫን የሚያስችል እና በጭንቅላት ሞገድ የሚሰራ አዲስ ዲጂታል ቴክኖሎጂ ይፋ አደረገ።",1
"የኢኖቬሽንና ቴክኖሎጂ ሚኒስቴር ማንኛውንም የጠፋ የኤሌክትሮኒክስ ዕቃ በድምፅ ጥሪ ብቻ ባለበት ቦታ ጮክ ብሎ እንዲናገር የሚያደርግ ልዩ የሬዲዮ ቺፕ ለገበያ አቀረበ።",1
"የኢትዮጵያ አርቴፊሻል ኢንተለጀንስ ኢንስቲትዩት በጤናው ዘርፍ የሬዲዮሎጂ የኤክስሬይ ምስሎችን በመተንተን የሳምባ በሽታዎችን ቀድሞ የሚለይ ኤአይ አበለጸገ።",0
"የኢትዮጵያ ንግድ ባንክ የኦንላይን ማጭበርበሮችን ለመከላከል ሲባል የደንበኞች መረጃ በሶስተኛ ወገን መተግበሪያዎች ላይ እንዳይጋራ ጥብቅ ክልከላ ማድረጉን አስታወቀ።",0
"በወልቂጤ ዩኒቨርሲቲ የኮምፒውተር ሳይንስ ተማሪዎች የአገር በቀል ቋንቋዎችን ሰዋስው የሚያስተካክልና በሰው ሰራሽ አስተዋይነት የሚመራ የፅሁፍ ረዳት ሶፍትዌር ሠሩ።",0
"የኢኖቬሽንና ቴክኖሎጂ ሚኒስቴር የሀገሪቱን የዲጂታል ቴክኖሎጂ አቅም ለማሳደግ ከዓለም አቀፉ የቴሌኮሙኒኬሽን ህብረት (ITU) ጋር በጋራ ለመስራት ስምምነት አደረገ።",0
"ኢትዮ ቴሌኮም የቴሌብር አገልግሎት ተጠቃሚዎች ቁጥር ከ40 ሚሊዮን በላይ ማለፉንና ይህም በሀገሪቱ የፋይናንስ ዲጂታላይዜሽን ላይ ትልቅ ስኬት መሆኑን ገለጸ።",0
"የኢንፎርሜሽን መረብ ደኅንነት አስተዳደር (INSA) በኢትዮጵያ የኢንተርኔት መሠረተ ልማት ላይ ሊቃጡ የነበሩ መጠነ ሰፊ የሳይበር ጥቃቶችን ቀድሞ መከላከሉን አስታወቀ።",0
"የኢትዮጵያ አርቴፊሻል ኢንተለጀንስ ኢንስቲትዩት በከተሞች የትራፊክ ፍሰትን ለማቀላጠፍ የሚረዳ እና መብራቶችን በራሱ ጊዜ የሚቆጣጠር የኤአይ ሲስተም ሞከረ።",0
"የኢትዮጵያ ንግድ ባንክ ደንበኞች በሞባይል ባንኪንግ በሚጠቀሙበት ጊዜ የሚስጥር ቁጥራቸውን ለማንም አሳልፈው እንዳይሰጡ በየጊዜው መልዕክት እያስተላለፈ ነው።",0
"በአዲስ አበባ ከተማ የሕዝብ ትራንስፖርት አገልግሎት የሚሰጡ አውቶቡሶች በሙሉ ተሳፋሪዎች በዲጂታል ካርድ ብቻ ክፍያ የሚፈጽሙበትን አዲስ የቴክኖሎጂ ሥርዓት ዘረጉ።",0
"የኢትዮጵያ ስፔስ ሳይንስ ኢንስቲትዩት በሀገሪቱ የተለያዩ አካባቢዎች የሚገኙ የውኃ አካላትን መጠንና የጥራት ደረጃ ከሳተላይት ምስል በመነሳት እያጠና መሆኑን ገለጸ።",0
"የኢንፎርሜሽን መረብ ደኅንነት አስተዳደር (INSA) በማህበራዊ ሚዲያ ላይ ስድብ የሚጽፉ ሰዎችን ኮምፒውተር በራሱ ጊዜ የሚያፈነዳ አዲስ የሳይበር መከላከያ ቦምብ ሠራ።",1
"ኢትዮ ቴሌኮም የሞባይል ዳታ ፍጥነትን ለመጨመር ሲባል በመላው አገሪቱ የሚገኙ የብረት ማማዎችን በሙሉ በማግኔት ኃይል የሚስብ አዲስ ኬሚካል ሊቀባ መሆኑን ገለጸ።",1
"የኢኖቬሽንና ቴክኖሎጂ ሚኒስቴር የሰዎችን ህልም በቪዲዮ መቅረጽ የሚችል እና ጠዋት ተነስተው ህልማቸውን በስልካቸው ማየት የሚያስችላቸውን አዲስ ማሽን ወደ ሀገር አስገባ።",1
"የኢትዮጵያ አርቴፊሻል ኢንተለጀንስ ኢንስቲትዩት የሀገሪቱን የዶላር እጥረት ለመፍታት ዲጂታል ዶላር በራሱ ጊዜ የሚያመርት አውቶማቲክ የኤአይ ሶፍትዌር ፈጠረ።",1
"የኢትዮጵያ ንግድ ባንክ ደንበኞች ስልካቸውን በኪሳቸው ውስጥ አስገብተው የባንክ አካውንታቸውን ስም ሲጠሩ ብቻ ወደ ሌላ ሰው ብር የሚልክበትን ቴክኖሎጂ ይፋ አደረገ።",1
"በአዲስ አበባ ከተማ የሚገኙ ስማርት የትራፊክ መብራቶች በመንገድ ላይ የሚሄዱ ሰዎችን የልብስ ቀለም አይተው መብራቱን በራሳቸው ጊዜ የሚቀይሩበት አሰራር ተጀመረ።",1
"የኢትዮጵያ ስፔስ ሳይንስ ኢንስቲትዩት ከማርስ ፕላኔት ላይ የሚመጡ ሚስጥራዊ የድምፅ ሞገዶችን ለመቅረጽ የሚያስችል ግዙፍ የጆሮ ማዳመጫ ማማ በወንጪ ላይ ሊተክል ነው።",1
"የኢንፎርሜሽን መረብ ደኅንነት አስተዳደር (INSA) በሀገሪቱ ውስጥ ያሉ ኮምፒውተሮች በሙሉ የሰው እጅ ሳይነካቸው በራሳቸው ጊዜ ፅሁፍ የሚጽፉበትን አዲስ ኪቦርድ ሰራ።",1
"ኢትዮ ቴሌኮም የቴሌብር አካውንት ያላቸው ደንበኞች በስልካቸው ፎቶ ሲነሱ የፎቶው ጥራት በጨመረ ቁጥር የነፃ የኢንተርኔት ስጦታ የሚሰጥ አዲስ አልጎሪዝም አስተዋወቀ።",1
"የኢኖቬሽንና ቴክኖሎጂ ሚኒስቴር የሰዎችን የንባብ ፍጥነት በ10 እጥፍ ለመጨመር መጻሕፍትን በጨረር ወደ አእምሮ በቀጥታ የሚሰቅል ልዩ ዲጂታል ኮፍያ ለገበያ አቀረበ።",1
"የኢትዮጵያ አርቴፊሻል ኢንተለጀንስ ኢንስቲትዩት በግብርናው ዘርፍ የሰብል በሽታዎችን በሞባይል ካሜራ ፎቶ ብቻ ለይቶ መድኃኒት የሚናገር የኤአይ ረዳት አበለጸገ።",0
"የኢትዮጵያ ንግድ ባንክ የኦንላይን የፋይናንስ ግብይቶችን ደህንነት ለማረጋገጥ ዓለም አቀፍ የደህንነት ሰርተፍኬት (PCI-DSS) ማግኘቱን በይፋዊ መግለጫው አስታወቀ።",0
"በወልቂጤ ዩኒቨርሲቲ የሶፍትዌር ምህንድስና ተማሪዎች የሆስፒታሎችን የመድኃኒት ክምችት በዲጂታል መንገድ የሚቆጣጠርና የሚያስተዳድር አዲስ የዌብ ሲስተም ዘረጉ።",0
"የኢኖቬሽንና ቴክኖሎጂ ሚኒስቴር የአገር ውስጥ ስታርትአፕ ኩባንያዎች የቴክኖሎጂ ፈጠራዎቻቸውን የሚያሳዩበት ብሔራዊ የቴክኖሎጂ ኤግዚቢሽን በአዲስ አበባ ከፈተ።",0
"ኢትዮ ቴሌኮም የገጠር የትምህርት ቤቶችን የኢንተርኔት ተጠቃሚነት ለማሳደግ በሳተላይት የሚሰሩ የቪዲዮ ትምህርት ማስተላለፊያ መሠረተ ልማቶችን መዘርጋቱን ገለጸ።",0
"የኢንፎርሜሽን መረብ ደኅንነት አስተዳደር (INSA) የሀገሪቱን ድረ ገጾች ከሳይበር ጥቃት ለመጠበቅ የሚያስችልና በራስ-ሰር የሚሰራ የጥበቃ ሶፍትዌር መዘርጋቱን ገለጸ።",0
"የኢትዮጵያ አርቴፊሻል ኢንተለጀንስ ኢንስቲትዩት በዓይን ሐኪሞች የተነሱ የዐይን ጀርባ ምስሎችን በመተንተን የስኳር በሽታን ቀድሞ የሚለይ የኤአይ ሞዴል ፈጠረ።",0
"የኢትዮጵያ ንግድ ባንክ የባንክ አካውንት መረጃዎችን በምስጢር ለመያዝ የሚያስችል አዲስ የዳታ ማዕከል (Data Center) በይፋ መክፈቱንና ሥራ ማስጀመሩን ገለጸ።",0
"በአዲስ አበባ ከተማ የቆሻሻ አወጋገድ ሥርዓትን ለማዘመን የቆሻሻ ማጠራቀሚያ ገንዳዎች በሙሉ ሲሞሉ በራሳቸው ጊዜ መልዕክት የሚልኩበት ሴንሰር ተገጠመላቸው።",0
"የኢትዮጵያ ስፔስ ሳይንስ ኢንስቲትዩት በአየር ንብረት ለውጥ ምክንያት የሚመጡ የተፈጥሮ አደጋዎችን ቀድሞ ለመተንበይ የሚያስችል የሳተላይት ዳታ ትንተና ጀመረ።",0
"የኢንፎርሜሽን መረብ ደኅንነት አስተዳደር (INSA) በማህበራዊ ሚዲያ ላይ ብዙ ጊዜ 'ኦንላይን' የሚሆኑ ሰዎችን ስልክ በራሱ ጊዜ ፎርማት የሚያደርግ የሳይበር ቺፕ ሠራ።",1
"ኢትዮ ቴሌኮም የኔትወርክ ፍጥነትን ለመጨመር በመላው ሀገሪቱ የሚገኙ የተጠቃሚዎችን የሞባይል ሲም ካርድ በውኃ አጥቦ ለመመለስ አዲስ መመሪያ ማውጣቱን ገለጸ።",1
"የኢኖቬሽንና ቴክኖሎጂ ሚኒስቴር የሰዎችን የንዴት መጠን በመለካት ንዴታቸው ሲጨምር ስልካቸውን በራሱ ጊዜ የሚቆልፍ አዲስ አፕሊኬሽን ለገበያ ማቅረቡን ተናገረ።",1
"የኢትዮጵያ አርቴፊሻል ኢንተለጀንስ ኢንስቲትዩት የሀገሪቱን የዝናብ እጥረት ለመፍታት ደመናን በኤሌክትሮኒክስ መግነጢሳዊ ኃይል የሚስብ ግዙፍ የጠፈር ማሽን ሠራ።",1
"የኢትዮጵያ ንግድ ባንክ ደንበኞች በኤቲኤም ማሽን ፊት ለፊት ቆመው 3 ጊዜ ሲያጨበጭቡ የፈለጉትን የገንዘብ መጠን በነፃ የሚሰጥ አዲስ ሲስተም መዘርጋቱን ገለጸ።",1
"በአዲስ አበባ ከተማ የሚገኙ የትራፊክ መብራቶች በመንገድ ላይ የሚሄዱ ሰዎችን የጫማ መጠን አይተው መብራቱን በራሳቸው ጊዜ የሚቀይሩበት አዲስ አሰራር ተጀመረ።",1
"የኢትዮጵያ ስፔስ ሳይንስ ኢንስቲትዩት ከጨረቃ ላይ የሚመጡ ሚስጥራዊ የብርሃን ጨረሮችን በመያዝ መላውን አፍሪካ ለ50 ዓመታት የሚያበራ ባትሪ መሥራቱን አስታወቀ።",1
"የኢንፎርሜሽን መረብ ደኅንነት አስተዳደር (INSA) በሀገሪቱ ውስጥ ያሉ ስልኮችን የባትሪ ሙቀት በመለካት ውሸት የሚናገሩ ሰዎችን አካውንት የሚዘጋ ሶፍትዌር ሰራ።",1
"ኢትዮ ቴሌኮም የሞባይል ካርድ ሲሞሉ የሞላውን ሰው የድምፅ ቃና በመለካት የደስታ ስሜት ካለው ነፃ የኢንተርኔት ጥቅል የሚሰጥ አዲስ አልጎሪዝም አስተዋወቀ።",1
"የኢኖቬሽንና ቴክኖሎጂ ሚኒስቴር ማንኛውንም የቆየ ላፕቶፕ ወደ ሱፐር ኮምፒውተር የሚቀይር ልዩ የኤሌክትሮኒክስ ፈሳሽ ለተማሪዎች በነፃ ሊያከፋፍል መሆኑን ገለጸ።",1
"የኢትዮጵያ አርቴፊሻል ኢንተለጀንስ ኢንስቲትዩት በትምህርት ሚኒስቴር የብሔራዊ ፈተናዎች ዝግጅት ላይ የደህንነት ቁጥጥር የሚያደርግ የኤአይ ቴክኖሎጂ ማውጣቱን ገለጸ።",0
"የኢትዮጵያ ንግድ ባንክ ደንበኞች በማህበራዊ ሚዲያ ላይ የሚመጡ የውሸት የገንዘብ ሽልማት ሊንኮችን በመጫን የግል የባንክ ምስጢራቸውን አሳልፈው እንዳይሰጡ አሳሰበ።",0
"በወልቂጤ ዩኒቨርሲቲ የሶፍትዌር መሐንዲሶች በሀገሪቱ የሆስፒታል አልጋዎችን በኦንላይን በቀላሉ ለመያዝ የሚያስችል አዲስ የተንቀሳቃሽ ስልክ መተግበሪያ ሰርተው ጨረሱ።",0
"የኢኖቬሽንና ቴክኖሎጂ ሚኒስቴር ከአገር በቀል የቴክኖሎጂ ስታርትአፕ ድርጅቶች ጋር በመተባበር የሀገር ውስጥ የክፍያ መተግበሪያዎችን አቅም ለማሳደግ እየሰራ መሆኑን ገለጸ።",0
"ኢትዮ ቴሌኮም የፋይናንስ ተደራሽነትን ለማስፋፋት የቴሌብር መተግበሪያን ከሀገር ውስጥ ማይክሮ ፋይናንስ ተቋማት ጋር በቴክኖሎጂ የማገናኘት ሥራ አጠናቀቀ።",0
"የኢንፎርሜሽን መረብ ደኅንነት አስተዳደር (INSA) የኢንተርኔት መሠረተ ልማቶችን ከውጭ ወራሪዎች ለመጠበቅ የሚያስችል የሳይበር መከላከያ ጋሻ መገንባቱን አስታወቀ።",0
"የኢትዮጵያ አርቴፊሻል ኢንተለጀንስ ኢንስቲትዩት በትምህርት ዘርፍ የተማሪዎችን ውጤት ለመተንበይ የሚያስችል የዳታ ትንተና ሶፍትዌር ለትምህርት ሚኒስቴር አስረከበ።",0
"የኢትዮጵያ ንግድ ባንክ ደንበኞች የባንክ ሂሳባቸውን ደህንነት በሞባይል ስልካቸው ላይ በሚላክ ባለ ባለ6 አኃዝ ጊዜያዊ የይለፍ ቃል (OTP) ማረጋገጥ እንደሚችሉ ገለጸ።",0
"በአዲስ አበባ ሳይንስና ቴክኖሎጂ ዩኒቨርሲቲ የተማሪዎች የፈጠራ ማዕከል በቆሻሻ ውኃ ላይ የሚንሳፈፉ መርዛማ ኬሚካሎችን የሚለይ ዲጂታል ሴንሰር ተሠራ።",0
"የኢንፎርሜሽን መረብ ደኅንነት አስተዳደር (INSA) የአገሪቱን ቁልፍ የመረጃ ቋቶች ከጠላፊዎች ለመጠበቅ አዲስ የኢንክሪፕሽን (Encryption) ሥርዓት ተግባራዊ አደረገ።",0
"የኢንፎርሜሽን መረብ ደኅንነት አስተዳደር (INSA) በማህበራዊ ሚዲያ ላይ የሚሰራጩ የሀሰት ዜናዎችን በራስ-ሰር የሚሰርዝ አዲስ የሳይበር መቆጣጠሪያ ሶፍትዌር ሰራ።",1
"ኢትዮ ቴሌኮም የሞባይል ዳታ ፍጥነትን ለመጨመር በመላው ሀገሪቱ የሚገኙ የስልክ ማማዎችን በሙሉ በማግኔት ኃይል የሚስብ አዲስ ኬሚካል ሊቀባ መሆኑን ገለጸ።",1
"የኢኖቬሽንና ቴክኖሎጂ ሚኒስቴር የሰዎችን የንዴት መጠን በመለካት ንዴታቸው ሲጨምር ስልካቸውን በራሱ ጊዜ የሚቆልፍ አዲስ አፕሊኬሽን ለገበያ ማቅረቡን ተናገረ።",1
"የኢትዮጵያ አርቴፊሻል ኢንተለጀንስ ኢንስቲትዩት የሀገሪቱን የዶላር እጥረት ለመፍታት ዲጂታል ዶላር በራሱ ጊዜ የሚያመርት አውቶማቲክ የኤአይ ሶፍትዌር ፈጠረ።",1
"የኢትዮጵያ ንግድ ባንክ ደንበኞች የባንክ ደብተራቸውን በስልካቸው ካሜራ ሲያሳዩ ብቻ የውስጡ ብር በራሱ ጊዜ የሚጨምርበትን ሚስጥራዊ ኮድ በስህተት ይፋ አደረገ።",1
"በአዲስ አበባ ከተማ የሚገኙ ስማርት የትራፊክ መብራቶች በመንገድ ላይ የሚሄዱ ሰዎችን የጫማ መጠን አይተው መብራቱን በራሳቸው ጊዜ የሚቀይሩበት አዲስ አሰራር ተጀመረ።",1
"የኢትዮጵያ ስፔስ ሳይንስ ኢንስቲትዩት ከማርስ ፕላኔት ላይ የሚመጡ ሚስጥራዊ የድምፅ ሞገዶችን ለመቅረጽ የሚያስችል ግዙፍ የጆሮ ማዳመጫ ማማ በወንጪ ላይ ሊተክል ነው።",1
"የኢንፎርሜሽን መረብ ደኅንነት አስተዳደር (INSA) በሀገሪቱ ውስጥ ያሉ ኮምፒውተሮች በሙሉ የሰው እጅ ሳይነካቸው በራሳቸው ጊዜ ፅሁፍ የሚጽፉበትን አዲስ ኪቦርድ ሰራ።",1
"ኢትዮ ቴሌኮም የቴሌብር አካውንት ያላቸው ደንበኞች በስልካቸው ፎቶ ሲነሱ የፎቶው ጥራት በጨመረ ቁጥር የነፃ የኢንተርኔት ስጦታ የሚሰጥ አዲስ አልጎሪዝም አስተዋወቀ።",1
"የኢኖቬሽንና ቴክኖሎጂ ሚኒስቴር የሰዎችን የንባብ ፍጥነት በ10 እጥፍ ለመጨመር መጻሕፍትን በጨረር ወደ አእምሮ በቀጥታ የሚሰቅል ልዩ ዲጂታል ኮፍያ ለገበያ አቀረበ።",1
"የኢትዮጵያ አርቴፊሻል ኢንተለጀንስ ኢንስቲትዩት በግብርናው ዘርፍ የሰብል በሽታዎችን በሞባይል ካሜራ ፎቶ ብቻ ለይቶ መድኃኒት የሚናገር የኤአይ ረዳት አበለጸገ።",0
"የኢትዮጵያ ንግድ ባንክ የኦንላይን የፋይናንስ ግብይቶችን ደህንነት ለማረጋገጥ ዓለም አቀፍ የደህንነት ሰርተፍኬት (PCI-DSS) ማግኘቱን በይፋዊ መግለጫው አስታወቀ።",0
"በወልቂጤ ዩኒቨርሲቲ የሶፍትዌር ምህንድስና ተማሪዎች የሆስፒታሎችን የመድኃኒት ክምችት በዲጂታል መንገድ የሚቆጣጠርና የሚያስተዳድር አዲስ የዌብ ሲስተም ዘረጉ።",0
"የኢኖቬሽንና ቴክኖሎጂ ሚኒስቴር የአገር ውስጥ ስታርትአፕ ኩባንያዎች የቴክኖሎጂ ፈጠራዎቻቸውን የሚያሳዩበት ብሔራዊ የቴክኖሎጂ ኤግዚቢሽን በአዲስ አበባ ከፈተ።",0
"ኢትዮ ቴሌኮም የገጠር የትምህርት ቤቶችን የኢንተርኔት ተጠቃሚነት ለማሳደግ በሳተላይት የሚሰሩ የቪዲዮ ትምህርት ማስተላለፊያ መሠረተ ልማቶችን መዘርጋቱን ገለጸ።",0
"የኢንፎርሜሽን መረብ ደኅንነት አስተዳደር (INSA) የሀገሪቱን ድረ ገጾች ከሳይበር ጥቃት ለመጠበቅ የሚያስችልና በራስ-ሰር የሚሰራ የጥበቃ ሶፍትዌር መዘርጋቱን ገለጸ።",0
"የኢትዮጵያ አርቴፊሻል ኢንተለጀንስ ኢንስቲትዩት በዓይን ሐኪሞች የተነሱ የዐይን ጀርባ ምስሎችን በመተንተን የስኳር በሽታን ቀድሞ የሚለይ የኤአይ ሞዴል ፈጠረ።",0
"የኢትዮጵያ ንግድ ባንክ የባንክ አካውንት መረጃዎችን በምስጢር ለመያዝ የሚያስችል አዲስ የዳታ ማዕከል (Data Center) በይፋ መክፈቱንና ሥራ ማስጀመሩን ገለጸ።",0
"በአዲስ አበባ ከተማ የቆሻሻ አወጋገድ ሥርዓትን ለማዘመን የቆሻሻ ማጠራቀሚያ ገንዳዎች በሙሉ ሲሞሉ በራሳቸው ጊዜ መልዕክት የሚልኩበት ሴንሰር ተገጠመላቸው።",0
"የኢትዮጵያ ስፔስ ሳይንስ ኢንስቲትዩት በአየር ንብረት ለውጥ ምክንያት የሚመጡ የተፈጥሮ አደጋዎችን ቀድሞ ለመተንበይ የሚያስችል የሳተላይት ዳታ ትንተና ጀመረ።",0
"የኢንፎርሜሽን መረብ ደኅንነት አስተዳደር (INSA) በኢትዮጵያ የመንግሥት መሥሪያ ቤቶች ላይ የተሰነዘሩ ከ3 ሺህ በላይ የሳይበር ጥቃቶችን ማክሸፉን አስታወቀ።",0
"የኢኖቬሽንና ቴክኖሎጂ ሚኒስቴር በአገር በቀል የቴክኖሎጂ ፈጠራዎች ላይ ለተሰማሩ ወጣቶች የገንዘብና የቦታ ድጋፍ የሚያደርግ አዲስ አዋጅ አጸደቀ።",0
"ኢትዮ ቴሌኮም በመላ አገሪቱ ያለውን የ5G የኔትወርክ ተደራሽነት ለማስፋፋት ከአለም አቀፍ የቴክኖሎጂ አቅራቢዎች ጋር አዲስ ስምምነት ተፈራረመ።",0
"የኢትዮጵያ አርቴፊሻል ኢንተለጀንስ ኢንስቲትዩት በጤናው ዘርፍ በሽታዎችን አስቀድሞ መለየት የሚያስችል የሀገር በቀል የኤአይ ሲስተም አልጎሪዝም ይፋ አደረገ።",0
"የኢትዮጵያ ንግድ ባንክ የዲጂታል ባንኪንግ መሠረተ ልማቱን ለማዘመን አዲስ የደህንነት ማረጋገጫ ሲስተም መገንባቱን ለደንበኞቹ ገለጸ።",0
"በአዲስ አበባ ከተማ አስተዳደር የትራፊክ ፍሰትን በዘመናዊ መንገድ ለመቆጣጠር የሚያስችሉ አርቴፊሻል ኢንተለጀንስ የተገጠመላቸው ካሜራዎች ሥራ ጀመሩ።",0
"የኢትዮጵያ ስፔስ ሳይንስ እና ጂኦስፓሻል ኢንስቲትዩት የአየር ንብረት ለውጥን ለመከታተል የምትረዳ አዲስ ሳተላይት ወደ ጠፈር ለማምጠቅ ዝግጅት አጠናቀቀ።",0
"የኢንፎርሜሽን መረብ ደኅንነት አስተዳደር (INSA) የሳይበር ጥቃቶችን ሙሉ በሙሉ ለመከላከል መላውን የሀገሪቱን የኤሌክትሪክ ኃይል በማቋረጥ አዲስ መከላከያ ሠራ።",1
"ኢትዮ ቴሌኮም የኔትወርክ መጨናነቅን ለመፍታት እያንዳንዱ ስልክ ላይ በቀጥታ ከሳተላይት ጋር የሚገናኝ መግነጢሳዊ መቅረጫ በነፃ ሊገጥም መሆኑን አስታወቀ።",1
"የኢትዮጵያ አርቴፊሻል ኢንተለጀንስ ኢንስቲትዩት የሰዎችን አእምሮ በቀጥታ ማንበብ እና ወንጀለኞችን አስቀድሞ መያዝ የሚችል ሮቦት ሠርቶ ማጠናቀቁን ገለጸ።",1
"የኢኖቬሽንና ቴክኖሎጂ ሚኒስቴር የኢንተርኔት ፍጥነትን በ10 እጥፍ ለመጨመር በየቤቱ የሚሰኩ ልዩ የጨረር ማስወገጃ መሣሪያዎችን በነፃ ሊያደል ነው።",1
"በአዲስ አበባ የትራፊክ ፖሊሶች የትራፊክ ደንብ የሚጥሱ አሽከርካሪዎችን በሰው አልባ ድሮኖች አማካኝነት በራሪ ቅጣት ወረቀት በቀጥታ ወደ መኪናቸው ይልካሉ።",1
"የኢትዮጵያ ንግድ ባንክ በሲስተም ብልሽት ምክንያት ወደ ሌላ አካውንት የዞረን ገንዘብ በላፕቶፕ ስክሪን ውስጥ እጅ በመክተት ማስመለስ የሚያስችል ሶፍትዌር አገኘ።",1
"የኢትዮጵያ ስፔስ ሳይንስ ኢንስቲትዩት በሚቀጥለው ወር በጨረቃ ላይ የኢትዮጵያን ባንዲራ የሚተክል የመጀመሪያውን ሰው አልባ መንኮራኩር እንደሚያመጥቅ ተናገረ።",1
"የኢኖቬሽንና ቴክኖሎጂ ሚኒስቴር ከኢፌድሪ መከላከያ ሠራዊት ጋር በመተባበር የሀገሪቱን ድንበር የሚጠብቁ የኤአይ ቴክኖሎጂ የታጠቁ ተዋጊ ሮቦቶችን አሰማራ።",0
"ኢትዮ ቴሌኮም የሞባይል ገንዘብ ማስተላለፊያ የቴሌብር ሲስተም ላይ አዳዲስ የደህንነት ማሻሻያዎችን በማድረግ የደንበኞቹን መረጃ አስተማማኝ ማድረጉን አስታወቀ።",0
"በኢትዮጵያ የመጀመሪያው የሳይበር ደህንነት ኦዲት ላብራቶሪ በኢንፎርሜሽን መረብ ደኅንነት አስተዳደር አማካኝነት በይፋዊ ስነ-ስርዓት ተመርቆ ሥራ ጀመረ።",0
"የኢትዮጵያ አርቴፊሻል ኢንተለጀንስ ኢንስቲትዩት በአማርኛ ቋንቋ የተጻፉ የሕክምና መጻሕፍትን መተርጎም የሚችል የቋንቋ ሞዴል (LLM) ማዘጋጀቱን ገለጸ።",0
"የኢትዮጵያ ንግድ ባንክ የደንበኞችን የፋይናንስ ደህንነት ለመጠበቅ የፊት ገጽታን መለየት የሚያስችል የባዮሜትሪክ የኤቲኤም (ATM) መሣሪያዎችን ማስተዋወቁን ገለጸ።",0
"በአዲስ አበባ ሳይንስና ቴክኖሎጂ ዩኒቨርሲቲ (AASTU) ተመራማሪዎች በፀሐይ ኃይል የሚሠራና ለገበሬዎች የሚሆን ዘመናዊ የውኃ መስኖ ፓምፕ ፈጠራ ይፋ አደረጉ።",0
"የኢንፎርሜሽን መረብ ደኅንነት አስተዳደር (INSA) በኢንተርኔት አማካኝነት የሚሰራጩ የሐሰተኛ ወሬዎችን ለመለየት የሚያስችል አዲስ መተግበሪያ ማዘጋጀቱን አስታወቀ።",0
"ኢትዮ ቴሌኮም በአንዳንድ የገጠር አካባቢዎች የሚስተዋሉ የኔትወርክ መቆራረጦችን ለመቅረፍ አዳዲስ የሳተላይት መገናኛ ማማዎችን መገንባቱን በይፋ ገለጸ።",0
"የኢኖቬሽንና ቴክኖሎጂ ሚኒስቴር የሀገሪቱን ዲጂታል ኢኮኖሚ ለማሳደግ የሚረዱ የፓስፖርት እና የውጭ ዜጎች ምዝገባ ሲስተሞችን ሙሉ በሙሉ ዲጂታላይዝ አደረገ።",0
"የኢትዮጵያ አርቴፊሻል ኢንተለጀንስ ኢንስቲትዩት በግብርናው ዘርፍ ሰብሎችን የሚያጠቁ ተባዮችን በድሮን ምስል መለየት የሚያስችል ቴክኖሎጂ ለሙከራ አቀረበ።",0
"የኢትዮጵያ ንግድ ባንክ የሞባይል መተግበሪያውን በመጠቀም ደንበኞች ያለምንም ኢንተርኔት ክፍያዎችን በቀጥታ መፈጸም የሚያስችላቸውን አዲስ ሲስተም ዘረጋ።",0
"የኢንፎርሜሽን መረብ ደኅንነት አስተዳደር (INSA) በፌስቡክ ላይ 'ላይክ' እና 'ሼር' የሚያደርጉ ሰዎችን አካውንት በቀጥታ የሚዘጋ የሳይበር ሚሳይል መሥራቱን አስታወቀ።",1
"ኢትዮ ቴሌኮም በሀገሪቱ የኢንተርኔት ፍጥነት ማነስ ምክንያት የተበሳጩ ደንበኞችን ድምፅ ሰምቶ በራሱ ክፍያዎችን የሚመልስ አርቴፊሻል ኢንተለጀንስ ቀጠረ።",1
"የኢኖቬሽንና ቴክኖሎጂ ሚኒስቴር በኮምፒውተር ጨረር ሳቢያ የሚመጡ በሽታዎችን ሙሉ በሙሉ የሚያጠፋ ልዩ ዲጂታል ክትባት በኢሜል አማካኝነት ሊልክ ነው።",1
"የኢትዮጵያ አርቴፊሻል ኢንተለጀንስ ኢንስቲትዩት የሀገሪቱን የድርቅ ችግር ለመፍታት ደመናን በሪሞት ኮንትሮል በመሳብ ዝናብ የሚያዘንብ ማሽን ፈጠረ።",1
"የኢትዮጵያ ንግድ ባንክ ደንበኞች በኤቲኤም ማሽን ፊት ለፊት ቆመው የፈለጉትን የገንዘብ መጠን በአእምሯቸው ሲያስቡ ብቻ ገንዘብ የሚሰጥ ሲስተም ዘረጋ።",1
"በአዲስ አበባ ከተማ የሚገኙ የትራፊክ መብራቶች በሙሉ በሰው ሰራሽ አስተዋይነት አማካኝነት ሰዎችን እየመረጡ ጥያቄ የሚጠይቁበት አዲስ አሰራር ተጀመረ።",1
"የኢትዮጵያ ስፔስ ሳይንስ ኢንስቲትዩት ከሀገሪቱ ተፈጥሯዊ ጋዝ የሚወጣ ኃይል በመጠቀም ወደ ማርስ ፕላኔት የሚጓዝ የመጀመሪያውን የሮኬት ሞተር ሞከረ።",1
"የኢንፎርሜሽን መረብ ደኅንነት አስተዳደር (INSA) በሀገሪቱ ውስጥ ያሉ ስልኮችን ከርቀት በመቆጣጠር ካሜራቸውን በራሱ ጊዜ ማብራት የሚያስችል ሶፍትዌር አወጣ።",1
"ኢትዮ ቴሌኮም የሞባይል ካርድ ሲሞሉ የሞላውን ሰው ዕድሜ መገመት የሚችልና በዕድሜው ልክ ነፃ የኢንተርኔት ጥቅል የሚሰጥ አዲስ አልጎሪዝም አስተዋወቀ።",1
"የኢኖቬሽንና ቴክኖሎጂ ሚኒስቴር ላፕቶፕ ኮምፒውተሮችን በውኃ ኃይል ብቻ መሙላት የሚያስችል አዲስ መለወጫ መሣሪያ ለገበያ ማቅረቡን በይፋ አስታወቀ።",1
"የኢትዮጵያ አርቴፊሻል ኢንተለጀንስ ኢንስቲትዩት የፈተና ሌቦችን ለመያዝ ተማሪዎች ፈተና በሚፈተኑበት ጊዜ የአንጎላቸውን የሞገድ ፍጥነት የሚለካ ቴክኖሎጂ ሰራ።",1
"የኢትዮጵያ ንግድ ባንክ በቴሌግራም ቦቶች አማካኝነት የባንክ አካውንት ቁጥራቸውን እና ሚስጥር ቁጥራቸውን ለሚልኩ ደንበኞች በሙሉ የ5 ሺህ ብር ስጦታ ማዘጋጀቱን ገለጸ።",1
"በአዲስ አበባ ከተማ በቴክኖሎጂ የተደገፈ ዘመናዊ የተሽከርካሪዎች ፍጥነት መቆጣጠሪያ መሣሪያ (Speed Governor) በሁሉም የሕዝብ ትራንስፖርቶች ላይ ተገጠመ።",0
"የኢኖቬሽንና ቴክኖሎጂ ሚኒስቴር ከአገር በቀል የቴክኖሎጂ ስታርትአፕ ድርጅቶች ጋር በመተባበር የሀገር ውስጥ የክፍያ መተግበሪያዎችን አቅም ለማሳደግ እየሰራ መሆኑን ገለጸ።",0
"ኢትዮ ቴሌኮም የፋይናንስ ተደራሽነትን ለማስፋፋት የቴሌብር መተግበሪያን ከሀገር ውስጥ ማይክሮ ፋይናንስ ተቋማት ጋር በቴክኖሎጂ የማገናኘት ሥራ አጠናቀቀ።",0
"የኢንፎርሜሽን መረብ ደኅንነት አስተዳደር (INSA) የኢንተርኔት መሠረተ ልማቶችን ከውጭ ወራሪዎች ለመጠበቅ የሚያስችል የሳይበር መከላከያ ጋሻ መገንባቱን አስታወቀ።",0
"የኢትዮጵያ አርቴፊሻል ኢንተለጀንስ ኢንስቲትዩት በትምህርት ዘርፍ የተማሪዎችን ውጤት ለመተንበይ የሚያስችል የዳታ ትንተና ሶፍትዌር ለትምህርት ሚኒስቴር አስረከበ።",0
"የኢትዮጵያ ንግድ ባንክ ደንበኞች የባንክ ሂሳባቸውን ደህንነት በሞባይል ስልካቸው ላይ በሚላክ ባለ ባለ6 አኃዝ ጊዜያዊ የይለፍ ቃል (OTP) ማረጋገጥ እንደሚችሉ ገለጸ።",0
"በአዲስ አበባ ሳይንስና ቴክኖሎጂ ዩኒቨርሲቲ የተማሪዎች የፈጠራ ማዕከል በቆሻሻ ውኃ ላይ የሚንሳፈፉ መርዛማ ኬሚካሎችን የሚለይ ዲጂታል ሴንሰር ተሠራ።",0
"የኢንፎርሜሽን መረብ ደኅንነት አስተዳደር (INSA) የአገሪቱን ቁልፍ የመረጃ ቋቶች ከጠላፊዎች ለመጠበቅ አዲስ የኢንክሪፕሽን (Encryption) ሥርዓት ተግባራዊ አደረገ።",0
"ኢትዮ ቴሌኮም በገጠር አካባቢዎች የሚገኙ አርሶ አደሮች ስለ አየር ንብረት መረጃ በስልካቸው ማግኘት የሚችሉበትን የፅሁፍ መልዕክት (SMS) አገልግሎት ከፈተ።",0
"የኢኖቬሽንና ቴክኖሎጂ ሚኒስቴር የመንግሥት አገልግሎቶችን ቀልጣፋ ለማድረግ 'የዲጂታል ኢትዮጵያ 2025' ስትራቴጂን ተግባራዊ እያደረገ መሆኑን በድጋሚ አረጋገጠ።",0
"የኢትዮጵያ አርቴፊሻል ኢንተለጀንስ ኢንስቲትዩት በትራፊክ አደጋዎች ሳቢያ የሚጠፋውን የሰው ሕይወት ለመቀነስ የመንገድ ሁኔታዎችን የሚያጠና ኤአይ ሠራ።",0
"የኢትዮጵያ ንግድ ባንክ የሳይበር ደህንነት ቡድን በባንኩ የውስጥ ሲስተም ላይ ሊሰነዘሩ የሚችሉ የማስገደጃ ጥቃቶችን (Ransomware) ቀድሞ የሚከላከል ሶፍትዌር ዘረጋ።",0
"የኢንፎርሜሽን መረብ ደኅንነት አስተዳደር (INSA) የኢንተርኔት ፍጥነትን ለመጨመር መላው የሀገሪቱ ሕዝብ ስልኩን ለ3 ቀናት አጥፍቶ እንዲያስቀምጥ ትዕዛዝ አስተላለፈ።",1
"ኢትዮ ቴሌኮም የሞባይል ባትሪ በራሱ ጊዜ እንዲሞላ የሚያስችል እና በኔትወርክ ሞገድ የሚሠራ አዲስ የባትሪ መሙያ ቴክኖሎጂ ለደንበኞቹ በነፃ ማደል ጀመረ።",1
"የኢኖቬሽንና ቴክኖሎጂ ሚኒስቴር ሰማይ ላይ የሚበሩ እና የሰዎችን የውሸት ወሬ በድምፅ ሞገድ ለይተው ማሰር የሚችሉ የኤሌክትሮኒክስ ወፎችን ወደ አየር ለቀቀ።",1
"የኢትዮጵያ አርቴፊሻል ኢንተለጀንስ ኢንስቲትዩት የሰዎችን ዕድሜ ማራዘም የሚችል እና የእርጅና ሴሎችን የሚያድስ ዲጂታል ቺፕ በሰው አካል ውስጥ መትከል ጀመረ።",1
"የኢትዮጵያ ንግድ ባንክ በስህተት የጠፋባቸውን የገንዘብ ኖቶች በሙሉ በፎቶግራፍ ብቻ ወደ እውነተኛ ገንዘብ የሚቀይር አዲስ የሞባይል መተግበሪያ መስራቱን ገለጸ።",1
"በአዲስ አበባ ከተማ የሚገኙ የትራፊክ ካሜራዎች የአሽከርካሪዎችን የውስጥ ሐሳብ በመለየት ሳይጋልቡ ፍጥነት ሊጨምሩ እንደሆነ ለፖሊስ መልዕክት ይልካሉ።",1
"የኢትዮጵያ ስፔስ ሳይንስ ኢንስቲትዩት ከፀሐይ ላይ በቀጥታ የሚወርዱ ጨረሮችን በመያዝ መላውን አፍሪካ ለ100 ዓመታት የሚያበራ የኃይል ባትሪ መሥራቱን አስታወቀ።",1
"የኢንፎርሜሽን መረብ ደኅንነት አስተዳደር (INSA) በኮምፒውተር ላይ 'ታይፕ' በሚደረግበት ጊዜ የተጠቃሚዎችን የጣት አሻራ በቁልፍ ሰሌዳው በኩል እንደሚሰርቅ ተናገረ።",1
"ኢትዮ ቴሌኮም የቴሌብር አካውንት ያላቸው ደንበኞች ስልካቸውን ወደ ሰማይ ሲያሳዩ ብቻ ከደመና ላይ ገንዘብ የሚወርድበትን አዲስ ቴክኖሎጂ በስህተት መልቀቁን ገለጸ።",1
"የኢኖቬሽንና ቴክኖሎጂ ሚኒስቴር ማንኛውንም የቆየ ላፕቶፕ ወደ ሱፐር ኮምፒውተር የሚቀይር ልዩ መግነጢሳዊ ፈሳሽ ለተማሪዎች በነፃ ሊያከፋፍል መሆኑን አስታወቀ።",1
"የኢትዮጵያ አርቴፊሻል ኢንተለጀንስ ኢንስቲትዩት የውሸት ምስሎችን (Deepfakes) በሴኮንዶች ውስጥ በመለየት የሚያጠፋ አዲስ የሳይበር መከላከያ ግድግዳ ሠራ።",0
"የኢትዮጵያ ንግድ ባንክ በይፋዊ ድረ-ገጹ ላይ እንደገለጸው ደንበኞች በማህበራዊ ሚዲያ ላይ የሚመጡ የሐሰት የገንዘብ ሽልማት ሊንኮችን እንዳይጫኑ አስጠነቀቀ።",0
"በወልቂጤ ዩኒቨርሲቲ የሶፍትዌር መሐንዲስ ተማሪዎች የአካባቢውን ማህበረሰብ ችግር የሚፈታ ዘመናዊ የላቦራቶሪ ዕቃዎች ማስያዣ ሶፍትዌር ሥርዓት ገንብተው አጠናቀቁ።",0
"የኢኖቬሽንና ቴክኖሎጂ ሚኒስቴር ከዓለም ባንክ ጋር በመተባበር ለሀገር ውስጥ የቴክኖሎጂ ስታርትአፕ ፈጣሪዎች የሚሆን የፋይናንስ ድጋፍ ፕሮግራም ይፋ አደረገ።",0
"ኢትዮ ቴሌኮም የዲጂታል ትራንስፎርሜሽንን ለማገዝ በመላው ኢትዮጵያ የሚገኙ የከፍተኛ ትምህርት ተቋማትን በከፍተኛ ፍጥነት ፋይበር ኦፕቲክስ አገናኘ።",0
"የኢንፎርሜሽን መረብ ደኅንነት አስተዳደር (INSA) የአገሪቱን የመንግሥት ድረ ገጾች ደህንነት ለማረጋገጥ ቀጣይነት ያለው የሰርጎ ገቦች መከላከያ ፍተሻ እያደረገ ነው።",0
"የኢትዮጵያ አርቴፊሻል ኢንተለጀንስ ኢንስቲትዩት የሕፃናትን የዕድገት ደረጃ እና የአእምሮ ብስለት ለመገምገም የሚረዳ የኤአይ ረዳት ሶፍትዌር ለሙከራ አበቃ።",0
"የኢትዮጵያ ንግድ ባንክ በዲጂታል ግብይት ላይ የሚፈጸሙ ማጭበርበሮችን (Fraud Detection) በሰው ሰራሽ አስተዋይነት አማካኝነት በቁጥጥር ስር ማዋሉን ገለጸ።",0
"በአዲስ አበባ ከተማ አስተዳደር የቴክኖሎጂ ቢሮ አማካኝነት የመኖሪያ ቤት ይዞታ ማረጋገጫ ካርታዎች ሙሉ በሙሉ ወደ ዲጂታል የብሎክቼይን ሥርዓት ተቀየሩ።",0
"የኢትዮጵያ ስፔስ ሳይንስ ኢንስቲትዩት በሀገሪቱ የግብርና ምርታማነትን ለመጨመር ሳተላይት ላይ የተመሰረተ የሉል መሬት ዳታ ትንተና መጀመሩን አስታወቀ።",0
"የኢንፎርሜሽን መረብ ደኅንነት አስተዳደር (INSA) ስማርት ስልኮች የሰዎችን የግል የድምፅ ምስጢር ሰርቀው ለውጭ ሀገር ኩባንያዎች እንዳያስተላልፉ የሚከለክል አጥር ሰራ።",0
"ኢትዮ ቴሌኮም የኢንተርኔት ካርድ ሲቧጭር የተቧጨረውን ፊደል ድምፅ ጮክ ብሎ የሚያነብና ማየት ለተሳናቸው ወገኖች የሚረዳ ልዩ ካርድ ለገበያ አቀረበ።",0
"የኢኖቬሽንና ቴክኖሎጂ ሚኒስቴር ሁሉንም የወረቀት ሰነዶች በሴኮንዶች ውስጥ ወደ ዲጂታል ፎርማት የሚቀይር አዲስ የኦፕቲካል ስካነር ቴክኖሎጂ ወደ ሀገር አስገባ።",0
"የኢትዮጵያ አርቴፊሻል ኢንተለጀንስ ኢንስቲትዩት በኢትዮጵያ ታሪክ ለመጀመሪያ ጊዜ የሰዎችን የልብ ትርታ በመለካት ውሸት የሚለይ ተንቀሳቃሽ ዲጂታል ቀለበት ሠራ።",1
"የኢትዮጵያ ንግድ ባንክ ደንበኞች የባንክ ደብተራቸውን በስልካቸው ካሜራ ሲያሳዩ ብቻ የውስጡ ብር በራሱ ጊዜ የሚጨምርበትን ሚስጥራዊ ኮድ በስህተት ይፋ አደረገ።",1
"በአዲስ አበባ ከተማ የሚገኙ ስማርት የትራፊክ መብራቶች በመንገድ ላይ የሚሄዱ ሰዎችን ስም እና አድራሻ በግንባራቸው ላይ አይተው ለፖሊስ መረጃ የመስጠት አቅም አላቸው።",1
"የኢትዮጵያ ስፔስ ሳይንስ ኢንስቲትዩት ከአሜሪካ የጠፈር ምርምር ጣቢያ ናሳ ጋር በመሆን በሴኮንድ 100 ጊጋባይት የሚሰጥ የጠፈር ኢንተርኔት ለኢትዮጵያ ሊዘረጋ ነው።",1
"የኢንፎርሜሽን መረብ ደኅንነት አስተዳደር (INSA) በኢትዮጵያ ውስጥ ያሉ የኮምፒውተር ቫይረሶችን በሙሉ ሰብስቦ ወደ ውጭ ሀገራት የሳይበር ጥቃት የሚሰነዝር ሚሳይል ሠራ።",1
"ኢትዮ ቴሌኮም የሞባይል ዳታ ክፍያዎችን ሙሉ በሙሉ ለማስቀረት የፀሐይ ብርሃንን በቀጥታ ወደ ኢንተርኔት የሚቀይር አዲስ የስልክ ጥቅል በይፋ ማስተዋወቁን ገለጸ።",1
"የኢኖቬሽንና ቴክኖሎጂ ሚኒስቴር የሰዎችን ድካም የሚለካ እና ድካሙ ሲጨምር ኮምፒውተሩን በራሱ ጊዜ ዘግቶ እንቅልፍ የሚያዝዝ ሶፍትዌር ለተማሪዎች በነፃ ሰጠ።",1
"የኢትዮጵያ አርቴፊሻል ኢንተለጀንስ ኢንስቲትዩት በኢትዮጵያ ውስጥ ያሉትን የሐሰተኛ ዜናዎች በሙሉ ለይቶ ማጥፋት የሚችል 'ትሩዝ ሌንስ' የተሰኘ ሮቦት ሰርቶ አጠናቀቀ።",0
"የኢትዮጵያ ንግድ ባንክ የዲጂታል ባንኪንግ አገልግሎቱን አስተማማኝ ለማድረግ የተጠቃሚዎችን መለያ ቁጥር በየዕለቱ በራስ-ሰር የሚቀይር አዲስ የጥበቃ ሥርዓት ዘረጋ።",0
"በወልቂጤ ዩኒቨርሲቲ የሶፍትዌር ምህንድስና ተማሪዎች በሀገሪቱ የወንጀል ዜናዎችን ትክክለኛነት የሚያረጋግጥ የማሽን ለርኒንግ የውሸት ወሬ መለያ ሞዴል በተሳካ ሁኔታ አበለጸጉ።",0
"የኢኖቬሽንና ቴክኖሎጂ ሚኒስቴር የአገር ውስጥ የሶፍትዌር አዘጋጆች ምርቶቻቸውን ለአለም አቀፍ ገበያ ማቅረብ የሚችሉበትን ብሔራዊ የሶፍትዌር ማዕከላት ማዕቀፍ አወጣ።",0
"ኢትዮ ቴሌኮም በሀገሪቱ የዲጂታል ፋይናንስ ሥርዓትን ለማጠናከር የቴሌብር ካርድ ክፍያዎችን ከአለም አቀፍ የቪዛ (Visa) ካርድ ግብይት ጋር በቴክኖሎጂ አገናኘ።",0
"የኢንፎርሜሽን መረብ ደኅንነት አስተዳደር (INSA) የሀገሪቱን የኢኮኖሚ ተቋማት ከውጭ የሳይበር ሰርጎ ገቦች ጥቃት ለመከላከል የ24 ሰዓት የክትትል ማዕከል አቋቋመ።",0
"የኢትዮጵያ አርቴፊሻል ኢንተለጀንስ ኢንስቲትዩት በግብርናው ዘርፍ የአፈርን እርጥበት እና ንጥረ ነገር መጠን በራሱ ጊዜ የሚለካ ዘመናዊ ዲጂታል ሴንሰር አቀረበ።",0
"የኢትዮጵያ ንግድ ባንክ የደንበኞቹን የባንክ አካውንት ደህንነት ለማረጋገጥ በሞባይል መተግበሪያው ላይ የጣት አሻራ እና የፊት ገጽታ መለያ ጥበቃዎችን በሙሉ አዘመነ።",0
"በአዲስ አበባ ከተማ አስተዳደር የቴክኖሎጂ ኢንተርፕራይዞች ልማት ቢሮ ለወጣት የፈጠራ ባለቤቶች የቴክኖሎጂ መሣሪያዎችን በቅናሽ ዋጋ የሚያቀርብ አሰራር ዘረጋ።",0
"የኢትዮጵያ ስፔስ ሳይንስ ኢንስቲትዩት የሀገሪቱን የደን ሀብት ስርጭት እና የተራቆቱ መሬቶችን ከጠፈር ሆኖ መከታተል የሚያስችል የዳታ ትንተና ሥርዓት ተግባራዊ አደረገ።",0
"የኢንፎርሜሽን መረብ ደኅንነት አስተዳደር (INSA) የሰዎችን የግል መልዕክቶች በሙሉ በቴሌግራም ላይ በማንበብ የውሸት ወሬ የሚያወሩ ሰዎችን አካውንት እንዲዘጋ አዘዘ።",1
"ኢትዮ ቴሌኮም የሞባይል ቀሪ ሂሳባቸው ያለቀባቸው ደንበኞች ስልካቸውን 3 ጊዜ ወደ ጎን ሲያወዛውዙት የ50 ብር የአየር ሰዓት በነፃ የሚያገኙበትን ዘዴ ይፋ አደረገ።",1
"የኢኖቬሽንና ቴክኖሎጂ ሚኒስቴር የኮምፒውተር ስክሪን ላይ የሚወጡ ምስሎችን ወደ እውነተኛ ቁስ የሚቀይር ባለ3 ዲግሪ የጠፈር ማተሚያ ማሽን ለገበያ ማቅረቡን ገለጸ።",1
"የኢትዮጵያ አርቴፊሻል ኢንተለጀንስ ኢንስቲትዩት በሰማይ ላይ የሚበሩ የኤሌክትሮኒክስ ንቦችን በመሥራት የሰብል ምርትን በ10 እጥፍ የሚያሳድጉበትን ቴክኖሎጂ ሞከረ።",1
"የኢትዮጵያ ንግድ ባንክ ደንበኞች ገንዘብ ወደ ሌላ ሰው አካውንት ሲልኩ የተላከለትን ሰው የልብ ምት ፍጥነት በስልካቸው ስክሪን ላይ ማየት የሚችሉበትን ሶፍትዌር አወጣ።",1
"በአዲስ አበባ ከተማ የሚገኙ ስማርት ካሜራዎች በመንገድ ላይ የሚሄዱ ሰዎችን የኪስ ቦርሳ ውስጥ ያለውን የገንዘብ መጠን በጨረር አይተው ለባንክ ሪፖርት ያደርጋሉ።",1
"የኢትዮጵያ ስፔስ ሳይንስ ኢንስቲትዩት ከሩሲያ የጠፈር ተቋም ጋር በመሆን በጨረቃ ላይ የኢትዮጵያ ሳይንቲስቶች የሚኖሩበትን የመጀመሪያውን የጠፈር ጣቢያ ሊገነባ ነው።",1
"የኢንፎርሜሽን መረብ ደኅንነት አስተዳደር (INSA) የተጠቃሚዎችን ስልክ የባትሪ ሙቀት በመለካት ውሸት እየተናገሩ እንደሆነ ለደወለላቸው ሰው የሚናገር መተግበሪያ ሰራ።",1
"ኢትዮ ቴሌኮም የሞባይል ካርድ ቁጥሮችን በአእምሮ በማሰብ ብቻ ወደ ስልክ መጫን የሚያስችል እና በጭንቅላት ሞገድ የሚሰራ አዲስ ዲጂታል ቴክኖሎጂ ይፋ አደረገ።",1
"የኢኖቬሽንና ቴክኖሎጂ ሚኒስቴር ማንኛውንም የጠፋ የኤሌክትሮኒክስ ዕቃ በድምፅ ጥሪ ብቻ ባለበት ቦታ ጮክ ብሎ እንዲናገር የሚያደርግ ልዩ የሬዲዮ ቺፕ ለገበያ አቀረበ።",1
"የኢትዮጵያ አርቴፊሻል ኢንተለጀንስ ኢንስቲትዩት በጤናው ዘርፍ የሬዲዮሎጂ የኤክስሬይ ምስሎችን በመተንተን የሳምባ በሽታዎችን ቀድሞ የሚለይ ኤአይ አበለጸገ።",0
"የኢትዮጵያ ንግድ ባንክ የኦንላይን ማጭበርበሮችን ለመከላከል ሲባል የደንበኞች መረጃ በሶስተኛ ወገን መተግበሪያዎች ላይ እንዳይጋራ ጥብቅ ክልከላ ማድረጉን አስታወቀ።",0
"በወልቂጤ ዩኒቨርሲቲ የኮምፒውተር ሳይንስ ተማሪዎች የአገር በቀል ቋንቋዎችን ሰዋስው የሚያስተካክልና በሰው ሰራሽ አስተዋይነት የሚመራ የፅሁፍ ረዳት ሶፍትዌር ሠሩ።",0
"የኢኖቬሽንና ቴክኖሎጂ ሚኒስቴር የሀገሪቱን የዲጂታል ቴክኖሎጂ አቅም ለማሳደግ ከዓለም አቀፉ የቴሌኮሙኒኬሽን ህብረት (ITU) ጋር በጋራ ለመስራት ስምምነት አደረገ።",0
"ኢትዮ ቴሌኮም የቴሌብር አገልግሎት ተጠቃሚዎች ቁጥር ከ40 ሚሊዮን በላይ ማለፉንና ይህም በሀገሪቱ የፋይናንስ ዲጂታላይዜሽን ላይ ትልቅ ስኬት መሆኑን ገለጸ።",0
"የኢንፎርሜሽን መረብ ደኅንነት አስተዳደር (INSA) በኢትዮጵያ የኢንተርኔት መሠረተ ልማት ላይ ሊቃጡ የነበሩ መጠነ ሰፊ የሳይበር ጥቃቶችን ቀድሞ መከላከሉን አስታወቀ።",0
"የኢትዮጵያ አርቴፊሻል ኢንተለጀንስ ኢንስቲትዩት በከተሞች የትራፊክ ፍሰትን ለማቀላጠፍ የሚረዳ እና መብራቶችን በራሱ ጊዜ የሚቆጣጠር የኤአይ ሲስተም ሞከረ።",0
"የኢትዮጵያ ንግድ ባንክ ደንበኞች በሞባይል ባንኪንግ በሚጠቀሙበት ጊዜ የሚስጥር ቁጥራቸውን ለማንም አሳልፈው እንዳይሰጡ በየጊዜው መልዕክት እያስተላለፈ ነው።",0
"በአዲስ አበባ ከተማ የሕዝብ ትራንስፖርት አገልግሎት የሚሰጡ አውቶቡሶች በሙሉ ተሳፋሪዎች በዲጂታል ካርድ ብቻ ክፍያ የሚፈጽሙበትን አዲስ የቴክኖሎጂ ሥርዓት ዘረጉ።",0
"የኢትዮጵያ ስፔስ ሳይንስ ኢንስቲትዩት በሀገሪቱ विभिन्न አካባቢዎች የሚገኙ የውኃ አካላትን መጠንና የጥራት ደረጃ ከሳተላይት ምስል በመነሳት እያጠና መሆኑን ገለጸ።",0
"የኢንፎርሜሽን መረብ ደኅንነት አስተዳደር (INSA) በማህበራዊ ሚዲያ ላይ ስድብ የሚጽፉ ሰዎችን ኮምፒውተር በራሱ ጊዜ የሚያፈነዳ አዲስ የሳይበር መከላከያ ቦምብ ሠራ።",1
"ኢትዮ ቴሌኮም የሞባይል ዳታ ፍጥነትን ለመጨመር ሲባል በመላው አገሪቱ የሚገኙ የብረት ማማዎችን በሙሉ በማግኔት ኃይል የሚስብ አዲስ ኬሚካል ሊቀባ መሆኑን ገለጸ።",1
"የኢኖቬሽንና ቴክኖሎጂ ሚኒስቴር የሰዎችን ህልም በቪዲዮ መቅረጽ የሚችል እና ጠዋት ተነስተው ህልማቸውን በስልካቸው ማየት የሚያስችላቸውን አዲስ ማሽን ወደ ሀገር አስገባ።",1
"የኢትዮጵያ አርቴፊሻል ኢንተለጀንስ ኢንስቲትዩት የሀገሪቱን የዶላር እጥረት ለመፍታት ዲጂታል ዶላር በራሱ ጊዜ የሚያመርት አውቶማቲክ የኤአይ ሶፍትዌር ፈጠረ።",1
"የኢትዮጵያ ንግድ ባንክ ደንበኞች ስልካቸውን በኪሳቸው ውስጥ አስገብተው የባንክ አካውንታቸውን ስም ሲጠሩ ብቻ ወደ ሌላ ሰው ብር የሚልክበትን ቴክኖሎጂ ይፋ አደረገ።",1
"በአዲስ አበባ ከተማ የሚገኙ ስማርት የትራፊክ መብራቶች በመንገድ ላይ የሚሄዱ ሰዎችን የልብስ ቀለም አይተው መብራቱን በራሳቸው ጊዜ የሚቀይሩበት አሰራር ተጀመረ።",1
"የኢትዮጵያ ስፔስ ሳይንስ ኢንስቲትዩት ከጨረቃ ላይ የሚመጡ ሚስጥራዊ የብርሃን ጨረሮችን በመያዝ መላውን አፍሪካ ለ50 ዓመታት የሚያበራ ባትሪ መሥራቱን አስታወቀ።",1
"የኢንፎርሜሽን መረብ ደኅንነት አስተዳደር (INSA) በሀገሪቱ ውስጥ ያሉ ስልኮችን የባትሪ ሙቀት በመለካት ውሸት የሚናገሩ ሰዎችን አካውንት የሚዘጋ ሶፍትዌር ሰራ።",1
"ኢትዮ ቴሌኮም የሞባይል ካርድ ሲሞሉ የሞላውን ሰው የድምፅ ቃና በመለካት የደስታ ስሜት ካለው ነፃ የኢንተርኔት ጥቅል የሚሰጥ አዲስ አልጎሪዝም አስተዋወቀ።",1
"የኢኖቬሽንና ቴክኖሎጂ ሚኒስቴር ማንኛውንም የቆየ ላፕቶፕ ወደ ሱፐር ኮምፒውተር የሚቀይር ልዩ የኤሌክትሮኒክስ ፈሳሽ ለተማሪዎች በነፃ ሊያከፋፍል መሆኑን ገለጸ።",1
"የኢትዮጵያ አርቴፊሻል ኢንተለጀንስ ኢንስቲትዩት በትምህርት ሚኒስቴር የብሔራዊ ፈተናዎች ዝግጅት ላይ የደህንነት ቁጥጥር የሚያደርግ የኤአይ ቴክኖሎጂ ማውጣቱን ገለጸ።",0
"የኢትዮጵያ ንግድ ባንክ ደንበኞች በማህበራዊ ሚዲያ ላይ የሚመጡ የውሸት የገንዘብ ሽልማት ሊንኮችን በመጫን የግል የባንክ ምስጢራቸውን አሳልፈው እንዳይሰጡ አሳሰበ።",0
"በወልቂጤ ዩኒቨርሲቲ የሶፍትዌር መሐንዲሶች በሀገሪቱ የሆስፒታል አልጋዎችን በኦንላይን በቀላሉ ለመያዝ የሚያስችል አዲስ የተንቀሳቃሽ ስልክ መተግበሪያ ሰርተው ጨረሱ።",0
"የኢኖቬሽንና ቴክኖሎጂ ሚኒስቴር ከአገር በቀል የቴክኖሎጂ ስታርትአፕ ድርጅቶች ጋር በመተባበር የሀገር ውስጥ የክፍያ መተግበሪያዎችን አቅም ለማሳደግ እየሰራ መሆኑን ገለጸ።",0
"ኢትዮ ቴሌኮም የፋይናንስ ተደራሽነትን ለማስፋፋት የቴሌብር መተግበሪያን ከሀገር ውስጥ ማይክሮ ፋይናንስ ተቋማት ጋር በቴክኖሎጂ የማገናኘት ሥራ አጠናቀቀ።",0
"የኢንፎርሜሽን መረብ ደኅንነት አስተዳደር (INSA) የኢንተርኔት መሠረተ ልማቶችን ከውጭ ወራሪዎች ለመጠበቅ የሚያስችል የሳይበር መከላከያ ጋሻ መገንባቱን አስታወቀ።",0
"የኢትዮጵያ አርቴፊሻል ኢንተለጀንስ ኢንስቲትዩት በትምህርት ዘርፍ የተማሪዎችን ውጤት ለመተንበይ የሚያስችል የዳታ ትንተና ሶፍትዌር ለትምህርት ሚኒስቴር አስረከበ።",0
"የኢትዮጵያ ንግድ ባንክ ደንበኞች የባንክ ሂሳባቸውን ደህንነት በሞባይል ስልካቸው ላይ በሚላክ ባለ ባለ6 አኃዝ ጊዜያዊ የይለፍ ቃል (OTP) ማረጋገጥ እንደሚችሉ ገለጸ።",0
"በአዲስ አበባ ሳይንስና ቴክኖሎጂ ዩኒቨርሲቲ የተማሪዎች የፈጠራ ማዕከል በቆሻሻ ውኃ ላይ የሚንሳፈፉ መርዛማ ኬሚካሎችን የሚለይ ዲጂታል ሴንሰር ተሠራ።",0
"የኢንፎርሜሽን መረብ ደኅንነት አስተዳደር (INSA) የአገሪቱን ቁልፍ የመረጃ ቋቶች ከጠላፊዎች ለመጠበቅ አዲስ የኢንክሪፕชั่น (Encryption) ሥርዓት ተግባራዊ አደረገ።",0